date,prediction_date,level,code,name,label_next_level
2026-09-04,2026-09-07,1,002564,天沃科技,1
2026-09-07,2026-09-08,2,002564,天沃科技,0
2026-07-15,2026-07-16,1,000676,智度股份,1
2026-07-16,2026-07-17,2,000676,智度股份,1
2026-07-17,2026-07-20,3,000676,智度股份,0
2026-07-27,2026-07-28,1,000676,智度股份,0
2026-07-31,2026-08-03,1,000676,智度股份,0
2026-06-16,2026-06-17,1,002672,东江环保,0
2026-06-22,2026-06-23,1,002672,东江环保,1
2026-06-23,2026-06-24,2,002672,东江环保,0
2026-06-16,2026-06-17,1,002303,美盈森,0
2026-06-25,2026-06-26,1,002303,美盈森,0
2026-07-15,2026-07-16,1,002303,美盈森,0
2026-07-24,2026-07-27,1,002303,美盈森,0
2026-08-04,2026-08-05,1,002303,美盈森,0
2026-08-31,2026-09-01,1,002303,美盈森,0
2026-09-16,2026-09-17,1,002303,美盈森,0
2026-09-21,2026-09-22,1,002303,美盈森,1
2026-03-04,2026-03-05,1,002178,延华智能,0
2026-05-19,2026-05-20,1,002178,延华智能,0
2026-08-12,2026-08-13,1,002178,延华智能,0
2026-09-21,2026-09-22,1,002178,延华智能,1
2026-04-24,2026-04-27,1,002313,日海智能,0
2026-04-28,2026-04-29,1,002313,日海智能,0
2026-07-01,2026-07-02,1,002313,日海智能,0
2026-08-20,2026-08-21,1,002313,日海智能,0
2026-05-19,2026-05-20,1,000910,大亚圣象,0
2026-09-18,2026-09-21,1,000910,大亚圣象,1
2026-09-21,2026-09-22,2,000910,大亚圣象,1
2026-01-13,2026-01-14,1,600721,百花医药,0
2026-04-08,2026-04-09,1,600721,百花医药,0
2026-06-08,2026-06-09,1,600721,百花医药,0
2026-07-15,2026-07-16,1,600721,百花医药,1
2026-07-16,2026-07-17,2,600721,百花医药,0
2026-08-04,2026-08-05,1,600721,百花医药,1
2026-08-05,2026-08-06,2,600721,百花医药,1
2026-08-06,2026-08-07,3,600721,百花医药,1
2026-08-07,2026-08-10,4,600721,百花医药,1
2026-08-10,2026-08-11,5,600721,百花医药,1
2026-08-11,2026-08-12,6,600721,百花医药,1
2026-08-27,2026-08-28,1,600721,百花医药,0
2026-09-17,2026-09-18,1,600721,百花医药,0
2026-09-21,2026-09-22,1,600721,百花医药,1
2026-06-05,2026-06-08,1,603020,爱普股份,0
2026-06-09,2026-06-10,1,603020,爱普股份,0
2026-06-12,2026-06-15,1,603020,爱普股份,0
2026-06-17,2026-06-18,1,603020,爱普股份,0
2026-07-06,2026-07-07,1,603020,爱普股份,0
2026-08-10,2026-08-11,1,603020,爱普股份,0
2026-09-14,2026-09-15,1,603020,爱普股份,0
2026-09-21,2026-09-22,1,603020,爱普股份,1
2026-01-29,2026-01-30,1,000560,我爱我家,0
2026-02-04,2026-02-05,1,000560,我爱我家,0
2026-02-25,2026-02-26,1,000560,我爱我家,0
2026-08-19,2026-08-20,1,000560,我爱我家,0
2026-08-25,2026-08-26,1,000560,我爱我家,0
2026-08-28,2026-08-31,1,000560,我爱我家,1
2026-08-31,2026-09-01,2,000560,我爱我家,1
2026-09-01,2026-09-02,3,000560,我爱我家,0
2026-09-04,2026-09-07,1,000560,我爱我家,0
2026-09-08,2026-09-09,1,000560,我爱我家,0
2026-09-21,2026-09-22,1,000560,我爱我家,1
2026-05-07,2026-05-08,1,603636,南威软件,1
2026-05-08,2026-05-11,2,603636,南威软件,0
2026-05-19,2026-05-20,1,603636,南威软件,0
2026-06-10,2026-06-11,1,603636,南威软件,0
2026-09-21,2026-09-22,1,603636,南威软件,1
2025-12-30,2025-12-31,1,002757,南兴股份,1
2025-12-31,2026-01-05,2,002757,南兴股份,1
2026-01-05,2026-01-06,3,002757,南兴股份,1
2026-01-06,2026-01-07,4,002757,南兴股份,0
2026-01-08,2026-01-09,1,002757,南兴股份,0
2026-02-11,2026-02-12,1,002757,南兴股份,0
2026-04-16,2026-04-17,1,002757,南兴股份,0
2026-05-07,2026-05-08,1,002757,南兴股份,0
2026-06-10,2026-06-11,1,002757,南兴股份,0
2026-07-08,2026-07-09,1,002757,南兴股份,0
2026-08-31,2026-09-01,1,002757,南兴股份,0
2026-04-16,2026-04-17,1,001268,联合精密,0
2026-04-21,2026-04-22,1,001268,联合精密,0
2026-04-30,2026-05-06,1,001268,联合精密,0
2026-06-11,2026-06-12,1,001268,联合精密,0
2026-07-03,2026-07-06,1,001268,联合精密,0
2026-08-24,2026-08-25,1,001268,联合精密,0
2026-08-26,2026-08-27,1,001268,联合精密,0
2026-01-22,2026-01-23,1,002141,贤丰控股,0
2026-02-26,2026-02-27,1,002141,贤丰控股,0
2026-06-09,2026-06-10,1,002141,贤丰控股,0
2026-06-16,2026-06-17,1,002141,贤丰控股,1
2026-06-17,2026-06-18,2,002141,贤丰控股,1
2026-06-18,2026-06-22,3,002141,贤丰控股,0
2026-06-23,2026-06-24,1,002141,贤丰控股,0
2026-06-25,2026-06-26,1,002141,贤丰控股,1
2026-06-26,2026-06-29,2,002141,贤丰控股,0
2026-07-03,2026-07-06,1,002141,贤丰控股,1
2026-07-06,2026-07-07,2,002141,贤丰控股,0
2026-07-14,2026-07-15,1,002141,贤丰控股,1
2026-07-15,2026-07-16,2,002141,贤丰控股,0
2026-07-27,2026-07-28,1,002141,贤丰控股,0
2026-07-29,2026-07-30,1,002141,贤丰控股,0
2026-08-10,2026-08-11,1,002141,贤丰控股,0
2026-08-31,2026-09-01,1,002141,贤丰控股,0
2026-09-14,2026-09-15,1,002141,贤丰控股,0
2026-06-23,2026-06-24,1,000756,新华制药,0
2026-06-29,2026-06-30,1,000756,新华制药,0
2026-09-21,2026-09-22,1,000756,新华制药,1
2026-02-27,2026-03-02,1,001216,华瓷股份,0
2026-03-06,2026-03-09,1,001216,华瓷股份,0
2026-09-15,2026-09-16,1,001216,华瓷股份,1
2026-09-16,2026-09-17,2,001216,华瓷股份,1
2026-09-17,2026-09-18,3,001216,华瓷股份,1
2026-09-18,2026-09-21,4,001216,华瓷股份,1
2026-09-21,2026-09-22,5,001216,华瓷股份,1
2026-04-27,2026-04-28,1,600418,江淮汽车,0
2026-07-09,2026-07-10,1,600418,江淮汽车,0
2026-07-30,2026-07-31,1,600418,江淮汽车,0
2025-12-29,2025-12-30,1,603216,梦天家居,1
2025-12-30,2025-12-31,2,603216,梦天家居,0
2026-01-16,2026-01-19,1,603216,梦天家居,0
2026-04-09,2026-04-10,1,603216,梦天家居,0
2026-04-15,2026-04-16,1,603216,梦天家居,0
2026-05-13,2026-05-14,1,603216,梦天家居,0
2026-08-31,2026-09-01,1,603216,梦天家居,0
2026-09-02,2026-09-03,1,603216,梦天家居,0
2026-04-08,2026-04-09,1,600641,先导基电,0
2026-04-17,2026-04-20,1,600641,先导基电,0
2026-04-22,2026-04-23,1,600641,先导基电,0
2026-06-09,2026-06-10,1,600641,先导基电,0
2026-06-30,2026-07-01,1,600641,先导基电,1
2026-07-01,2026-07-02,2,600641,先导基电,1
2026-07-02,2026-07-03,3,600641,先导基电,0
2026-07-21,2026-07-22,1,600641,先导基电,0
2026-08-07,2026-08-10,1,600641,先导基电,1
2026-08-10,2026-08-11,2,600641,先导基电,0
2026-08-12,2026-08-13,1,600641,先导基电,0
2026-08-27,2026-08-28,1,600641,先导基电,0
2026-09-17,2026-09-18,1,600641,先导基电,0
2026-01-21,2026-01-22,1,002614,奥佳华,0
2026-09-21,2026-09-22,1,002614,奥佳华,1
2026-01-12,2026-01-13,1,605398,新炬网络,0
2026-02-27,2026-03-02,1,605398,新炬网络,0
2026-06-01,2026-06-02,1,605398,新炬网络,0
2026-06-04,2026-06-05,1,605398,新炬网络,0
2026-09-03,2026-09-04,1,605398,新炬网络,1
2026-09-04,2026-09-07,2,605398,新炬网络,0
2026-08-04,2026-08-05,1,002912,中新赛克,0
2026-09-10,2026-09-11,1,002912,中新赛克,1
2026-09-11,2026-09-14,2,002912,中新赛克,1
2026-09-14,2026-09-15,3,002912,中新赛克,1
2026-09-15,2026-09-16,4,002912,中新赛克,0
2026-04-07,2026-04-08,1,600664,哈药股份,0
2026-04-14,2026-04-15,1,600664,哈药股份,1
2026-04-15,2026-04-16,2,600664,哈药股份,0
2026-07-10,2026-07-13,1,600664,哈药股份,1
2026-07-13,2026-07-14,2,600664,哈药股份,1
2026-07-14,2026-07-15,3,600664,哈药股份,1
2026-07-15,2026-07-16,4,600664,哈药股份,1
2026-07-16,2026-07-17,5,600664,哈药股份,0
2026-07-21,2026-07-22,1,600664,哈药股份,0
2026-08-07,2026-08-10,1,600664,哈药股份,1
2026-08-10,2026-08-11,2,600664,哈药股份,1
2026-08-11,2026-08-12,3,600664,哈药股份,0
2026-09-21,2026-09-22,1,600664,哈药股份,1
2026-04-22,2026-04-23,1,603903,中持股份,0
2026-05-14,2026-05-15,1,603903,中持股份,0
2026-06-04,2026-06-05,1,603903,中持股份,0
2026-06-26,2026-06-29,1,603903,中持股份,0
2026-07-06,2026-07-07,1,603903,中持股份,0
2026-08-13,2026-08-14,1,603903,中持股份,0
2026-06-08,2026-06-09,1,001317,三羊马,0
2026-07-02,2026-07-03,1,001317,三羊马,1
2026-07-03,2026-07-06,2,001317,三羊马,0
2026-07-15,2026-07-16,1,001317,三羊马,0
2026-07-27,2026-07-28,1,001317,三羊马,0
2026-09-18,2026-09-21,1,001317,三羊马,1
2026-09-21,2026-09-22,2,001317,三羊马,1
2026-04-22,2026-04-23,1,001234,泰慕士,1
2026-04-23,2026-04-24,2,001234,泰慕士,1
2026-04-24,2026-04-27,3,001234,泰慕士,0
2026-09-21,2026-09-22,1,001234,泰慕士,1
2026-01-14,2026-01-15,1,002290,禾盛新材,0
2026-01-21,2026-01-22,1,002290,禾盛新材,0
2026-03-10,2026-03-11,1,002290,禾盛新材,0
2026-04-24,2026-04-27,1,002290,禾盛新材,0
2026-05-06,2026-05-07,1,002290,禾盛新材,0
2026-05-13,2026-05-14,1,002290,禾盛新材,0
2026-06-30,2026-07-01,1,002290,禾盛新材,0
2026-09-07,2026-09-08,1,002290,禾盛新材,0
2026-07-24,2026-07-27,1,603068,博通集成,0
2026-07-29,2026-07-30,1,603068,博通集成,0
2026-08-31,2026-09-01,1,603068,博通集成,0
2026-09-18,2026-09-21,1,603068,博通集成,1
2026-09-21,2026-09-22,2,603068,博通集成,1
2026-05-07,2026-05-08,1,605218,伟时电子,0
2026-05-18,2026-05-19,1,605218,伟时电子,1
2026-05-19,2026-05-20,2,605218,伟时电子,0
2025-12-18,2025-12-19,1,603221,爱丽家居,0
2026-01-05,2026-01-06,1,603221,爱丽家居,0
2026-07-06,2026-07-07,1,603221,爱丽家居,0
2026-07-21,2026-07-22,1,603221,爱丽家居,1
2026-07-22,2026-07-23,2,603221,爱丽家居,1
2026-07-23,2026-07-24,3,603221,爱丽家居,1
2026-07-24,2026-07-27,4,603221,爱丽家居,1
2026-07-27,2026-07-28,5,603221,爱丽家居,1
2026-07-28,2026-07-29,6,603221,爱丽家居,1
2026-08-18,2026-08-19,2,603221,爱丽家居,0
2026-09-01,2026-09-02,1,603221,爱丽家居,0
2026-07-02,2026-07-03,1,603580,艾艾精工,1
2026-07-03,2026-07-06,2,603580,艾艾精工,0
2026-07-14,2026-07-15,1,603580,艾艾精工,1
2026-07-15,2026-07-16,2,603580,艾艾精工,1
2026-07-16,2026-07-17,3,603580,艾艾精工,1
2026-07-17,2026-07-20,4,603580,艾艾精工,0
2026-07-22,2026-07-23,1,603580,艾艾精工,0
2026-07-24,2026-07-27,1,603580,艾艾精工,0
2026-07-28,2026-07-29,1,603580,艾艾精工,1
2026-07-29,2026-07-30,2,603580,艾艾精工,0
2026-08-04,2026-08-05,1,603580,艾艾精工,0
2026-08-10,2026-08-11,1,603580,艾艾精工,0
2026-08-17,2026-08-18,1,603580,艾艾精工,1
2026-08-18,2026-08-19,2,603580,艾艾精工,0
2026-08-20,2026-08-21,1,603580,艾艾精工,0
2026-08-27,2026-08-28,1,603580,艾艾精工,0
2026-09-08,2026-09-09,1,603580,艾艾精工,0
2026-09-21,2026-09-22,1,603580,艾艾精工,1
2026-07-22,2026-07-23,1,603893,瑞芯微,0
2026-08-31,2026-09-01,1,603893,瑞芯微,0
2026-07-28,2026-07-29,1,605179,一鸣食品,1
2026-07-29,2026-07-30,2,605179,一鸣食品,1
2026-07-30,2026-07-31,3,605179,一鸣食品,1
2026-07-31,2026-08-03,4,605179,一鸣食品,1
2026-08-03,2026-08-04,5,605179,一鸣食品,0
2026-08-10,2026-08-11,1,605179,一鸣食品,1
2026-08-11,2026-08-12,2,605179,一鸣食品,1
2026-08-12,2026-08-13,3,605179,一鸣食品,1
2026-08-13,2026-08-14,4,605179,一鸣食品,0
2026-08-17,2026-08-18,1,605179,一鸣食品,1
2026-08-18,2026-08-19,2,605179,一鸣食品,0
2026-09-01,2026-09-02,1,605179,一鸣食品,0
2026-03-18,2026-03-19,1,605058,澳弘电子,0
2026-06-15,2026-06-16,1,605058,澳弘电子,0
2026-09-11,2026-09-14,1,605058,澳弘电子,1
2026-09-14,2026-09-15,2,605058,澳弘电子,1
2026-09-15,2026-09-16,3,605058,澳弘电子,1
2026-09-16,2026-09-17,4,605058,澳弘电子,1
2026-09-17,2026-09-18,5,605058,澳弘电子,0
2026-03-31,2026-04-01,1,603039,XD泛微网络,0
2026-06-01,2026-06-02,1,603039,XD泛微网络,0
2026-06-09,2026-06-10,1,603039,XD泛微网络,0
2026-07-30,2026-07-31,1,603039,XD泛微网络,1
2026-07-31,2026-08-03,2,603039,XD泛微网络,0
2026-08-06,2026-08-07,1,603039,XD泛微网络,0
2026-04-09,2026-04-10,1,601811,新华文轩,0
2026-09-18,2026-09-21,1,601811,新华文轩,1
2026-09-21,2026-09-22,2,601811,新华文轩,1
2026-02-24,2026-02-25,1,605178,时空科技,1
2026-02-25,2026-02-26,2,605178,时空科技,0
2026-04-09,2026-04-10,1,605178,时空科技,0
2026-06-25,2026-06-26,1,605178,时空科技,0
2026-06-29,2026-06-30,1,605178,时空科技,0
2026-07-01,2026-07-02,1,605178,时空科技,0
2026-07-10,2026-07-13,1,605178,时空科技,0
2026-07-31,2026-08-03,1,605178,时空科技,0
2026-08-05,2026-08-06,1,605178,时空科技,0
2026-04-08,2026-04-09,1,605258,协和电子,0
2026-05-07,2026-05-08,1,605258,协和电子,0
2026-08-27,2026-08-28,1,605258,协和电子,0
2026-09-11,2026-09-14,1,605258,协和电子,0
2026-07-15,2026-07-16,1,000504,南华生物,1
2026-07-16,2026-07-17,2,000504,南华生物,0
2026-09-17,2026-09-18,1,000504,南华生物,1
2026-09-18,2026-09-21,2,000504,南华生物,1
2026-09-21,2026-09-22,3,000504,南华生物,1
2025-12-29,2025-12-30,1,001266,宏英智能,1
2025-12-30,2025-12-31,2,001266,宏英智能,1
2025-12-31,2026-01-05,3,001266,宏英智能,0
2026-02-09,2026-02-10,1,001266,宏英智能,0
2026-04-28,2026-04-29,1,001266,宏英智能,1
2026-04-29,2026-04-30,2,001266,宏英智能,0
2026-05-20,2026-05-21,1,001266,宏英智能,0
2026-06-16,2026-06-17,1,001266,宏英智能,0
2026-08-04,2026-08-05,1,001266,宏英智能,0
2026-01-13,2026-01-14,1,001260,坤泰股份,0
2026-01-15,2026-01-16,1,001260,坤泰股份,0
2026-03-12,2026-03-13,1,001260,坤泰股份,0
2026-08-12,2026-08-13,1,001260,坤泰股份,1
2026-08-13,2026-08-14,2,001260,坤泰股份,1
2026-08-14,2026-08-17,3,001260,坤泰股份,0
2026-01-05,2026-01-06,1,603598,引力传媒,1
2026-01-06,2026-01-07,2,603598,引力传媒,1
2026-01-07,2026-01-08,3,603598,引力传媒,0
2026-01-09,2026-01-12,1,603598,引力传媒,1
2026-01-12,2026-01-13,2,603598,引力传媒,1
2026-01-13,2026-01-14,3,603598,引力传媒,0
2026-01-30,2026-02-02,1,603598,引力传媒,0
2026-02-09,2026-02-10,1,603598,引力传媒,1
2026-02-10,2026-02-11,2,603598,引力传媒,0
2026-04-08,2026-04-09,1,603598,引力传媒,0
2026-05-07,2026-05-08,1,603598,引力传媒,0
2026-05-15,2026-05-18,1,603598,引力传媒,0
2026-06-01,2026-06-02,1,603598,引力传媒,0
2026-07-31,2026-08-03,1,603598,引力传媒,0
2026-03-25,2026-03-26,1,600815,厦工股份,0
2026-04-08,2026-04-09,1,600815,厦工股份,0
2026-04-13,2026-04-14,1,600815,厦工股份,0
2026-04-22,2026-04-23,1,600815,厦工股份,0
2026-04-27,2026-04-28,1,600815,厦工股份,0
2026-05-07,2026-05-08,1,600815,厦工股份,0
2026-07-02,2026-07-03,1,600815,厦工股份,0
2026-07-23,2026-07-24,1,600815,厦工股份,0
2026-08-03,2026-08-04,1,600815,厦工股份,0
2026-08-10,2026-08-11,1,600815,厦工股份,0
2026-08-14,2026-08-17,1,600815,厦工股份,0
2026-08-28,2026-08-31,1,600815,厦工股份,0
2026-08-26,2026-08-27,1,600479,千金药业,1
2026-08-27,2026-08-28,2,600479,千金药业,1
2026-08-28,2026-08-31,3,600479,千金药业,0
2026-09-01,2026-09-02,1,600479,千金药业,0
2026-09-03,2026-09-04,1,600479,千金药业,0
2026-04-23,2026-04-24,1,002301,齐心集团,0
2026-06-15,2026-06-16,1,002301,齐心集团,0
2026-01-12,2026-01-13,1,601949,中国出版,0
2026-09-04,2026-09-07,1,601949,中国出版,1
2026-09-07,2026-09-08,2,601949,中国出版,1
2026-09-08,2026-09-09,3,601949,中国出版,0
2026-09-16,2026-09-17,1,603230,内蒙新华,1
2026-09-17,2026-09-18,2,603230,内蒙新华,1
2026-09-18,2026-09-21,3,603230,内蒙新华,1
2026-09-21,2026-09-22,4,603230,内蒙新华,1
2026-01-07,2026-01-08,1,600403,大有能源,0
2026-01-20,2026-01-21,1,600403,大有能源,0
2026-01-22,2026-01-23,1,600403,大有能源,0
2026-02-04,2026-02-05,1,600403,大有能源,0
2026-03-03,2026-03-04,1,600403,大有能源,0
2026-06-01,2026-06-02,1,600403,大有能源,1
2026-06-02,2026-06-03,2,600403,大有能源,1
2026-06-03,2026-06-04,3,600403,大有能源,1
2026-06-04,2026-06-05,4,600403,大有能源,1
2026-06-05,2026-06-08,5,600403,大有能源,1
2026-06-08,2026-06-09,6,600403,大有能源,0
2026-07-14,2026-07-15,1,600403,大有能源,1
2026-07-15,2026-07-16,2,600403,大有能源,0
2026-07-20,2026-07-21,1,600403,大有能源,0
2026-07-22,2026-07-23,1,600403,大有能源,0
2026-08-06,2026-08-07,1,600403,大有能源,0
2026-08-19,2026-08-20,1,600403,大有能源,0
2026-08-24,2026-08-25,1,600403,大有能源,0
2026-09-09,2026-09-10,1,600403,大有能源,0
2026-01-05,2026-01-06,1,002259,升达林业,0
2026-01-29,2026-01-30,1,002259,升达林业,0
2026-04-17,2026-04-20,1,002259,升达林业,0
2026-05-08,2026-05-11,1,002259,升达林业,0
2026-08-25,2026-08-26,1,002259,升达林业,0
2026-09-21,2026-09-22,1,002259,升达林业,1
2026-01-21,2026-01-22,1,600770,综艺股份,1
2026-01-22,2026-01-23,2,600770,综艺股份,0
2026-04-23,2026-04-24,1,600770,综艺股份,1
2026-04-24,2026-04-27,2,600770,综艺股份,0
2026-04-28,2026-04-29,1,600770,综艺股份,0
2026-05-06,2026-05-07,1,600770,综艺股份,0
2026-07-09,2026-07-10,1,600770,综艺股份,0
2026-09-07,2026-09-08,1,600770,综艺股份,0
2026-02-03,2026-02-04,1,002238,天威视讯,0
2026-02-05,2026-02-06,1,002467,二六三,0
2026-03-10,2026-03-11,1,002467,二六三,0
2026-03-16,2026-03-17,1,002467,二六三,0
2026-03-25,2026-03-26,1,002467,二六三,0
2026-04-13,2026-04-14,1,002467,二六三,0
2026-07-08,2026-07-09,1,002467,二六三,0
2026-01-23,2026-01-26,1,000607,华媒控股,0
2026-01-29,2026-01-30,1,000607,华媒控股,0
2026-09-21,2026-09-22,1,000607,华媒控股,1
2026-07-02,2026-07-03,1,000595,新能股份,1
2026-07-03,2026-07-06,2,000595,新能股份,0
2026-07-22,2026-07-23,1,000595,新能股份,1
2026-07-23,2026-07-24,2,000595,新能股份,1
2026-07-24,2026-07-27,3,000595,新能股份,0
2026-07-31,2026-08-03,1,000595,新能股份,1
2026-08-03,2026-08-04,2,000595,新能股份,1
2026-08-04,2026-08-05,3,000595,新能股份,0
2026-05-22,2026-05-25,1,600503,华丽家族,1
2026-05-25,2026-05-26,2,600503,华丽家族,0
2026-06-01,2026-06-02,1,600503,华丽家族,0
2026-09-21,2026-09-22,1,600503,华丽家族,1
2026-04-07,2026-04-08,1,600743,华远控股,1
2026-04-08,2026-04-09,2,600743,华远控股,1
2026-04-09,2026-04-10,3,600743,华远控股,1
2026-04-10,2026-04-13,4,600743,华远控股,1
2026-04-13,2026-04-14,5,600743,华远控股,1
2026-04-14,2026-04-15,6,600743,华远控股,0
2026-06-23,2026-06-24,1,600743,华远控股,0
2026-09-21,2026-09-22,1,600743,华远控股,1
2026-03-06,2026-03-09,1,600825,新华传媒,0
2026-06-08,2026-06-09,1,600825,新华传媒,0
2026-07-01,2026-07-02,1,600825,新华传媒,0
2026-09-21,2026-09-22,1,600825,新华传媒,1
2026-01-21,2026-01-22,1,603655,朗博科技,0
2026-02-05,2026-02-06,1,603655,朗博科技,0
2026-04-24,2026-04-27,1,603655,朗博科技,0
2026-08-07,2026-08-10,1,603655,朗博科技,0
2026-08-11,2026-08-12,1,603655,朗博科技,0
2026-03-27,2026-03-30,1,002755,奥赛康,0
2026-09-21,2026-09-22,1,002755,奥赛康,0
2026-04-08,2026-04-09,1,600356,恒丰纸业,0
2026-08-10,2026-08-11,1,600356,恒丰纸业,0
2026-09-17,2026-09-18,1,600356,恒丰纸业,0
2026-01-12,2026-01-13,1,000066,中国长城,0
2026-01-21,2026-01-22,1,000066,中国长城,0
2026-03-09,2026-03-10,1,000066,中国长城,0
2026-04-30,2026-05-06,1,000066,中国长城,1
2026-05-06,2026-05-07,2,000066,中国长城,1
2026-05-07,2026-05-08,3,000066,中国长城,0
2026-07-06,2026-07-07,1,000066,中国长城,0
2026-01-21,2026-01-22,1,001389,广合科技,1
2026-01-22,2026-01-23,2,001389,广合科技,0
2026-02-26,2026-02-27,1,001389,广合科技,0
2026-03-10,2026-03-11,1,001389,广合科技,0
2026-03-18,2026-03-19,1,001389,广合科技,0
2026-04-08,2026-04-09,1,001389,广合科技,0
2026-04-17,2026-04-20,1,001389,广合科技,0
2026-05-06,2026-05-07,1,001389,广合科技,0
2026-05-11,2026-05-12,1,001389,广合科技,0
2026-06-26,2026-06-29,1,001389,广合科技,0
2026-07-14,2026-07-15,1,001389,广合科技,0
2026-07-21,2026-07-22,1,001389,广合科技,0
2026-09-07,2026-09-08,1,001389,广合科技,0
2026-09-21,2026-09-22,1,001389,广合科技,0
2025-12-29,2025-12-30,1,000048,京基智农,0
2026-01-20,2026-01-21,1,000048,京基智农,1
2026-01-21,2026-01-22,2,000048,京基智农,0
2026-03-18,2026-03-19,1,000048,京基智农,0
2026-03-30,2026-03-31,1,000048,京基智农,0
2026-06-01,2026-06-02,1,000048,京基智农,0
2026-06-09,2026-06-10,1,000048,京基智农,1
2026-06-10,2026-06-11,2,000048,京基智农,1
2026-06-11,2026-06-12,3,000048,京基智农,0
2026-06-16,2026-06-17,1,000048,京基智农,0
2026-06-22,2026-06-23,1,000048,京基智农,0
2026-06-25,2026-06-26,1,000048,京基智农,0
2026-07-10,2026-07-13,1,000048,京基智农,0
2026-07-21,2026-07-22,1,000048,京基智农,0
2026-07-31,2026-08-03,1,000048,京基智农,0
2026-08-04,2026-08-05,1,000048,京基智农,0
2026-08-12,2026-08-13,1,000048,京基智农,0
2026-09-10,2026-09-11,1,000048,京基智农,0
2026-01-29,2026-01-30,1,600722,金牛化工,0
2026-02-06,2026-02-09,1,600722,金牛化工,1
2026-02-09,2026-02-10,2,600722,金牛化工,0
2026-02-11,2026-02-12,1,600722,金牛化工,0
2026-02-24,2026-02-25,1,600722,金牛化工,0
2026-03-02,2026-03-03,1,600722,金牛化工,1
2026-03-03,2026-03-04,2,600722,金牛化工,0
2026-03-06,2026-03-09,1,600722,金牛化工,0
2026-03-11,2026-03-12,1,600722,金牛化工,1
2026-03-12,2026-03-13,2,600722,金牛化工,1
2026-03-13,2026-03-16,3,600722,金牛化工,0
2026-04-07,2026-04-08,1,600722,金牛化工,0
2026-06-11,2026-06-12,1,600722,金牛化工,0
2026-07-17,2026-07-20,1,600722,金牛化工,1
2026-07-20,2026-07-21,2,600722,金牛化工,0
2026-07-22,2026-07-23,1,600722,金牛化工,1
2026-07-23,2026-07-24,2,600722,金牛化工,0
2026-07-29,2026-07-30,1,600722,金牛化工,0
2026-08-10,2026-08-11,1,600722,金牛化工,0
2026-08-18,2026-08-19,1,600722,金牛化工,0
2026-08-28,2026-08-31,1,600722,金牛化工,1
2026-08-31,2026-09-01,2,600722,金牛化工,0
2026-09-08,2026-09-09,1,600722,金牛化工,0
2026-01-12,2026-01-13,1,600640,国脉文化,0
2026-05-18,2026-05-19,1,600640,国脉文化,0
2026-09-18,2026-09-21,1,600640,国脉文化,0
2026-02-04,2026-02-05,1,002129,TCL中环,0
2026-02-09,2026-02-10,1,002129,TCL中环,0
2026-05-27,2026-05-28,1,002129,TCL中环,0
2026-06-09,2026-06-10,1,002129,TCL中环,0
2026-06-26,2026-06-29,1,002129,TCL中环,0
2026-07-07,2026-07-08,1,002129,TCL中环,0
2026-01-22,2026-01-23,1,002815,崇达技术,0
2026-06-15,2026-06-16,1,002815,崇达技术,0
2026-07-06,2026-07-07,1,002815,崇达技术,0
2026-07-09,2026-07-10,1,002815,崇达技术,0
2026-09-07,2026-09-08,1,002815,崇达技术,0
2026-09-11,2026-09-14,1,002815,崇达技术,0
2026-08-18,2026-08-19,1,605577,龙版传媒,0
2026-08-31,2026-09-01,1,605577,龙版传媒,1
2026-09-01,2026-09-02,2,605577,龙版传媒,1
2026-09-02,2026-09-03,3,605577,龙版传媒,1
2026-09-03,2026-09-04,4,605577,龙版传媒,1
2026-09-04,2026-09-07,5,605577,龙版传媒,1
2026-09-07,2026-09-08,6,605577,龙版传媒,0
2026-09-17,2026-09-18,1,605577,龙版传媒,0
2026-08-06,2026-08-07,1,600272,开开实业,1
2026-08-07,2026-08-10,2,600272,开开实业,1
2026-08-10,2026-08-11,3,600272,开开实业,1
2026-08-11,2026-08-12,4,600272,开开实业,1
2026-08-12,2026-08-13,5,600272,开开实业,0
2026-08-14,2026-08-17,1,600272,开开实业,0
2026-08-18,2026-08-19,1,600272,开开实业,0
2026-08-24,2026-08-25,1,600272,开开实业,0
2026-08-26,2026-08-27,1,600272,开开实业,0
2026-09-01,2026-09-02,1,600272,开开实业,0
2026-02-26,2026-02-27,1,600540,新赛股份,0
2026-04-30,2026-05-06,1,600540,新赛股份,0
2026-06-01,2026-06-02,1,600540,新赛股份,0
2026-08-03,2026-08-04,1,600540,新赛股份,0
2026-08-27,2026-08-28,1,600540,新赛股份,1
2026-08-28,2026-08-31,2,600540,新赛股份,1
2026-08-31,2026-09-01,3,600540,新赛股份,1
2026-09-01,2026-09-02,4,600540,新赛股份,1
2026-09-02,2026-09-03,5,600540,新赛股份,0
2026-09-07,2026-09-08,1,600540,新赛股份,0
2026-09-09,2026-09-10,1,600540,新赛股份,0
2026-06-01,2026-06-02,1,003030,祖名股份,0
2026-06-10,2026-06-11,1,003030,祖名股份,0
2026-07-02,2026-07-03,1,003030,祖名股份,0
2026-07-13,2026-07-14,1,003030,祖名股份,0
2026-07-27,2026-07-28,1,003030,祖名股份,0
2026-08-28,2026-08-31,1,003030,祖名股份,0
2026-01-21,2026-01-22,1,603256,宏和科技,1
2026-01-22,2026-01-23,2,603256,宏和科技,0
2026-01-28,2026-01-29,1,603256,宏和科技,0
2026-02-11,2026-02-12,1,603256,宏和科技,1
2026-02-12,2026-02-13,2,603256,宏和科技,0
2026-02-24,2026-02-25,1,603256,宏和科技,0
2026-03-30,2026-03-31,1,603256,宏和科技,0
2026-04-13,2026-04-14,1,603256,宏和科技,1
2026-04-14,2026-04-15,2,603256,宏和科技,0
2026-04-29,2026-04-30,1,603256,宏和科技,0
2026-05-06,2026-05-07,1,603256,宏和科技,1
2026-05-07,2026-05-08,2,603256,宏和科技,0
2026-05-22,2026-05-25,1,603256,宏和科技,1
2026-05-25,2026-05-26,2,603256,宏和科技,0
2026-05-28,2026-05-29,1,603256,宏和科技,0
2026-06-09,2026-06-10,1,603256,宏和科技,0
2026-06-15,2026-06-16,1,603256,宏和科技,1
2026-06-16,2026-06-17,2,603256,宏和科技,0
2026-07-21,2026-07-22,1,603256,宏和科技,0
2026-07-27,2026-07-28,1,603256,宏和科技,0
2026-08-05,2026-08-06,1,603256,宏和科技,0
2025-12-29,2025-12-30,1,603353,和顺石油,0
2026-01-14,2026-01-15,1,603353,和顺石油,0
2026-01-26,2026-01-27,1,603353,和顺石油,0
2026-02-27,2026-03-02,1,603353,和顺石油,1
2026-03-02,2026-03-03,2,603353,和顺石油,1
2026-03-03,2026-03-04,3,603353,和顺石油,0
2026-03-11,2026-03-12,1,603353,和顺石油,0
2026-04-02,2026-04-03,1,603353,和顺石油,0
2026-04-07,2026-04-08,1,603353,和顺石油,0
2026-04-29,2026-04-30,1,603353,和顺石油,0
2026-05-06,2026-05-07,1,603353,和顺石油,0
2026-05-20,2026-05-21,1,603353,和顺石油,0
2026-05-26,2026-05-27,1,603353,和顺石油,0
2026-05-28,2026-05-29,1,603353,和顺石油,0
2026-07-01,2026-07-02,1,603353,和顺石油,0
2026-09-08,2026-09-09,1,603353,和顺石油,0
2026-09-15,2026-09-16,1,603353,和顺石油,0
2026-09-18,2026-09-21,1,603353,和顺石油,0
2026-01-05,2026-01-06,1,603341,龙旗科技,0
2026-06-01,2026-06-02,1,603341,龙旗科技,0
2026-07-27,2026-07-28,1,003032,传智教育,1
2026-07-28,2026-07-29,2,003032,传智教育,1
2026-07-29,2026-07-30,3,003032,传智教育,1
2026-07-30,2026-07-31,4,003032,传智教育,1
2026-07-31,2026-08-03,5,003032,传智教育,1
2026-08-03,2026-08-04,6,003032,传智教育,1
2026-08-12,2026-08-13,1,003032,传智教育,0
2026-02-10,2026-02-11,1,603960,克来机电,0
2026-02-13,2026-02-24,1,603960,克来机电,0
2026-05-22,2026-05-25,1,603960,克来机电,0
2026-09-17,2026-09-18,1,603960,克来机电,0
2026-09-15,2026-09-16,1,603266,天龙股份,0
2026-06-15,2026-06-16,1,002106,莱宝高科,0
2026-06-26,2026-06-29,1,002106,莱宝高科,0
2026-06-30,2026-07-01,1,002106,莱宝高科,0
2026-04-21,2026-04-22,1,002338,奥普光电,0
2026-07-28,2026-07-29,1,002338,奥普光电,0
2025-12-29,2025-12-30,1,605168,三人行,0
2026-03-25,2026-03-26,1,605168,三人行,0
2026-04-20,2026-04-21,1,605168,三人行,0
2026-04-28,2026-04-29,1,605168,三人行,1
2026-04-29,2026-04-30,2,605168,三人行,0
2026-05-07,2026-05-08,1,605168,三人行,0
2026-05-13,2026-05-14,1,605168,三人行,0
2026-06-22,2026-06-23,1,605168,三人行,0
2026-07-31,2026-08-03,1,605168,三人行,0
2026-09-07,2026-09-08,1,605168,三人行,0
2026-09-14,2026-09-15,1,605168,三人行,0
2026-04-28,2026-04-29,1,603215,比依股份,0
2026-05-15,2026-05-18,1,002164,宁波东力,0
2026-06-08,2026-06-09,1,002164,宁波东力,0
2026-08-12,2026-08-13,1,002164,宁波东力,0
2025-12-26,2025-12-29,1,603978,深圳新星,0
2026-03-12,2026-03-13,1,603978,深圳新星,0
2026-03-27,2026-03-30,1,603978,深圳新星,0
2026-05-06,2026-05-07,1,603978,深圳新星,0
2026-08-31,2026-09-01,1,603978,深圳新星,0
2026-09-02,2026-09-03,1,603978,深圳新星,0
2026-04-14,2026-04-15,1,600605,汇通能源,1
2026-04-15,2026-04-16,2,600605,汇通能源,0
2026-08-25,2026-08-26,1,600605,汇通能源,0
2026-02-26,2026-02-27,1,600237,铜峰电子,0
2026-05-28,2026-05-29,1,600237,铜峰电子,0
2026-06-04,2026-06-05,1,600237,铜峰电子,0
2026-06-15,2026-06-16,1,600237,铜峰电子,0
2026-06-17,2026-06-18,1,600237,铜峰电子,0
2026-06-25,2026-06-26,1,600237,铜峰电子,0
2026-09-11,2026-09-14,1,600237,铜峰电子,0
2026-01-13,2026-01-14,1,603355,莱克电气,0
2026-06-11,2026-06-12,1,603355,莱克电气,0
2026-07-10,2026-07-13,1,603355,莱克电气,0
2026-09-07,2026-09-08,1,603355,莱克电气,0
2026-06-10,2026-06-11,1,603160,汇顶科技,0
2026-01-12,2026-01-13,1,002443,金洲管道,0
2026-04-22,2026-04-23,1,002443,金洲管道,0
2026-08-07,2026-08-10,1,002443,金洲管道,0
2025-12-26,2025-12-29,1,002703,浙江世宝,0
2026-01-06,2026-01-07,1,002703,浙江世宝,0
2026-02-13,2026-02-24,1,002703,浙江世宝,0
2026-05-13,2026-05-14,1,002703,浙江世宝,0
2026-05-21,2026-05-22,1,002703,浙江世宝,0
2026-07-30,2026-07-31,1,002703,浙江世宝,0
2026-08-05,2026-08-06,1,002703,浙江世宝,0
2026-08-25,2026-08-26,1,002703,浙江世宝,1
2026-08-26,2026-08-27,2,002703,浙江世宝,0
2026-09-01,2026-09-02,1,002703,浙江世宝,0
2026-02-04,2026-02-05,1,600792,云煤能源,0
2026-02-24,2026-02-25,1,600792,云煤能源,0
2026-03-03,2026-03-04,1,600792,云煤能源,0
2026-03-23,2026-03-24,1,600792,云煤能源,0
2026-09-01,2026-09-02,1,600792,云煤能源,0
2026-09-08,2026-09-09,1,600792,云煤能源,1
2026-09-09,2026-09-10,2,600792,云煤能源,1
2026-09-10,2026-09-11,3,600792,云煤能源,0
2026-09-17,2026-09-18,1,600792,云煤能源,0
2026-02-03,2026-02-04,1,002957,科瑞技术,0
2026-02-06,2026-02-09,1,002957,科瑞技术,0
2026-03-03,2026-03-04,1,002957,科瑞技术,0
2026-04-07,2026-04-08,1,002957,科瑞技术,1
2026-04-08,2026-04-09,2,002957,科瑞技术,0
2026-04-13,2026-04-14,1,002957,科瑞技术,0
2026-04-17,2026-04-20,1,002957,科瑞技术,0
2026-05-25,2026-05-26,1,002957,科瑞技术,1
2026-05-26,2026-05-27,2,002957,科瑞技术,0
2026-05-28,2026-05-29,1,002957,科瑞技术,0
2026-06-02,2026-06-03,1,002957,科瑞技术,0
2026-07-31,2026-08-03,1,002957,科瑞技术,0
2026-08-04,2026-08-05,1,002957,科瑞技术,1
2026-08-05,2026-08-06,2,002957,科瑞技术,0
2026-09-07,2026-09-08,1,002957,科瑞技术,0
2026-09-16,2026-09-17,1,002957,科瑞技术,0
2026-01-29,2026-01-30,1,000029,深深房Ａ,0
2026-05-11,2026-05-12,1,000029,深深房Ａ,1
2026-05-12,2026-05-13,2,000029,深深房Ａ,0
2026-06-09,2026-06-10,1,000029,深深房Ａ,1
2026-06-10,2026-06-11,2,000029,深深房Ａ,0
2026-06-16,2026-06-17,1,000029,深深房Ａ,0
2026-08-17,2026-08-18,1,000029,深深房Ａ,0
2026-03-12,2026-03-13,1,600121,郑州煤电,1
2026-03-13,2026-03-16,2,600121,郑州煤电,0
2026-06-01,2026-06-02,1,600121,郑州煤电,1
2026-06-02,2026-06-03,2,600121,郑州煤电,1
2026-06-03,2026-06-04,3,600121,郑州煤电,0
2026-07-20,2026-07-21,1,600121,郑州煤电,0
2026-08-31,2026-09-01,1,600121,郑州煤电,1
2026-09-01,2026-09-02,2,600121,郑州煤电,0
2026-09-09,2026-09-10,1,600121,郑州煤电,0
2026-05-15,2026-05-18,1,603386,骏亚科技,0
2026-06-24,2026-06-25,1,603386,骏亚科技,0
2026-09-11,2026-09-14,1,603386,骏亚科技,0
2026-06-05,2026-06-08,1,603048,浙江黎明,0
2026-01-15,2026-01-16,1,002636,金安国纪,0
2026-01-19,2026-01-20,1,002636,金安国纪,0
2026-01-22,2026-01-23,1,002636,金安国纪,1
2026-01-23,2026-01-26,2,002636,金安国纪,0
2026-03-10,2026-03-11,1,002636,金安国纪,0
2026-03-16,2026-03-17,1,002636,金安国纪,0
2026-03-24,2026-03-25,1,002636,金安国纪,0
2026-04-09,2026-04-10,1,002636,金安国纪,0
2026-04-22,2026-04-23,1,002636,金安国纪,0
2026-05-28,2026-05-29,1,002636,金安国纪,0
2026-06-08,2026-06-09,1,002636,金安国纪,1
2026-06-09,2026-06-10,2,002636,金安国纪,1
2026-06-10,2026-06-11,3,002636,金安国纪,1
2026-06-11,2026-06-12,4,002636,金安国纪,0
2026-07-14,2026-07-15,1,002636,金安国纪,0
2026-07-27,2026-07-28,1,002636,金安国纪,0
2026-08-05,2026-08-06,1,002636,金安国纪,0
2026-08-27,2026-08-28,1,002636,金安国纪,0
2026-09-10,2026-09-11,1,002636,金安国纪,0
2026-08-12,2026-08-13,1,603289,泰瑞机器,0
2026-09-21,2026-09-22,1,603289,泰瑞机器,0
2026-01-09,2026-01-12,1,600589,大位科技,0
2026-01-14,2026-01-15,1,600589,大位科技,0
2026-01-26,2026-01-27,1,600589,大位科技,0
2026-02-09,2026-02-10,1,600589,大位科技,1
2026-02-10,2026-02-11,2,600589,大位科技,1
2026-02-11,2026-02-12,3,600589,大位科技,1
2026-02-12,2026-02-13,4,600589,大位科技,0
2026-03-25,2026-03-26,1,600589,大位科技,0
2026-04-08,2026-04-09,1,600589,大位科技,0
2026-05-06,2026-05-07,1,600589,大位科技,0
2026-05-08,2026-05-11,1,600589,大位科技,0
2026-05-28,2026-05-29,1,600589,大位科技,0
2026-09-02,2026-09-03,1,600589,大位科技,0
2026-03-09,2026-03-10,1,002068,黑猫股份,0
2026-03-27,2026-03-30,1,002068,黑猫股份,0
2026-06-01,2026-06-02,1,002068,黑猫股份,0
2026-06-18,2026-06-22,1,002068,黑猫股份,1
2026-06-22,2026-06-23,2,002068,黑猫股份,1
2026-06-23,2026-06-24,3,002068,黑猫股份,0
2026-06-25,2026-06-26,1,002068,黑猫股份,0
2026-07-21,2026-07-22,1,002068,黑猫股份,0
2026-09-08,2026-09-09,1,002068,黑猫股份,1
2026-09-09,2026-09-10,2,002068,黑猫股份,0
2026-09-16,2026-09-17,1,002068,黑猫股份,0
2026-03-05,2026-03-06,1,000509,华塑控股,1
2026-03-06,2026-03-09,2,000509,华塑控股,0
2026-03-20,2026-03-23,1,000509,华塑控股,0
2026-03-24,2026-03-25,1,000509,华塑控股,0
2026-05-07,2026-05-08,1,000509,华塑控股,0
2026-05-25,2026-05-26,1,000509,华塑控股,1
2026-05-26,2026-05-27,2,000509,华塑控股,1
2026-05-27,2026-05-28,3,000509,华塑控股,1
2026-05-28,2026-05-29,4,000509,华塑控股,0
2026-06-09,2026-06-10,1,000509,华塑控股,0
2026-09-18,2026-09-21,1,000509,华塑控股,0
2026-01-05,2026-01-06,1,603171,税友股份,0
2026-01-09,2026-01-12,1,603171,税友股份,1
2026-01-12,2026-01-13,2,603171,税友股份,0
2026-04-14,2026-04-15,1,603171,税友股份,0
2026-06-01,2026-06-02,1,603171,税友股份,0
2026-07-30,2026-07-31,1,603171,税友股份,1
2026-07-31,2026-08-03,2,603171,税友股份,0
2026-08-28,2026-08-31,1,603171,税友股份,0
2026-02-25,2026-02-26,1,600227,赤天化,0
2026-03-02,2026-03-03,1,600227,赤天化,0
2026-03-06,2026-03-09,1,600227,赤天化,1
2026-03-09,2026-03-10,2,600227,赤天化,0
2026-03-13,2026-03-16,1,600227,赤天化,1
2026-03-16,2026-03-17,2,600227,赤天化,1
2026-03-17,2026-03-18,3,600227,赤天化,0
2026-03-27,2026-03-30,1,600227,赤天化,0
2026-04-07,2026-04-08,1,600227,赤天化,0
2026-04-28,2026-04-29,1,600227,赤天化,0
2026-07-14,2026-07-15,1,600227,赤天化,1
2026-07-15,2026-07-16,2,600227,赤天化,0
2026-07-17,2026-07-20,1,600227,赤天化,1
2026-07-20,2026-07-21,2,600227,赤天化,0
2026-07-29,2026-07-30,1,600227,赤天化,0
2026-08-10,2026-08-11,1,600227,赤天化,0
2026-08-18,2026-08-19,1,600227,赤天化,0
2026-08-26,2026-08-27,1,600227,赤天化,0
2026-08-28,2026-08-31,1,600227,赤天化,1
2026-08-31,2026-09-01,2,600227,赤天化,0
2026-09-08,2026-09-09,1,600227,赤天化,0
2025-12-29,2025-12-30,1,600506,统一股份,1
2025-12-30,2025-12-31,2,600506,统一股份,0
2026-05-19,2026-05-20,1,600506,统一股份,0
2026-06-23,2026-06-24,1,600506,统一股份,0
2026-09-04,2026-09-07,1,600506,统一股份,0
2025-12-29,2025-12-30,1,603936,博敏电子,0
2026-03-11,2026-03-12,1,603936,博敏电子,0
2026-05-06,2026-05-07,1,603936,博敏电子,0
2026-05-11,2026-05-12,1,603936,博敏电子,0
2026-05-13,2026-05-14,1,603936,博敏电子,0
2026-05-22,2026-05-25,1,603936,博敏电子,1
2026-05-25,2026-05-26,2,603936,博敏电子,0
2026-06-11,2026-06-12,1,603936,博敏电子,0
2026-07-21,2026-07-22,1,603936,博敏电子,0
2026-08-04,2026-08-05,1,603936,博敏电子,0
2026-08-07,2026-08-10,1,603936,博敏电子,0
2026-08-17,2026-08-18,1,603936,博敏电子,1
2026-08-18,2026-08-19,2,603936,博敏电子,0
2026-09-07,2026-09-08,1,603936,博敏电子,0
2026-09-11,2026-09-14,1,603936,博敏电子,0
2025-12-29,2025-12-30,1,003033,征和工业,0
2026-03-31,2026-04-01,1,003033,征和工业,0
2026-06-26,2026-06-29,1,003033,征和工业,0
2026-07-21,2026-07-22,1,003033,征和工业,0
2026-08-04,2026-08-05,1,600892,大晟文化,1
2026-08-05,2026-08-06,2,600892,大晟文化,1
2026-08-06,2026-08-07,3,600892,大晟文化,0
2026-08-31,2026-09-01,1,600892,大晟文化,1
2026-09-01,2026-09-02,2,600892,大晟文化,1
2026-09-02,2026-09-03,3,600892,大晟文化,0
2026-05-14,2026-05-15,1,603082,北自科技股份,1
2026-05-15,2026-05-18,2,603082,北自科技股份,1
2026-05-18,2026-05-19,3,603082,北自科技股份,1
2026-05-19,2026-05-20,4,603082,北自科技股份,0
2026-06-18,2026-06-22,1,603082,北自科技股份,1
2026-06-22,2026-06-23,2,603082,北自科技股份,0
2026-07-23,2026-07-24,1,603082,北自科技股份,0
2026-07-27,2026-07-28,1,603082,北自科技股份,0
2026-08-17,2026-08-18,1,603082,北自科技股份,0
2026-08-28,2026-08-31,1,603082,北自科技股份,0
2026-09-15,2026-09-16,1,603082,北自科技股份,1
2026-09-16,2026-09-17,2,603082,北自科技股份,0
2026-03-13,2026-03-16,1,002084,海鸥住工,0
2026-08-24,2026-08-25,1,002084,海鸥住工,1
2026-08-25,2026-08-26,2,002084,海鸥住工,1
2026-08-26,2026-08-27,3,002084,海鸥住工,1
2026-08-27,2026-08-28,4,002084,海鸥住工,1
2026-08-28,2026-08-31,5,002084,海鸥住工,1
2026-08-31,2026-09-01,6,002084,海鸥住工,1
2026-09-21,2026-09-22,1,002084,海鸥住工,0
2026-03-30,2026-03-31,1,600127,金健米业,0
2026-08-06,2026-08-07,1,600127,金健米业,0
2026-08-17,2026-08-18,1,600127,金健米业,1
2026-08-18,2026-08-19,2,600127,金健米业,1
2026-08-19,2026-08-20,3,600127,金健米业,1
2026-08-20,2026-08-21,4,600127,金健米业,0
2026-08-25,2026-08-26,1,600127,金健米业,0
2026-08-27,2026-08-28,1,600127,金健米业,0
2026-09-01,2026-09-02,1,600127,金健米业,0
2026-09-07,2026-09-08,1,600127,金健米业,0
2026-09-17,2026-09-18,1,600127,金健米业,1
2026-09-18,2026-09-21,2,600127,金健米业,1
2026-09-21,2026-09-22,3,600127,金健米业,0
2026-06-03,2026-06-04,1,603065,宿迁联盛,0
2026-06-05,2026-06-08,1,603065,宿迁联盛,0
2026-06-09,2026-06-10,1,603065,宿迁联盛,1
2026-06-10,2026-06-11,2,603065,宿迁联盛,0
2026-06-12,2026-06-15,1,603065,宿迁联盛,0
2026-06-22,2026-06-23,1,603065,宿迁联盛,0
2026-06-25,2026-06-26,1,603065,宿迁联盛,0
2026-07-07,2026-07-08,1,603065,宿迁联盛,0
2026-07-13,2026-07-14,1,603065,宿迁联盛,1
2026-07-14,2026-07-15,2,603065,宿迁联盛,0
2026-08-10,2026-08-11,1,603065,宿迁联盛,0
2026-08-18,2026-08-19,1,603065,宿迁联盛,0
2026-08-21,2026-08-24,1,603065,宿迁联盛,0
2026-07-29,2026-07-30,1,002827,高争民爆,1
2026-07-30,2026-07-31,2,002827,高争民爆,1
2026-07-31,2026-08-03,3,002827,高争民爆,1
2026-08-03,2026-08-04,4,002827,高争民爆,1
2026-08-04,2026-08-05,5,002827,高争民爆,0
2026-08-06,2026-08-07,1,002827,高争民爆,1
2026-08-07,2026-08-10,2,002827,高争民爆,1
2026-08-10,2026-08-11,3,002827,高争民爆,0
2026-09-04,2026-09-07,1,002827,高争民爆,0
2026-01-12,2026-01-13,1,002103,广博股份,0
2025-12-29,2025-12-30,1,600828,茂业商业,0
2026-01-09,2026-01-12,1,600828,茂业商业,1
2026-01-12,2026-01-13,2,600828,茂业商业,0
2026-01-30,2026-02-02,1,600828,茂业商业,1
2026-02-02,2026-02-03,2,600828,茂业商业,0
2026-02-05,2026-02-06,1,600828,茂业商业,0
2026-03-05,2026-03-06,1,600828,茂业商业,0
2026-05-29,2026-06-01,1,600828,茂业商业,0
2026-06-04,2026-06-05,1,600828,茂业商业,0
2026-09-01,2026-09-02,1,600828,茂业商业,1
2026-09-02,2026-09-03,2,600828,茂业商业,0
2026-07-01,2026-07-02,2,603137,恒尚节能,1
2026-07-02,2026-07-03,3,603137,恒尚节能,1
2026-07-03,2026-07-06,4,603137,恒尚节能,1
2026-07-06,2026-07-07,5,603137,恒尚节能,1
2026-07-07,2026-07-08,6,603137,恒尚节能,1
2026-07-13,2026-07-14,1,603137,恒尚节能,1
2026-07-14,2026-07-15,2,603137,恒尚节能,1
2026-07-15,2026-07-16,3,603137,恒尚节能,0
2026-07-30,2026-07-31,1,603137,恒尚节能,0
2026-08-07,2026-08-10,1,603137,恒尚节能,0
2026-08-11,2026-08-12,1,603137,恒尚节能,0
2026-08-27,2026-08-28,1,603137,恒尚节能,0
2026-03-09,2026-03-10,1,001258,立新能源,0
2026-03-19,2026-03-20,1,001258,立新能源,0
2026-03-23,2026-03-24,1,001258,立新能源,0
2026-05-18,2026-05-19,1,001258,立新能源,0
2026-07-16,2026-07-17,1,001258,立新能源,1
2026-07-17,2026-07-20,2,001258,立新能源,1
2026-07-20,2026-07-21,3,001258,立新能源,1
2026-07-21,2026-07-22,4,001258,立新能源,1
2026-07-22,2026-07-23,5,001258,立新能源,1
2026-07-23,2026-07-24,6,001258,立新能源,0
2026-07-27,2026-07-28,1,001258,立新能源,0
2026-08-10,2026-08-11,1,001258,立新能源,1
2026-08-11,2026-08-12,2,001258,立新能源,0
2026-08-26,2026-08-27,1,001258,立新能源,0
2026-02-10,2026-02-11,1,603968,醋化股份,1
2026-02-11,2026-02-12,2,603968,醋化股份,0
2026-04-07,2026-04-08,1,603968,醋化股份,0
2026-05-27,2026-05-28,1,603968,醋化股份,0
2026-01-28,2026-01-29,1,000737,北方铜业,1
2026-01-29,2026-01-30,2,000737,北方铜业,0
2026-06-12,2026-06-15,1,000737,北方铜业,0
2026-08-17,2026-08-18,1,000737,北方铜业,0
2026-09-08,2026-09-09,1,000737,北方铜业,0
2026-04-15,2026-04-16,1,603150,万朗磁塑,0
2026-05-11,2026-05-12,1,603150,万朗磁塑,0
2026-06-09,2026-06-10,1,603150,万朗磁塑,0
2026-09-03,2026-09-04,1,603150,万朗磁塑,0
2026-07-03,2026-07-06,1,002148,北纬科技,0
2026-01-05,2026-01-06,1,002774,快意电梯,1
2026-01-06,2026-01-07,2,002774,快意电梯,1
2026-01-07,2026-01-08,3,002774,快意电梯,1
2026-01-08,2026-01-09,4,002774,快意电梯,1
2026-01-09,2026-01-12,5,002774,快意电梯,0
2026-06-16,2026-06-17,1,002774,快意电梯,0
2026-07-06,2026-07-07,1,002774,快意电梯,0
2026-07-10,2026-07-13,1,002774,快意电梯,0
2026-07-23,2026-07-24,1,002774,快意电梯,0
2026-07-31,2026-08-03,1,002774,快意电梯,0
2026-08-14,2026-08-17,1,002774,快意电梯,0
2026-01-12,2026-01-13,1,601900,南方传媒,0
2026-01-29,2026-01-30,1,603172,浙江万丰股份,1
2026-01-30,2026-02-02,2,603172,浙江万丰股份,1
2026-02-02,2026-02-03,3,603172,浙江万丰股份,1
2026-02-03,2026-02-04,4,603172,浙江万丰股份,0
2026-01-21,2026-01-22,1,002913,奥士康,0
2026-02-26,2026-02-27,1,002913,奥士康,0
2026-03-05,2026-03-06,1,002913,奥士康,1
2026-03-06,2026-03-09,2,002913,奥士康,0
2026-03-18,2026-03-19,1,002913,奥士康,0
2026-06-11,2026-06-12,1,002913,奥士康,0
2026-06-15,2026-06-16,1,002913,奥士康,0
2026-07-21,2026-07-22,1,002913,奥士康,0
2026-08-04,2026-08-05,1,002913,奥士康,0
2026-08-07,2026-08-10,1,002913,奥士康,0
2026-09-09,2026-09-10,1,002913,奥士康,0
2026-09-16,2026-09-17,1,002913,奥士康,0
2026-03-23,2026-03-24,1,603105,芯能科技,0
2026-08-24,2026-08-25,1,603105,芯能科技,0
2026-09-10,2026-09-11,1,603105,芯能科技,0
2026-04-16,2026-04-17,1,002333,罗普斯金,0
2026-08-19,2026-08-20,1,002333,罗普斯金,0
2026-01-20,2026-01-21,1,600610,中毅达,0
2026-05-07,2026-05-08,1,600610,中毅达,0
2026-08-19,2026-08-20,1,600610,中毅达,0
2026-08-24,2026-08-25,1,600610,中毅达,0
2026-09-03,2026-09-04,1,600610,中毅达,0
2025-12-29,2025-12-30,1,601700,风范股份,0
2026-01-19,2026-01-20,1,601700,风范股份,0
2026-03-11,2026-03-12,1,601700,风范股份,0
2026-07-23,2026-07-24,1,601700,风范股份,0
2026-08-03,2026-08-04,1,601700,风范股份,1
2026-08-04,2026-08-05,2,601700,风范股份,1
2026-08-05,2026-08-06,3,601700,风范股份,1
2026-08-06,2026-08-07,4,601700,风范股份,0
2026-08-10,2026-08-11,1,601700,风范股份,0
2026-08-12,2026-08-13,1,601700,风范股份,0
2026-08-17,2026-08-18,1,601700,风范股份,0
2026-08-20,2026-08-21,1,601700,风范股份,0
2026-08-24,2026-08-25,1,601700,风范股份,0
2026-08-28,2026-08-31,1,601700,风范股份,0
2026-01-16,2026-01-19,1,001207,联科科技,0
2026-03-11,2026-03-12,1,001207,联科科技,0
2026-05-11,2026-05-12,1,001207,联科科技,0
2026-07-08,2026-07-09,1,001207,联科科技,0
2026-08-17,2026-08-18,1,001207,联科科技,0
2026-01-21,2026-01-22,1,002890,弘宇股份,0
2026-07-31,2026-08-03,1,003005,竞业达,0
2026-08-28,2026-08-31,1,003005,竞业达,1
2026-08-31,2026-09-01,2,003005,竞业达,1
2026-09-01,2026-09-02,3,003005,竞业达,1
2026-09-02,2026-09-03,4,003005,竞业达,0
2026-02-09,2026-02-10,1,002534,西子洁能,0
2026-07-30,2026-07-31,1,002534,西子洁能,0
2026-08-31,2026-09-01,1,002534,西子洁能,0
2026-06-29,2026-06-30,1,603983,丸美生物,1
2026-06-30,2026-07-01,2,603983,丸美生物,0
2026-07-29,2026-07-30,1,603258,电魂网络,0
2026-09-21,2026-09-22,1,603258,电魂网络,0
2026-06-08,2026-06-09,1,002963,豪尔赛,0
2026-06-22,2026-06-23,1,002963,豪尔赛,0
2026-07-31,2026-08-03,1,002963,豪尔赛,1
2026-08-03,2026-08-04,2,002963,豪尔赛,1
2026-08-04,2026-08-05,3,002963,豪尔赛,1
2026-08-05,2026-08-06,4,002963,豪尔赛,1
2026-08-06,2026-08-07,5,002963,豪尔赛,0
2026-08-11,2026-08-12,1,002963,豪尔赛,0
2026-08-25,2026-08-26,1,002963,豪尔赛,1
2026-08-26,2026-08-27,2,002963,豪尔赛,0
2026-09-07,2026-09-08,1,002963,豪尔赛,0
2026-09-16,2026-09-17,1,002963,豪尔赛,0
2026-09-21,2026-09-22,1,002963,豪尔赛,0
2026-04-14,2026-04-15,1,002647,仁东控股,0
2026-04-20,2026-04-21,1,002647,仁东控股,0
2026-04-28,2026-04-29,1,002647,仁东控股,0
2026-05-07,2026-05-08,1,002647,仁东控股,0
2026-06-01,2026-06-02,1,002647,仁东控股,0
2026-07-27,2026-07-28,1,002647,仁东控股,0
2026-08-10,2026-08-11,1,002647,仁东控股,0
2025-12-26,2025-12-29,1,001326,联域股份,0
2026-02-02,2026-02-03,1,001326,联域股份,0
2026-02-09,2026-02-10,1,001326,联域股份,0
2026-03-06,2026-03-09,1,001326,联域股份,0
2026-05-19,2026-05-20,1,001326,联域股份,0
2026-06-03,2026-06-04,1,001326,联域股份,0
2026-06-17,2026-06-18,1,001326,联域股份,0
2026-08-04,2026-08-05,1,001326,联域股份,0
2026-09-02,2026-09-03,1,001326,联域股份,0
2026-09-16,2026-09-17,1,001326,联域股份,0
2026-01-14,2026-01-15,1,002264,新 华 都,1
2026-01-15,2026-01-16,2,002264,新 华 都,0
2026-02-05,2026-02-06,1,002264,新 华 都,0
2026-09-08,2026-09-09,1,002264,新 华 都,0
2026-03-04,2026-03-05,1,002246,北化股份,0
2026-05-19,2026-05-20,1,002246,北化股份,0
2026-08-11,2026-08-12,1,002246,北化股份,0
2026-09-21,2026-09-22,1,002246,北化股份,0
2026-01-30,2026-02-02,1,603629,利通电子,1
2026-02-02,2026-02-03,2,603629,利通电子,0
2026-02-09,2026-02-10,1,603629,利通电子,0
2026-02-11,2026-02-12,1,603629,利通电子,0
2026-02-27,2026-03-02,1,603629,利通电子,1
2026-03-02,2026-03-03,2,603629,利通电子,0
2026-03-11,2026-03-12,1,603629,利通电子,0
2026-03-19,2026-03-20,1,603629,利通电子,0
2026-03-25,2026-03-26,1,603629,利通电子,0
2026-04-08,2026-04-09,1,603629,利通电子,0
2026-04-14,2026-04-15,1,603629,利通电子,1
2026-04-15,2026-04-16,2,603629,利通电子,0
2026-04-17,2026-04-20,1,603629,利通电子,0
2026-04-28,2026-04-29,1,603629,利通电子,1
2026-04-29,2026-04-30,2,603629,利通电子,1
2026-04-30,2026-05-06,3,603629,利通电子,1
2026-05-06,2026-05-07,4,603629,利通电子,0
2026-05-13,2026-05-14,1,603629,利通电子,0
2026-06-15,2026-06-16,1,603629,利通电子,0
2026-06-22,2026-06-23,1,603629,利通电子,0
2026-07-21,2026-07-22,1,603629,利通电子,1
2026-07-22,2026-07-23,2,603629,利通电子,0
2026-07-31,2026-08-03,1,603629,利通电子,0
2026-08-04,2026-08-05,1,603629,利通电子,1
2026-08-05,2026-08-06,2,603629,利通电子,0
2026-08-14,2026-08-17,1,603629,利通电子,0
2026-01-05,2026-01-06,1,603716,塞力医疗,1
2026-01-06,2026-01-07,2,603716,塞力医疗,0
2026-01-08,2026-01-09,1,603716,塞力医疗,0
2026-03-06,2026-03-09,1,603716,塞力医疗,0
2026-03-30,2026-03-31,1,603716,塞力医疗,0
2026-07-16,2026-07-17,1,603716,塞力医疗,0
2026-07-27,2026-07-28,1,603716,塞力医疗,1
2026-07-28,2026-07-29,2,603716,塞力医疗,0
2026-08-20,2026-08-21,1,603716,塞力医疗,0
2026-09-18,2026-09-21,1,000002,万 科Ａ,1
2026-09-21,2026-09-22,2,000002,万 科Ａ,0
2026-09-08,2026-09-09,1,002093,国脉科技,0
2026-04-10,2026-04-13,1,002074,国轩高科,0
2026-04-13,2026-04-14,1,002439,启明星辰,0
2026-01-21,2026-01-22,1,002440,闰土股份,0
2026-01-28,2026-01-29,1,002440,闰土股份,1
2026-01-29,2026-01-30,2,002440,闰土股份,0
2026-02-06,2026-02-09,1,002440,闰土股份,1
2026-02-09,2026-02-10,2,002440,闰土股份,0
2026-06-15,2026-06-16,1,002440,闰土股份,0
2026-06-22,2026-06-23,1,002440,闰土股份,0
2026-07-01,2026-07-02,1,002440,闰土股份,0
2026-07-20,2026-07-21,1,002440,闰土股份,0
2026-07-29,2026-07-30,1,002440,闰土股份,0
2025-12-26,2025-12-29,1,605566,福莱蒽特,0
2026-02-09,2026-02-10,1,605566,福莱蒽特,0
2026-05-08,2026-05-11,1,605566,福莱蒽特,0
2026-05-25,2026-05-26,1,605566,福莱蒽特,0
2026-06-01,2026-06-02,1,605566,福莱蒽特,0
2026-08-28,2026-08-31,1,605566,福莱蒽特,0
2026-09-16,2026-09-17,1,605566,福莱蒽特,0
2026-09-21,2026-09-22,1,605566,福莱蒽特,0
2026-07-02,2026-07-03,1,600630,龙头股份,0
2026-09-17,2026-09-18,1,600630,龙头股份,1
2026-09-18,2026-09-21,2,600630,龙头股份,1
2026-09-21,2026-09-22,3,600630,龙头股份,0
2026-01-08,2026-01-09,1,001215,千味央厨,0
2026-04-23,2026-04-24,1,001215,千味央厨,0
2026-04-30,2026-05-06,1,001215,千味央厨,0
2026-06-09,2026-06-10,1,001215,千味央厨,0
2026-06-26,2026-06-29,1,001215,千味央厨,0
2026-03-20,2026-03-23,1,001283,豪鹏科技,0
2026-06-16,2026-06-17,1,001283,豪鹏科技,0
2026-07-14,2026-07-15,1,001283,豪鹏科技,0
2026-01-16,2026-01-19,1,002156,通富微电,0
2026-01-21,2026-01-22,1,002156,通富微电,0
2026-05-06,2026-05-07,1,002156,通富微电,0
2026-05-25,2026-05-26,1,002156,通富微电,0
2026-06-03,2026-06-04,1,002156,通富微电,0
2026-07-09,2026-07-10,1,002156,通富微电,0
2026-07-21,2026-07-22,1,002156,通富微电,0
2026-07-24,2026-07-27,1,002156,通富微电,0
2026-08-17,2026-08-18,1,002156,通富微电,0
2026-02-04,2026-02-05,1,601001,晋控煤业,0
2026-06-01,2026-06-02,1,601001,晋控煤业,0
2026-07-20,2026-07-21,1,601001,晋控煤业,0
2026-02-26,2026-02-27,1,603530,神马电力,1
2026-02-27,2026-03-02,2,603530,神马电力,0
2026-03-04,2026-03-05,1,603530,神马电力,0
2026-08-17,2026-08-18,1,603530,神马电力,0
2026-09-02,2026-09-03,1,603530,神马电力,0
2026-06-03,2026-06-04,1,600679,上海凤凰,0
2026-01-12,2026-01-13,1,601858,中国科传,0
2026-03-11,2026-03-12,1,601858,中国科传,0
2026-03-24,2026-03-25,1,601858,中国科传,0
2026-05-11,2026-05-12,1,601858,中国科传,0
2026-07-10,2026-07-13,1,601858,中国科传,0
2026-07-29,2026-07-30,1,601858,中国科传,0
2026-08-03,2026-08-04,1,601858,中国科传,1
2026-08-04,2026-08-05,2,601858,中国科传,0
2026-01-26,2026-01-27,1,002575,群兴玩具,0
2026-02-02,2026-02-03,1,002575,群兴玩具,0
2026-02-05,2026-02-06,1,002575,群兴玩具,0
2026-03-09,2026-03-10,1,002575,群兴玩具,1
2026-03-10,2026-03-11,2,002575,群兴玩具,0
2026-04-28,2026-04-29,1,002575,群兴玩具,0
2026-06-02,2026-06-03,1,002575,群兴玩具,0
2026-06-09,2026-06-10,1,002575,群兴玩具,0
2026-07-22,2026-07-23,1,002575,群兴玩具,0
2026-08-13,2026-08-14,1,002575,群兴玩具,0
2026-01-13,2026-01-14,1,605186,健麾信息,0
2026-05-11,2026-05-12,1,605186,健麾信息,0
2026-04-20,2026-04-21,1,003006,百亚股份,0
2026-06-29,2026-06-30,1,003006,百亚股份,0
2026-01-29,2026-01-30,1,601579,会稽山,0
2026-04-01,2026-04-02,1,601579,会稽山,0
2026-08-13,2026-08-14,1,601579,会稽山,0
2026-09-04,2026-09-07,1,601579,会稽山,0
2026-09-09,2026-09-10,1,601579,会稽山,0
2026-09-15,2026-09-16,1,601579,会稽山,1
2026-09-16,2026-09-17,2,601579,会稽山,0
2026-09-18,2026-09-21,1,601579,会稽山,1
2026-09-21,2026-09-22,2,601579,会稽山,0
2026-01-21,2026-01-22,1,600246,万通发展,0
2026-04-27,2026-04-28,1,600246,万通发展,0
2026-04-30,2026-05-06,1,600246,万通发展,0
2026-05-19,2026-05-20,1,600246,万通发展,0
2026-05-28,2026-05-29,1,600246,万通发展,0
2026-06-03,2026-06-04,1,600246,万通发展,1
2026-06-04,2026-06-05,2,600246,万通发展,0
2026-06-24,2026-06-25,1,600246,万通发展,0
2026-07-06,2026-07-07,1,600246,万通发展,1
2026-07-07,2026-07-08,2,600246,万通发展,0
2026-08-31,2026-09-01,1,600246,万通发展,0
2026-07-16,2026-07-17,1,002045,国光电器,0
2026-07-29,2026-07-30,1,002045,国光电器,0
2026-08-21,2026-08-24,1,002045,国光电器,0
2026-05-06,2026-05-07,1,002871,伟隆股份,0
2026-05-28,2026-05-29,1,002871,伟隆股份,0
2026-06-01,2026-06-02,1,002871,伟隆股份,0
2026-06-09,2026-06-10,1,002871,伟隆股份,0
2026-06-23,2026-06-24,1,002871,伟隆股份,0
2026-05-19,2026-05-20,1,002123,梦网科技,0
2026-07-01,2026-07-02,1,002123,梦网科技,0
2026-05-13,2026-05-14,1,600857,宁波中百,1
2026-05-14,2026-05-15,2,600857,宁波中百,0
2026-05-29,2026-06-01,1,600857,宁波中百,0
2026-06-12,2026-06-15,1,600857,宁波中百,0
2026-06-25,2026-06-26,1,600857,宁波中百,0
2026-06-29,2026-06-30,1,600857,宁波中百,0
2026-07-01,2026-07-02,1,600857,宁波中百,0
2026-07-15,2026-07-16,1,600857,宁波中百,0
2026-08-12,2026-08-13,1,600857,宁波中百,0
2026-09-07,2026-09-08,1,600857,宁波中百,0
2026-09-21,2026-09-22,1,600857,宁波中百,0
2026-03-20,2026-03-23,1,600604,市北高新,0
2026-05-20,2026-05-21,1,600604,市北高新,0
2026-08-12,2026-08-13,1,600604,市北高新,0
2026-08-24,2026-08-25,1,600604,市北高新,0
2026-08-26,2026-08-27,1,600604,市北高新,0
2026-01-26,2026-01-27,1,603271,永杰新材料,0
2026-06-16,2026-06-17,1,603271,永杰新材料,0
2026-04-09,2026-04-10,1,600619,海立股份,0
2026-07-28,2026-07-29,1,600619,海立股份,0
2026-01-12,2026-01-13,1,603859,能科科技,0
2026-05-18,2026-05-19,1,603859,能科科技,0
2026-06-05,2026-06-08,1,603859,能科科技,1
2026-06-08,2026-06-09,2,603859,能科科技,0
2026-07-01,2026-07-02,1,603859,能科科技,0
2026-06-26,2026-06-29,1,002253,川大智胜,0
2026-01-05,2026-01-06,1,603579,荣泰健康,1
2026-01-06,2026-01-07,2,603579,荣泰健康,0
2026-04-27,2026-04-28,1,603579,荣泰健康,0
2026-01-12,2026-01-13,1,600588,用友网络,0
2026-01-14,2026-01-15,1,600588,用友网络,0
2026-06-01,2026-06-02,1,600588,用友网络,0
2026-07-31,2026-08-03,1,600588,用友网络,0
2026-02-11,2026-02-12,1,600186,莲花控股,0
2026-03-19,2026-03-20,1,600186,莲花控股,0
2026-03-24,2026-03-25,1,600186,莲花控股,0
2026-04-08,2026-04-09,1,600186,莲花控股,0
2026-04-23,2026-04-24,1,600186,莲花控股,0
2026-04-29,2026-04-30,1,600186,莲花控股,0
2026-05-19,2026-05-20,1,600186,莲花控股,0
2026-05-22,2026-05-25,1,600186,莲花控股,1
2026-05-25,2026-05-26,2,600186,莲花控股,0
2026-06-09,2026-06-10,1,600186,莲花控股,0
2026-06-16,2026-06-17,1,600186,莲花控股,1
2026-06-17,2026-06-18,2,600186,莲花控股,0
2026-06-25,2026-06-26,1,600186,莲花控股,0
2026-08-04,2026-08-05,1,600186,莲花控股,0
2026-08-10,2026-08-11,1,600186,莲花控股,0
2026-08-14,2026-08-17,1,600186,莲花控股,0
2026-09-14,2026-09-15,1,600186,莲花控股,0
2026-03-05,2026-03-06,1,603337,杰克科技,0
2026-07-02,2026-07-03,1,603337,杰克科技,0
2026-07-31,2026-08-03,1,603337,杰克科技,0
2026-05-25,2026-05-26,1,600162,香江控股,1
2026-05-26,2026-05-27,2,600162,香江控股,1
2026-05-27,2026-05-28,3,600162,香江控股,1
2026-05-28,2026-05-29,4,600162,香江控股,1
2026-05-29,2026-06-01,5,600162,香江控股,0
2026-06-02,2026-06-03,1,600162,香江控股,0
2026-06-12,2026-06-15,1,600162,香江控股,0
2026-06-18,2026-06-22,1,600162,香江控股,1
2026-06-22,2026-06-23,2,600162,香江控股,0
2026-07-15,2026-07-16,1,600162,香江控股,1
2026-07-16,2026-07-17,2,600162,香江控股,1
2026-07-17,2026-07-20,3,600162,香江控股,0
2026-07-30,2026-07-31,1,600162,香江控股,1
2026-07-31,2026-08-03,2,600162,香江控股,0
2026-08-11,2026-08-12,1,600162,香江控股,1
2026-08-12,2026-08-13,2,600162,香江控股,0
2026-08-27,2026-08-28,1,600162,香江控股,1
2026-08-28,2026-08-31,2,600162,香江控股,0
2026-09-08,2026-09-09,1,600162,香江控股,0
2026-04-08,2026-04-09,1,603777,来伊份,1
2026-04-09,2026-04-10,2,603777,来伊份,1
2026-04-10,2026-04-13,3,603777,来伊份,0
2026-05-06,2026-05-07,1,603777,来伊份,0
2025-12-31,2026-01-05,1,002131,利欧股份,1
2026-01-05,2026-01-06,2,002131,利欧股份,0
2026-01-09,2026-01-12,1,002131,利欧股份,1
2026-01-12,2026-01-13,2,002131,利欧股份,1
2026-01-13,2026-01-14,3,002131,利欧股份,1
2026-01-14,2026-01-15,4,002131,利欧股份,0
2026-02-12,2026-02-13,1,002131,利欧股份,0
2026-04-08,2026-04-09,1,002131,利欧股份,0
2026-07-31,2026-08-03,1,002131,利欧股份,1
2026-08-03,2026-08-04,2,002131,利欧股份,0
2026-01-26,2026-01-27,1,605056,咸亨国际,0
2026-03-24,2026-03-25,1,605056,咸亨国际,0
2026-04-09,2026-04-10,1,605056,咸亨国际,0
2026-08-03,2026-08-04,1,605056,咸亨国际,0
2026-02-02,2026-02-03,1,001368,通达创智,0
2026-01-22,2026-01-23,1,001288,运机集团,0
2026-01-26,2026-01-27,1,001288,运机集团,0
2026-07-20,2026-07-21,1,001288,运机集团,0
2026-08-28,2026-08-31,1,001288,运机集团,0
2026-03-13,2026-03-16,1,603538,美诺华,0
2026-03-20,2026-03-23,1,603538,美诺华,0
2026-03-24,2026-03-25,1,603538,美诺华,1
2026-03-25,2026-03-26,2,603538,美诺华,1
2026-03-26,2026-03-27,3,603538,美诺华,1
2026-03-27,2026-03-30,4,603538,美诺华,1
2026-03-30,2026-03-31,5,603538,美诺华,0
2026-04-08,2026-04-09,1,603538,美诺华,0
2026-04-23,2026-04-24,1,603538,美诺华,0
2026-05-06,2026-05-07,1,603538,美诺华,0
2026-05-27,2026-05-28,1,603538,美诺华,0
2026-07-01,2026-07-02,1,603538,美诺华,1
2026-07-02,2026-07-03,2,603538,美诺华,0
2026-07-10,2026-07-13,1,603538,美诺华,0
2026-07-15,2026-07-16,1,603538,美诺华,0
2026-08-12,2026-08-13,1,603538,美诺华,0
2026-09-03,2026-09-04,1,603538,美诺华,0
2026-06-03,2026-06-04,1,603236,移远通信,0
2026-06-30,2026-07-01,1,603236,移远通信,0
2026-07-10,2026-07-13,1,603236,移远通信,0
2026-08-13,2026-08-14,1,603236,移远通信,0
2026-08-31,2026-09-01,1,603236,移远通信,0
2026-03-27,2026-03-30,1,605388,均瑶健康,0
2026-04-15,2026-04-16,1,605388,均瑶健康,1
2026-04-16,2026-04-17,2,605388,均瑶健康,1
2026-04-17,2026-04-20,3,605388,均瑶健康,0
2026-07-29,2026-07-30,1,605388,均瑶健康,1
2026-07-30,2026-07-31,2,605388,均瑶健康,0
2026-03-10,2026-03-11,1,003021,兆威机电,0
2026-07-03,2026-07-06,1,003021,兆威机电,0
2026-08-25,2026-08-26,1,003021,兆威机电,0
2026-01-09,2026-01-12,1,601929,吉视传媒,0
2026-05-19,2026-05-20,1,601929,吉视传媒,0
2026-08-31,2026-09-01,1,601929,吉视传媒,0
2026-03-27,2026-03-30,1,002328,新朋股份,0
2026-04-09,2026-04-10,1,002328,新朋股份,1
2026-04-10,2026-04-13,2,002328,新朋股份,0
2026-04-14,2026-04-15,1,002328,新朋股份,0
2026-06-01,2026-06-02,1,002328,新朋股份,0
2026-08-31,2026-09-01,1,002328,新朋股份,0
2026-09-03,2026-09-04,1,002328,新朋股份,0
2026-01-06,2026-01-07,1,002945,华林证券,0
2026-02-05,2026-02-06,1,002945,华林证券,0
2026-07-29,2026-07-30,1,002945,华林证券,0
2026-09-01,2026-09-02,1,002945,华林证券,0
2026-08-28,2026-08-31,1,600551,时代出版,1
2026-08-31,2026-09-01,2,600551,时代出版,1
2026-09-01,2026-09-02,3,600551,时代出版,0
2026-02-04,2026-02-05,1,600325,华发股份,0
2026-09-21,2026-09-22,1,600325,华发股份,0
2026-01-06,2026-01-07,1,601519,大智慧,0
2026-06-22,2026-06-23,1,601519,大智慧,0
2026-01-28,2026-01-29,1,000878,云南铜业,1
2026-01-29,2026-01-30,2,000878,云南铜业,0
2026-01-23,2026-01-26,1,002492,恒基达鑫,0
2026-04-20,2026-04-21,1,002492,恒基达鑫,0
2026-01-29,2026-01-30,1,002970,锐明技术,0
2026-02-04,2026-02-05,1,002970,锐明技术,0
2026-02-26,2026-02-27,1,002970,锐明技术,0
2026-06-09,2026-06-10,1,002970,锐明技术,0
2026-07-10,2026-07-13,1,002970,锐明技术,0
2026-07-21,2026-07-22,1,002970,锐明技术,0
2026-03-25,2026-03-26,1,601999,出版传媒,0
2026-04-10,2026-04-13,1,601999,出版传媒,0
2026-08-13,2026-08-14,1,601999,出版传媒,0
2026-09-08,2026-09-09,1,601999,出版传媒,0
2026-02-25,2026-02-26,1,000816,智慧农业,0
2026-09-07,2026-09-08,1,000816,智慧农业,0
2026-02-10,2026-02-11,1,603999,读者传媒,0
2026-05-19,2026-05-20,1,603999,读者传媒,0
2026-09-07,2026-09-08,1,603999,读者传媒,1
2026-09-08,2026-09-09,2,603999,读者传媒,0
2026-01-05,2026-01-06,1,600556,天下秀,0
2026-01-09,2026-01-12,1,600556,天下秀,1
2026-01-12,2026-01-13,2,600556,天下秀,0
2026-01-14,2026-01-15,1,600556,天下秀,0
2026-08-05,2026-08-06,1,600556,天下秀,0
2026-07-02,2026-07-03,1,603559,中通国脉,1
2026-07-03,2026-07-06,2,603559,中通国脉,0
2026-07-10,2026-07-13,1,603559,中通国脉,0
2026-07-29,2026-07-30,1,603559,中通国脉,0
2026-08-04,2026-08-05,1,603559,中通国脉,0
2026-08-28,2026-08-31,1,603559,中通国脉,1
2026-08-31,2026-09-01,2,603559,中通国脉,0
2026-01-06,2026-01-07,1,600611,大众交通,0
2026-05-20,2026-05-21,1,600611,大众交通,1
2026-05-21,2026-05-22,2,600611,大众交通,1
2026-05-22,2026-05-25,3,600611,大众交通,0
2026-06-09,2026-06-10,1,600611,大众交通,0
2026-07-16,2026-07-17,1,600611,大众交通,0
2026-07-23,2026-07-24,1,600611,大众交通,0
2026-08-05,2026-08-06,1,600611,大众交通,0
2026-08-11,2026-08-12,1,600611,大众交通,0
2026-09-03,2026-09-04,1,600611,大众交通,0
2026-01-07,2026-01-08,1,601015,陕西黑猫,0
2026-01-28,2026-01-29,1,601015,陕西黑猫,0
2026-02-04,2026-02-05,1,601015,陕西黑猫,1
2026-02-05,2026-02-06,2,601015,陕西黑猫,0
2026-02-24,2026-02-25,1,601015,陕西黑猫,0
2026-03-03,2026-03-04,1,601015,陕西黑猫,0
2026-03-12,2026-03-13,1,601015,陕西黑猫,0
2026-03-19,2026-03-20,1,601015,陕西黑猫,0
2026-08-19,2026-08-20,1,601015,陕西黑猫,0
2026-04-02,2026-04-03,1,603222,济民健康,0
2026-06-29,2026-06-30,1,603222,济民健康,1
2026-06-30,2026-07-01,2,603222,济民健康,0
2026-07-09,2026-07-10,1,603222,济民健康,0
2026-07-14,2026-07-15,1,603222,济民健康,0
2026-08-03,2026-08-04,1,603222,济民健康,1
2026-08-04,2026-08-05,2,603222,济民健康,0
2026-01-12,2026-01-13,1,002881,美格智能,0
2026-05-18,2026-05-19,1,002881,美格智能,0
2026-05-27,2026-05-28,1,002881,美格智能,0
2026-07-01,2026-07-02,1,002881,美格智能,0
2026-07-16,2026-07-17,1,002881,美格智能,0
2026-08-31,2026-09-01,1,002881,美格智能,0
2026-09-07,2026-09-08,1,002881,美格智能,0
2026-07-01,2026-07-02,1,000757,浩物股份,0
2026-01-28,2026-01-29,1,600352,浙江龙盛,0
2026-06-22,2026-06-23,1,600352,浙江龙盛,0
2026-06-29,2026-06-30,1,000017,深中华A,1
2026-06-30,2026-07-01,2,000017,深中华A,0
2026-07-23,2026-07-24,1,000017,深中华A,0
2026-08-20,2026-08-21,1,000017,深中华A,1
2026-08-21,2026-08-24,2,000017,深中华A,1
2026-08-24,2026-08-25,3,000017,深中华A,1
2026-08-25,2026-08-26,4,000017,深中华A,1
2026-08-26,2026-08-27,5,000017,深中华A,1
2026-08-27,2026-08-28,6,000017,深中华A,1
2026-01-13,2026-01-14,1,603739,蔚蓝生物,0
2026-08-18,2026-08-19,1,603739,蔚蓝生物,0
2025-12-26,2025-12-29,1,000510,新金路,0
2026-01-06,2026-01-07,1,000510,新金路,0
2026-01-21,2026-01-22,1,000510,新金路,0
2026-02-11,2026-02-12,1,000510,新金路,0
2026-02-27,2026-03-02,1,000510,新金路,1
2026-03-02,2026-03-03,2,000510,新金路,0
2026-05-22,2026-05-25,1,000510,新金路,1
2026-05-25,2026-05-26,2,000510,新金路,1
2026-05-26,2026-05-27,3,000510,新金路,0
2026-06-01,2026-06-02,1,000510,新金路,0
2026-06-11,2026-06-12,1,000510,新金路,1
2026-06-12,2026-06-15,2,000510,新金路,1
2026-06-15,2026-06-16,3,000510,新金路,0
2026-06-22,2026-06-23,1,000510,新金路,0
2026-07-21,2026-07-22,1,000510,新金路,0
2026-08-04,2026-08-05,1,000510,新金路,1
2026-08-05,2026-08-06,2,000510,新金路,0
2026-01-12,2026-01-13,1,603303,得邦照明,0
2026-05-11,2026-05-12,1,603303,得邦照明,0
2026-05-18,2026-05-19,1,603303,得邦照明,0
2026-05-25,2026-05-26,1,603303,得邦照明,0
2026-05-29,2026-06-01,1,603303,得邦照明,0
2026-06-09,2026-06-10,1,603303,得邦照明,0
2026-07-03,2026-07-06,1,603303,得邦照明,0
2026-05-21,2026-05-22,1,603661,恒林股份,1
2026-05-22,2026-05-25,2,603661,恒林股份,1
2026-05-25,2026-05-26,3,603661,恒林股份,0
2026-06-10,2026-06-11,1,603661,恒林股份,0
2026-06-22,2026-06-23,1,603661,恒林股份,0
2026-06-25,2026-06-26,1,603661,恒林股份,0
2026-07-08,2026-07-09,1,603661,恒林股份,0
2026-08-04,2026-08-05,1,603661,恒林股份,0
2026-01-06,2026-01-07,1,000620,盈新发展,1
2026-01-07,2026-01-08,2,000620,盈新发展,0
2026-01-16,2026-01-19,1,000620,盈新发展,0
2026-01-28,2026-01-29,1,000620,盈新发展,0
2026-03-16,2026-03-17,1,000620,盈新发展,0
2026-04-14,2026-04-15,1,000620,盈新发展,0
2026-05-06,2026-05-07,1,000620,盈新发展,0
2026-06-08,2026-06-09,1,000620,盈新发展,0
2026-06-26,2026-06-29,1,000620,盈新发展,0
2026-06-30,2026-07-01,1,000620,盈新发展,1
2026-07-01,2026-07-02,2,000620,盈新发展,0
2026-07-10,2026-07-13,1,000620,盈新发展,0
2026-08-14,2026-08-17,1,000620,盈新发展,0
2026-08-18,2026-08-19,1,000620,盈新发展,0
2026-08-24,2026-08-25,1,000620,盈新发展,0
2026-09-08,2026-09-09,1,000620,盈新发展,0
2025-12-26,2025-12-29,3,600755,厦门国贸,0
2026-03-13,2026-03-16,1,603062,麦加芯彩,0
2026-01-05,2026-01-06,1,001333,光华股份,0
2026-05-08,2026-05-11,1,001333,光华股份,0
2026-05-15,2026-05-18,1,001333,光华股份,0
2026-08-20,2026-08-21,1,001333,光华股份,0
2026-07-29,2026-07-30,1,600733,北汽蓝谷,0
2026-04-30,2026-05-06,1,601086,国芳集团,0
2026-05-29,2026-06-01,1,601086,国芳集团,0
2026-07-29,2026-07-30,1,601086,国芳集团,0
2026-08-28,2026-08-31,1,601086,国芳集团,1
2026-08-31,2026-09-01,2,601086,国芳集团,1
2026-09-01,2026-09-02,3,601086,国芳集团,1
2026-09-02,2026-09-03,4,601086,国芳集团,1
2026-09-03,2026-09-04,5,601086,国芳集团,0
2026-09-07,2026-09-08,1,601086,国芳集团,0
2026-09-14,2026-09-15,1,601086,国芳集团,0
2026-09-18,2026-09-21,1,601086,国芳集团,1
2026-09-21,2026-09-22,2,601086,国芳集团,0
2026-06-30,2026-07-01,1,605208,永茂泰,0
2026-07-31,2026-08-03,1,605208,永茂泰,0
2026-01-19,2026-01-20,1,605376,博迁新材,0
2026-02-04,2026-02-05,1,605376,博迁新材,0
2026-04-22,2026-04-23,1,605376,博迁新材,0
2026-04-30,2026-05-06,1,605376,博迁新材,0
2026-05-19,2026-05-20,1,605376,博迁新材,0
2026-05-22,2026-05-25,1,605376,博迁新材,0
2026-05-28,2026-05-29,1,605376,博迁新材,0
2026-06-09,2026-06-10,1,605376,博迁新材,0
2026-06-15,2026-06-16,1,605376,博迁新材,0
2026-06-18,2026-06-22,1,605376,博迁新材,0
2026-06-25,2026-06-26,1,605376,博迁新材,0
2026-07-21,2026-07-22,1,605376,博迁新材,0
2026-07-27,2026-07-28,1,605376,博迁新材,0
2026-08-05,2026-08-06,1,605376,博迁新材,0
2026-05-08,2026-05-11,1,600222,太龙药业,0
2026-06-29,2026-06-30,1,600222,太龙药业,0
2026-08-17,2026-08-18,1,600222,太龙药业,0
2026-02-24,2026-02-25,1,002811,郑中设计,1
2026-02-25,2026-02-26,2,002811,郑中设计,0
2026-08-14,2026-08-17,1,002811,郑中设计,0
2026-08-20,2026-08-21,1,002811,郑中设计,0
2026-01-09,2026-01-12,1,600986,浙文互联,1
2026-01-12,2026-01-13,2,600986,浙文互联,0
2026-01-14,2026-01-15,1,600986,浙文互联,0
2026-01-20,2026-01-21,1,600986,浙文互联,0
2026-01-23,2026-01-26,1,600986,浙文互联,1
2026-01-26,2026-01-27,2,600986,浙文互联,0
2026-01-29,2026-01-30,1,600986,浙文互联,0
2026-02-03,2026-02-04,1,600986,浙文互联,0
2026-04-08,2026-04-09,1,600986,浙文互联,0
2026-04-23,2026-04-24,1,600986,浙文互联,0
2026-07-31,2026-08-03,1,600986,浙文互联,0
2026-05-07,2026-05-08,1,603997,继峰股份,0
2026-06-02,2026-06-03,1,603997,继峰股份,0
2026-09-02,2026-09-03,1,600657,信达地产,1
2026-09-03,2026-09-04,2,600657,信达地产,0
2026-07-14,2026-07-15,1,002128,电投能源,0
2026-07-07,2026-07-08,1,002841,视源股份,1
2026-07-08,2026-07-09,2,002841,视源股份,1
2026-07-09,2026-07-10,3,002841,视源股份,0
2026-03-04,2026-03-05,1,603175,超颖电子,0
2026-03-16,2026-03-17,1,603175,超颖电子,0
2026-03-25,2026-03-26,1,603175,超颖电子,0
2026-04-08,2026-04-09,1,603175,超颖电子,0
2026-06-16,2026-06-17,1,603175,超颖电子,0
2026-09-21,2026-09-22,1,603175,超颖电子,0
2026-03-05,2026-03-06,1,601727,上海电气,0
2026-07-31,2026-08-03,1,603721,中广天择,0
2026-08-17,2026-08-18,1,603721,中广天择,0
2026-08-31,2026-09-01,1,603721,中广天择,1
2026-09-01,2026-09-02,2,603721,中广天择,0
2026-01-05,2026-01-06,1,603986,兆易创新,0
2026-01-16,2026-01-19,1,603986,兆易创新,0
2026-03-16,2026-03-17,1,603986,兆易创新,0
2026-05-06,2026-05-07,1,603986,兆易创新,0
2026-05-20,2026-05-21,1,603986,兆易创新,0
2026-05-25,2026-05-26,1,603986,兆易创新,0
2026-06-17,2026-06-18,1,603986,兆易创新,0
2026-06-22,2026-06-23,1,603986,兆易创新,0
2026-06-24,2026-06-25,1,603986,兆易创新,1
2026-06-25,2026-06-26,2,603986,兆易创新,0
2026-07-09,2026-07-10,1,603986,兆易创新,0
2026-07-21,2026-07-22,1,603986,兆易创新,0
2026-02-25,2026-02-26,1,605196,华通线缆,0
2026-03-04,2026-03-05,1,605196,华通线缆,0
2026-03-24,2026-03-25,1,605196,华通线缆,0
2026-05-26,2026-05-27,1,605196,华通线缆,0
2026-07-06,2026-07-07,1,605196,华通线缆,0
2026-07-14,2026-07-15,1,605196,华通线缆,0
2026-07-22,2026-07-23,1,605196,华通线缆,0
2026-09-21,2026-09-22,1,605196,华通线缆,0
2026-05-18,2026-05-19,1,603206,嘉环科技,1
2026-05-19,2026-05-20,2,603206,嘉环科技,0
2026-06-08,2026-06-09,1,603206,嘉环科技,0
2026-08-05,2026-08-06,1,603206,嘉环科技,0
2026-01-12,2026-01-13,1,002712,思美传媒,0
2026-01-06,2026-01-07,1,002425,凯撒文化,0
2026-08-04,2026-08-05,1,002425,凯撒文化,1
2026-08-05,2026-08-06,2,002425,凯撒文化,1
2026-08-06,2026-08-07,3,002425,凯撒文化,0
2026-09-01,2026-09-02,1,002425,凯撒文化,0
2026-03-06,2026-03-09,1,001696,宗申动力,0
2026-06-08,2026-06-09,1,001696,宗申动力,1
2026-06-09,2026-06-10,2,001696,宗申动力,0
2026-06-11,2026-06-12,1,001696,宗申动力,0
2026-08-12,2026-08-13,1,001696,宗申动力,0
2026-01-12,2026-01-13,1,000681,视觉中国,1
2026-01-13,2026-01-14,2,000681,视觉中国,0
2026-01-15,2026-01-16,1,000681,视觉中国,0
2026-02-10,2026-02-11,1,000681,视觉中国,0
2026-06-01,2026-06-02,1,000681,视觉中国,0
2026-06-09,2026-06-10,1,000681,视觉中国,0
2026-04-27,2026-04-28,1,603501,豪威集团,0
2025-12-30,2025-12-31,1,600376,首开股份,0
2026-03-10,2026-03-11,1,600376,首开股份,0
2026-03-23,2026-03-24,1,600376,首开股份,0
2026-05-25,2026-05-26,1,600376,首开股份,0
2026-07-03,2026-07-06,1,600376,首开股份,0
2026-07-10,2026-07-13,1,600376,首开股份,0
2026-07-27,2026-07-28,1,600376,首开股份,0
2026-08-12,2026-08-13,1,600376,首开股份,0
2026-02-10,2026-02-11,1,600088,中视传媒,0
2026-05-15,2026-05-18,1,600088,中视传媒,0
2026-06-10,2026-06-11,1,600088,中视传媒,0
2026-09-11,2026-09-14,1,600088,中视传媒,1
2026-09-14,2026-09-15,2,600088,中视传媒,0
2026-01-23,2026-01-26,1,002150,正泰电源,0
2026-01-27,2026-01-28,1,002150,正泰电源,0
2026-02-06,2026-02-09,1,002150,正泰电源,0
2026-03-11,2026-03-12,1,002150,正泰电源,1
2026-03-12,2026-03-13,2,002150,正泰电源,0
2026-03-17,2026-03-18,1,002150,正泰电源,0
2026-03-20,2026-03-23,1,002150,正泰电源,1
2026-03-23,2026-03-24,2,002150,正泰电源,0
2026-04-09,2026-04-10,1,002150,正泰电源,0
2026-05-19,2026-05-20,1,002150,正泰电源,0
2026-01-08,2026-01-09,1,002989,中天精装,0
2026-02-25,2026-02-26,1,002989,中天精装,0
2026-04-28,2026-04-29,1,002989,中天精装,0
2026-04-30,2026-05-06,1,002989,中天精装,1
2026-05-06,2026-05-07,2,002989,中天精装,0
2026-06-16,2026-06-17,1,002989,中天精装,1
2026-06-17,2026-06-18,2,002989,中天精装,1
2026-06-18,2026-06-22,3,002989,中天精装,0
2026-07-06,2026-07-07,1,002989,中天精装,0
2026-07-10,2026-07-13,1,002989,中天精装,0
2026-08-04,2026-08-05,1,002989,中天精装,0
2026-08-14,2026-08-17,1,002989,中天精装,0
2026-01-08,2026-01-09,1,603588,高能环境,0
2026-06-22,2026-06-23,1,603588,高能环境,0
2026-02-10,2026-02-11,1,600715,文投控股,0
2026-04-21,2026-04-22,1,600715,文投控股,0
2026-08-11,2026-08-12,1,600715,文投控股,0
2026-01-14,2026-01-15,1,001228,永泰运,0
2026-07-01,2026-07-02,1,603351,威尔药业,0
2026-03-27,2026-03-30,1,603002,宏昌电子,0
2026-04-07,2026-04-08,1,603002,宏昌电子,0
2026-04-14,2026-04-15,1,603002,宏昌电子,0
2026-05-07,2026-05-08,1,603002,宏昌电子,0
2026-06-09,2026-06-10,1,603002,宏昌电子,1
2026-06-10,2026-06-11,2,603002,宏昌电子,0
2026-06-15,2026-06-16,1,603002,宏昌电子,1
2026-06-16,2026-06-17,2,603002,宏昌电子,1
2026-06-17,2026-06-18,3,603002,宏昌电子,0
2026-06-22,2026-06-23,1,603002,宏昌电子,0
2026-08-17,2026-08-18,1,603002,宏昌电子,0
2026-08-27,2026-08-28,1,603002,宏昌电子,0
2026-01-20,2026-01-21,1,600539,狮头股份,0
2026-03-24,2026-03-25,1,600539,狮头股份,1
2026-03-25,2026-03-26,2,600539,狮头股份,0
2026-03-27,2026-03-30,1,600539,狮头股份,1
2026-03-30,2026-03-31,2,600539,狮头股份,0
2026-04-14,2026-04-15,1,600539,狮头股份,0
2026-05-07,2026-05-08,1,600539,狮头股份,0
2026-05-22,2026-05-25,1,600539,狮头股份,1
2026-05-25,2026-05-26,2,600539,狮头股份,0
2026-06-01,2026-06-02,1,600539,狮头股份,0
2026-06-08,2026-06-09,1,600539,狮头股份,0
2026-06-12,2026-06-15,1,600539,狮头股份,0
2026-06-26,2026-06-29,1,600539,狮头股份,0
2026-07-15,2026-07-16,1,600539,狮头股份,0
2026-07-24,2026-07-27,1,600539,狮头股份,0
2026-08-20,2026-08-21,1,600539,狮头股份,0
2026-07-01,2026-07-02,1,002403,爱仕达,0
2026-07-06,2026-07-07,1,002403,爱仕达,0
2026-09-03,2026-09-04,1,002403,爱仕达,1
2026-09-04,2026-09-07,2,002403,爱仕达,1
2026-09-07,2026-09-08,3,002403,爱仕达,1
2026-09-08,2026-09-09,4,002403,爱仕达,0
2026-02-06,2026-02-09,1,002099,海翔药业,1
2026-02-09,2026-02-10,2,002099,海翔药业,0
2026-02-26,2026-02-27,1,002099,海翔药业,0
2026-06-01,2026-06-02,1,002099,海翔药业,0
2026-07-01,2026-07-02,1,000795,英洛华,0
2026-01-12,2026-01-13,1,002354,天娱数科,0
2026-01-14,2026-01-15,1,002354,天娱数科,0
2026-04-29,2026-04-30,1,002354,天娱数科,0
2026-05-18,2026-05-19,1,002354,天娱数科,0
2026-06-05,2026-06-08,1,002354,天娱数科,1
2026-06-08,2026-06-09,2,002354,天娱数科,1
2026-06-09,2026-06-10,3,002354,天娱数科,1
2026-06-10,2026-06-11,4,002354,天娱数科,0
2026-06-18,2026-06-22,1,002354,天娱数科,1
2026-06-22,2026-06-23,2,002354,天娱数科,0
2026-06-24,2026-06-25,1,002354,天娱数科,0
2026-06-26,2026-06-29,1,002354,天娱数科,0
2026-07-02,2026-07-03,1,002354,天娱数科,0
2026-07-31,2026-08-03,1,002354,天娱数科,1
2026-08-03,2026-08-04,2,002354,天娱数科,1
2026-08-04,2026-08-05,3,002354,天娱数科,0
2026-08-28,2026-08-31,1,002354,天娱数科,0
2026-06-01,2026-06-02,1,601918,新集能源,0
2026-04-20,2026-04-21,1,603699,纽威股份,0
2026-01-19,2026-01-20,1,002995,天地在线,0
2026-01-21,2026-01-22,1,002995,天地在线,0
2026-01-26,2026-01-27,1,002995,天地在线,1
2026-01-27,2026-01-28,2,002995,天地在线,0
2026-01-29,2026-01-30,1,002995,天地在线,1
2026-01-30,2026-02-02,2,002995,天地在线,0
2026-02-05,2026-02-06,1,002995,天地在线,0
2026-03-16,2026-03-17,1,002995,天地在线,0
2026-03-27,2026-03-30,1,002995,天地在线,0
2026-03-31,2026-04-01,1,002995,天地在线,0
2026-04-08,2026-04-09,1,002995,天地在线,0
2026-05-28,2026-05-29,1,002995,天地在线,1
2026-05-29,2026-06-01,2,002995,天地在线,1
2026-06-01,2026-06-02,3,002995,天地在线,0
2026-06-09,2026-06-10,1,002995,天地在线,0
2026-07-02,2026-07-03,1,002995,天地在线,0
2026-07-28,2026-07-29,1,002995,天地在线,0
2026-07-02,2026-07-03,1,002696,百洋股份,0
2026-08-10,2026-08-11,1,002696,百洋股份,0
2026-09-01,2026-09-02,1,002696,百洋股份,0
2025-12-31,2026-01-05,1,600266,城建发展,1
2026-01-05,2026-01-06,2,600266,城建发展,1
2026-01-06,2026-01-07,3,600266,城建发展,1
2026-01-07,2026-01-08,4,600266,城建发展,0
2026-01-16,2026-01-19,1,600266,城建发展,0
2026-02-03,2026-02-04,1,600266,城建发展,0
2026-08-12,2026-08-13,1,600266,城建发展,0
2026-01-23,2026-01-26,1,601118,海南橡胶,0
2026-01-29,2026-01-30,1,601118,海南橡胶,0
2026-08-20,2026-08-21,1,601118,海南橡胶,0
2026-09-08,2026-09-09,1,002343,慈文传媒,0
2026-01-07,2026-01-08,1,600637,东方明珠,1
2026-01-08,2026-01-09,2,600637,东方明珠,1
2026-01-09,2026-01-12,3,600637,东方明珠,1
2026-01-12,2026-01-13,4,600637,东方明珠,0
2026-04-27,2026-04-28,1,600637,东方明珠,0
2026-05-25,2026-05-26,1,600637,东方明珠,0
2026-08-19,2026-08-20,1,603506,南都物业,0
2026-02-09,2026-02-10,1,601595,上海电影,1
2026-02-10,2026-02-11,2,601595,上海电影,0
2026-07-16,2026-07-17,1,601595,上海电影,0
2026-08-31,2026-09-01,1,601595,上海电影,0
2026-09-07,2026-09-08,1,601595,上海电影,1
2026-09-08,2026-09-09,2,601595,上海电影,0
2026-03-10,2026-03-11,1,002335,科华数据,0
2026-05-07,2026-05-08,1,002335,科华数据,0
2026-06-15,2026-06-16,1,002335,科华数据,0
2026-06-25,2026-06-26,1,002335,科华数据,0
2026-02-27,2026-03-02,1,000993,闽东电力,0
2026-03-25,2026-03-26,1,000993,闽东电力,0
2026-03-31,2026-04-01,1,000993,闽东电力,0
2026-05-13,2026-05-14,1,000993,闽东电力,0
2026-09-09,2026-09-10,1,000993,闽东电力,1
2026-09-10,2026-09-11,2,000993,闽东电力,1
2026-09-11,2026-09-14,3,000993,闽东电力,1
2026-09-14,2026-09-15,4,000993,闽东电力,1
2026-09-15,2026-09-16,5,000993,闽东电力,1
2026-09-16,2026-09-17,6,000993,闽东电力,0
2025-12-29,2025-12-30,1,603192,汇得科技,1
2025-12-30,2025-12-31,2,603192,汇得科技,0
2026-07-15,2026-07-16,1,603192,汇得科技,0
2026-07-21,2026-07-22,1,603192,汇得科技,0
2026-08-03,2026-08-04,1,603192,汇得科技,0
2026-09-07,2026-09-08,1,603192,汇得科技,0
2026-08-25,2026-08-26,1,002855,捷荣技术,1
2026-08-26,2026-08-27,2,002855,捷荣技术,1
2026-08-27,2026-08-28,3,002855,捷荣技术,1
2026-08-28,2026-08-31,4,002855,捷荣技术,1
2026-08-31,2026-09-01,5,002855,捷荣技术,1
2026-09-01,2026-09-02,6,002855,捷荣技术,0
2026-01-12,2026-01-13,1,601360,三六零,0
2026-02-09,2026-02-10,1,601360,三六零,0
2026-03-31,2026-04-01,1,603657,春光科技,0
2026-04-27,2026-04-28,1,603657,春光科技,0
2026-05-18,2026-05-19,1,603657,春光科技,0
2026-06-11,2026-06-12,1,603657,春光科技,0
2026-06-30,2026-07-01,1,603657,春光科技,0
2026-07-15,2026-07-16,1,603657,春光科技,0
2026-07-27,2026-07-28,1,603657,春光科技,0
2026-08-05,2026-08-06,1,603657,春光科技,0
2026-08-17,2026-08-18,1,603657,春光科技,0
2026-09-14,2026-09-15,1,603657,春光科技,0
2026-01-14,2026-01-15,1,605118,力鼎光电,0
2026-01-22,2026-01-23,1,605118,力鼎光电,0
2026-04-27,2026-04-28,1,605118,力鼎光电,0
2026-06-23,2026-06-24,1,605118,力鼎光电,0
2026-07-07,2026-07-08,1,605118,力鼎光电,0
2026-08-31,2026-09-01,1,605118,力鼎光电,0
2026-09-02,2026-09-03,1,605118,力鼎光电,0
2026-02-11,2026-02-12,1,001359,平安电工,0
2026-05-12,2026-05-13,1,001359,平安电工,0
2026-06-12,2026-06-15,1,001359,平安电工,1
2026-06-15,2026-06-16,2,001359,平安电工,0
2026-06-22,2026-06-23,1,001359,平安电工,0
2026-06-24,2026-06-25,1,001359,平安电工,0
2026-07-31,2026-08-03,1,001359,平安电工,0
2026-08-05,2026-08-06,1,001359,平安电工,0
2026-08-18,2026-08-19,1,600598,北大荒,0
2026-02-05,2026-02-06,1,601187,厦门银行,0
2026-01-06,2026-01-07,1,002813,路畅科技,0
2026-01-07,2026-01-08,1,600673,东阳光,0
2026-02-03,2026-02-04,1,600673,东阳光,0
2026-02-12,2026-02-13,1,600673,东阳光,0
2026-05-06,2026-05-07,1,600673,东阳光,1
2026-05-07,2026-05-08,2,600673,东阳光,0
2026-06-09,2026-06-10,1,600673,东阳光,0
2026-06-17,2026-06-18,1,600673,东阳光,0
2026-07-01,2026-07-02,1,600673,东阳光,0
2026-07-31,2026-08-03,1,600673,东阳光,0
2026-08-04,2026-08-05,1,600673,东阳光,0
2026-09-16,2026-09-17,1,600616,金枫酒业,0
2026-01-14,2026-01-15,1,603918,金桥信息,0
2026-07-28,2026-07-29,1,603918,金桥信息,0
2026-08-06,2026-08-07,1,003040,楚天龙,0
2026-08-21,2026-08-24,1,003040,楚天龙,1
2026-08-24,2026-08-25,2,003040,楚天龙,1
2026-08-25,2026-08-26,3,003040,楚天龙,1
2026-08-26,2026-08-27,4,003040,楚天龙,1
2026-08-27,2026-08-28,5,003040,楚天龙,0
2026-09-01,2026-09-02,1,003040,楚天龙,0
2026-09-04,2026-09-07,1,003040,楚天龙,0
2026-06-15,2026-06-16,1,002972,科安达,0
2026-09-07,2026-09-08,1,002972,科安达,0
2026-01-08,2026-01-09,1,002279,久其软件,0
2026-01-21,2026-01-22,1,002279,久其软件,1
2026-01-22,2026-01-23,2,002279,久其软件,0
2026-06-01,2026-06-02,1,002279,久其软件,0
2026-07-28,2026-07-29,1,002279,久其软件,0
2026-08-28,2026-08-31,1,002279,久其软件,0
2026-02-11,2026-02-12,1,600980,北矿科技,0
2026-07-23,2026-07-24,1,600980,北矿科技,0
2026-01-12,2026-01-13,1,000892,欢瑞世纪,0
2026-02-09,2026-02-10,1,000892,欢瑞世纪,1
2026-02-10,2026-02-11,2,000892,欢瑞世纪,1
2026-02-11,2026-02-12,3,000892,欢瑞世纪,0
2026-04-08,2026-04-09,1,000892,欢瑞世纪,0
2026-05-27,2026-05-28,1,000892,欢瑞世纪,0
2026-07-02,2026-07-03,1,000892,欢瑞世纪,0
2026-07-06,2026-07-07,1,000892,欢瑞世纪,0
2026-07-09,2026-07-10,1,000892,欢瑞世纪,1
2026-07-10,2026-07-13,2,000892,欢瑞世纪,0
2026-07-16,2026-07-17,1,000892,欢瑞世纪,0
2026-07-29,2026-07-30,1,000892,欢瑞世纪,0
2026-07-31,2026-08-03,1,000892,欢瑞世纪,0
2026-08-04,2026-08-05,1,000892,欢瑞世纪,0
2026-08-31,2026-09-01,1,000892,欢瑞世纪,1
2026-09-01,2026-09-02,2,000892,欢瑞世纪,1
2026-09-02,2026-09-03,3,000892,欢瑞世纪,0
2026-09-04,2026-09-07,1,000892,欢瑞世纪,0
2025-12-26,2025-12-29,1,000688,国城矿业,0
2026-01-21,2026-01-22,1,000688,国城矿业,0
2026-03-24,2026-03-25,1,000688,国城矿业,0
2026-04-13,2026-04-14,1,000688,国城矿业,0
2026-06-11,2026-06-12,1,000688,国城矿业,0
2026-07-23,2026-07-24,1,000688,国城矿业,0
2026-03-12,2026-03-13,1,002869,金溢科技,0
2026-07-28,2026-07-29,1,002869,金溢科技,0
2026-09-21,2026-09-22,1,002869,金溢科技,0
2026-02-11,2026-02-12,1,605006,山东玻纤,1
2026-02-12,2026-02-13,2,605006,山东玻纤,0
2026-02-24,2026-02-25,1,605006,山东玻纤,0
2026-04-01,2026-04-02,1,605006,山东玻纤,0
2026-04-10,2026-04-13,1,605006,山东玻纤,0
2026-04-27,2026-04-28,1,605006,山东玻纤,0
2026-04-29,2026-04-30,1,605006,山东玻纤,0
2026-05-07,2026-05-08,1,605006,山东玻纤,1
2026-05-08,2026-05-11,2,605006,山东玻纤,1
2026-05-11,2026-05-12,3,605006,山东玻纤,0
2026-05-22,2026-05-25,1,605006,山东玻纤,0
2026-05-26,2026-05-27,1,605006,山东玻纤,0
2026-06-09,2026-06-10,1,605006,山东玻纤,1
2026-06-10,2026-06-11,2,605006,山东玻纤,0
2026-06-16,2026-06-17,1,605006,山东玻纤,0
2026-07-27,2026-07-28,1,605006,山东玻纤,0
2026-08-28,2026-08-31,1,605006,山东玻纤,0
2026-09-02,2026-09-03,1,605006,山东玻纤,0
2026-01-23,2026-01-26,1,601702,华峰铝业,0
2026-01-28,2026-01-29,1,601702,华峰铝业,0
2026-05-29,2026-06-01,1,601702,华峰铝业,0
2026-08-18,2026-08-19,1,601702,华峰铝业,0
2026-04-30,2026-05-06,1,000790,华神科技,0
2026-01-05,2026-01-06,1,603666,亿嘉和,0
2026-07-01,2026-07-02,1,603666,亿嘉和,0
2026-07-09,2026-07-10,1,603666,亿嘉和,0
2026-08-20,2026-08-21,1,603666,亿嘉和,0
2026-05-25,2026-05-26,1,002674,兴业科技,0
2026-06-18,2026-06-22,1,002674,兴业科技,1
2026-06-22,2026-06-23,2,002674,兴业科技,1
2026-06-23,2026-06-24,3,002674,兴业科技,1
2026-06-24,2026-06-25,4,002674,兴业科技,1
2026-06-25,2026-06-26,5,002674,兴业科技,1
2026-06-26,2026-06-29,6,002674,兴业科技,1
2026-07-02,2026-07-03,1,002674,兴业科技,0
2026-07-08,2026-07-09,1,002674,兴业科技,0
2026-07-23,2026-07-24,1,002674,兴业科技,0
2026-08-04,2026-08-05,1,002674,兴业科技,1
2026-08-05,2026-08-06,2,002674,兴业科技,0
2026-01-07,2026-01-08,1,002929,润建股份,0
2026-04-08,2026-04-09,1,002929,润建股份,0
2026-04-13,2026-04-14,1,002929,润建股份,0
2026-04-16,2026-04-17,1,002929,润建股份,0
2026-04-30,2026-05-06,1,002929,润建股份,0
2026-05-07,2026-05-08,1,002929,润建股份,1
2026-05-08,2026-05-11,2,002929,润建股份,0
2026-05-13,2026-05-14,1,002929,润建股份,0
2026-06-30,2026-07-01,1,002929,润建股份,1
2026-07-01,2026-07-02,2,002929,润建股份,0
2026-07-31,2026-08-03,1,002929,润建股份,0
2026-08-04,2026-08-05,1,002929,润建股份,0
2026-01-14,2026-01-15,1,002153,石基信息,1
2026-01-15,2026-01-16,2,002153,石基信息,0
2026-08-10,2026-08-11,1,002153,石基信息,0
2026-05-19,2026-05-20,1,002226,江南化工,0
2026-05-28,2026-05-29,1,603955,大千生态,0
2026-07-27,2026-07-28,1,603955,大千生态,0
2026-01-09,2026-01-12,1,000503,国新健康,1
2026-01-12,2026-01-13,2,000503,国新健康,0
2026-07-28,2026-07-29,1,000503,国新健康,0
2026-01-14,2026-01-15,1,603881,数据港,0
2026-02-06,2026-02-09,1,603881,数据港,0
2026-03-18,2026-03-19,1,603881,数据港,0
2026-04-08,2026-04-09,1,603881,数据港,0
2026-07-08,2026-07-09,1,603881,数据港,0
2026-08-14,2026-08-17,1,603881,数据港,0
2026-04-07,2026-04-08,1,002442,龙星科技,0
2026-05-20,2026-05-21,1,002442,龙星科技,1
2026-05-21,2026-05-22,2,002442,龙星科技,1
2026-05-22,2026-05-25,3,002442,龙星科技,0
2026-06-18,2026-06-22,1,002442,龙星科技,0
2026-07-01,2026-07-02,1,002442,龙星科技,0
2026-09-16,2026-09-17,1,002442,龙星科技,0
2026-07-08,2026-07-09,1,000948,南天信息,0
2026-07-28,2026-07-29,1,000948,南天信息,0
2026-06-10,2026-06-11,1,600229,城市传媒,0
2026-06-12,2026-06-15,1,600229,城市传媒,0
2026-03-24,2026-03-25,1,002222,福晶科技,0
2026-03-30,2026-03-31,1,002222,福晶科技,0
2026-04-03,2026-04-07,1,002222,福晶科技,0
2026-05-08,2026-05-11,1,002222,福晶科技,0
2026-08-05,2026-08-06,1,002222,福晶科技,0
2025-12-19,2025-12-22,1,002677,浙江美大,0
2026-01-08,2026-01-09,1,002677,浙江美大,0
2026-07-03,2026-07-06,1,002677,浙江美大,0
2026-07-08,2026-07-09,1,002677,浙江美大,1
2026-07-17,2026-07-20,3,002677,浙江美大,0
2026-06-29,2026-06-30,1,605499,东鹏饮料,0
2026-02-06,2026-02-09,1,603823,百合花,0
2026-05-19,2026-05-20,1,603823,百合花,0
2026-05-25,2026-05-26,1,603823,百合花,0
2026-06-01,2026-06-02,1,603823,百合花,0
2026-06-08,2026-06-09,1,603823,百合花,0
2026-06-10,2026-06-11,1,603823,百合花,1
2026-06-11,2026-06-12,2,603823,百合花,0
2026-06-22,2026-06-23,1,603823,百合花,0
2026-06-30,2026-07-01,1,603823,百合花,0
2026-07-06,2026-07-07,1,603823,百合花,1
2026-07-07,2026-07-08,2,603823,百合花,0
2026-07-20,2026-07-21,1,603823,百合花,0
2026-08-03,2026-08-04,1,603823,百合花,0
2026-08-05,2026-08-06,1,603823,百合花,1
2026-08-06,2026-08-07,2,603823,百合花,0
2026-08-11,2026-08-12,1,603823,百合花,0
2026-08-17,2026-08-18,1,603823,百合花,1
2026-08-18,2026-08-19,2,603823,百合花,0
2026-09-07,2026-09-08,1,603823,百合花,1
2026-09-08,2026-09-09,2,603823,百合花,0
2026-01-09,2026-01-12,1,002181,粤 传 媒,1
2026-01-12,2026-01-13,2,002181,粤 传 媒,0
2026-01-14,2026-01-15,1,002181,粤 传 媒,0
2026-01-20,2026-01-21,1,002181,粤 传 媒,0
2026-01-29,2026-01-30,1,002181,粤 传 媒,0
2026-02-10,2026-02-11,1,002181,粤 传 媒,0
2026-04-07,2026-04-08,1,002181,粤 传 媒,1
2026-04-08,2026-04-09,2,002181,粤 传 媒,0
2026-04-27,2026-04-28,1,002181,粤 传 媒,0
2026-04-30,2026-05-06,1,002181,粤 传 媒,1
2026-05-06,2026-05-07,2,002181,粤 传 媒,0
2026-05-15,2026-05-18,1,002181,粤 传 媒,0
2026-05-26,2026-05-27,1,002181,粤 传 媒,0
2026-06-01,2026-06-02,1,002181,粤 传 媒,0
2026-09-01,2026-09-02,1,002181,粤 传 媒,0
2025-12-30,2025-12-31,1,000665,湖北广电,0
2026-08-12,2026-08-13,1,000665,湖北广电,0
2026-04-17,2026-04-20,1,603178,圣龙股份,1
2026-04-20,2026-04-21,2,603178,圣龙股份,1
2026-04-21,2026-04-22,3,603178,圣龙股份,0
2026-04-30,2026-05-06,1,603178,圣龙股份,0
2026-05-19,2026-05-20,1,603178,圣龙股份,0
2026-07-03,2026-07-06,1,603178,圣龙股份,0
2026-07-07,2026-07-08,1,603178,圣龙股份,0
2026-07-16,2026-07-17,1,603178,圣龙股份,0
2026-07-29,2026-07-30,1,603178,圣龙股份,0
2026-08-31,2026-09-01,1,603178,圣龙股份,0
2026-01-30,2026-02-02,1,002952,亚世光电,0
2026-03-03,2026-03-04,1,002952,亚世光电,0
2026-03-05,2026-03-06,1,002952,亚世光电,0
2026-04-03,2026-04-07,1,002952,亚世光电,0
2026-04-21,2026-04-22,1,002952,亚世光电,0
2026-05-21,2026-05-22,1,002952,亚世光电,0
2026-08-28,2026-08-31,1,002952,亚世光电,0
2026-08-13,2026-08-14,1,600613,神奇制药,1
2026-08-14,2026-08-17,2,600613,神奇制药,1
2026-08-17,2026-08-18,3,600613,神奇制药,1
2026-08-18,2026-08-19,4,600613,神奇制药,0
2026-08-20,2026-08-21,1,600613,神奇制药,0
2026-08-24,2026-08-25,1,600613,神奇制药,0
2026-08-27,2026-08-28,1,600613,神奇制药,0
2026-09-21,2026-09-22,1,600613,神奇制药,0
2025-12-26,2025-12-29,1,600362,江西铜业,0
2026-01-29,2026-01-30,1,600362,江西铜业,0
2026-06-02,2026-06-03,1,600362,江西铜业,0
2026-06-15,2026-06-16,1,600362,江西铜业,0
2026-06-18,2026-06-22,1,600362,江西铜业,0
2026-07-14,2026-07-15,1,600362,江西铜业,0
2026-08-26,2026-08-27,1,600362,江西铜业,0
2026-08-26,2026-08-27,1,002295,精艺股份,0
2026-09-01,2026-09-02,1,002295,精艺股份,0
2026-09-08,2026-09-09,1,002295,精艺股份,1
2026-09-09,2026-09-10,2,002295,精艺股份,0
2026-06-03,2026-06-04,1,603886,元祖股份,0
2026-06-10,2026-06-11,1,603886,元祖股份,0
2026-01-16,2026-01-19,1,002331,皖通科技,0
2026-04-20,2026-04-21,1,002331,皖通科技,0
2026-04-24,2026-04-27,1,002331,皖通科技,0
2026-03-31,2026-04-01,1,000631,顺发恒能,0
2026-06-11,2026-06-12,1,000631,顺发恒能,0
2025-12-29,2025-12-30,1,603778,国晟科技,0
2026-01-05,2026-01-06,1,603778,国晟科技,1
2026-01-12,2026-01-13,3,603778,国晟科技,0
2026-01-14,2026-01-15,1,603778,国晟科技,0
2026-01-22,2026-01-23,1,603778,国晟科技,0
2026-02-03,2026-02-04,1,603778,国晟科技,1
2026-02-04,2026-02-05,2,603778,国晟科技,0
2026-03-03,2026-03-04,1,603778,国晟科技,0
2026-03-06,2026-03-09,1,603778,国晟科技,0
2026-03-11,2026-03-12,1,603778,国晟科技,0
2026-03-16,2026-03-17,1,603778,国晟科技,1
2026-03-17,2026-03-18,2,603778,国晟科技,0
2026-03-20,2026-03-23,1,603778,国晟科技,0
2026-03-30,2026-03-31,1,603778,国晟科技,0
2026-04-01,2026-04-02,1,603778,国晟科技,0
2026-04-07,2026-04-08,1,603778,国晟科技,0
2026-04-20,2026-04-21,1,603778,国晟科技,0
2026-06-01,2026-06-02,1,603778,国晟科技,0
2026-06-08,2026-06-09,1,603778,国晟科技,0
2026-07-02,2026-07-03,1,603778,国晟科技,0
2026-08-03,2026-08-04,1,603778,国晟科技,0
2026-08-28,2026-08-31,1,603778,国晟科技,0
2026-09-02,2026-09-03,1,603778,国晟科技,0
2026-03-16,2026-03-17,1,002990,盛视科技,0
2026-04-14,2026-04-15,1,002990,盛视科技,1
2026-04-15,2026-04-16,2,002990,盛视科技,1
2026-04-16,2026-04-17,3,002990,盛视科技,1
2026-04-17,2026-04-20,4,002990,盛视科技,0
2026-04-24,2026-04-27,1,002990,盛视科技,0
2026-04-30,2026-05-06,1,002990,盛视科技,0
2026-05-07,2026-05-08,1,002990,盛视科技,0
2026-05-14,2026-05-15,1,002990,盛视科技,0
2026-06-15,2026-06-16,1,002990,盛视科技,1
2026-06-16,2026-06-17,2,002990,盛视科技,0
2026-06-24,2026-06-25,1,002990,盛视科技,1
2026-06-25,2026-06-26,2,002990,盛视科技,0
2026-08-04,2026-08-05,1,002990,盛视科技,1
2026-08-05,2026-08-06,2,002990,盛视科技,0
2026-01-26,2026-01-27,1,603132,金徽股份,1
2026-01-27,2026-01-28,2,603132,金徽股份,1
2026-01-28,2026-01-29,3,603132,金徽股份,0
2026-03-27,2026-03-30,1,603132,金徽股份,0
2026-01-21,2026-01-22,1,002799,环球印务,0
2026-06-08,2026-06-09,1,603669,灵康药业,0
2026-06-23,2026-06-24,1,603669,灵康药业,0
2026-07-13,2026-07-14,1,603669,灵康药业,0
2026-07-15,2026-07-16,1,603669,灵康药业,0
2026-04-27,2026-04-28,1,603610,麒盛科技,0
2026-05-14,2026-05-15,1,603610,麒盛科技,0
2026-06-04,2026-06-05,1,603610,麒盛科技,0
2026-07-20,2026-07-21,1,603610,麒盛科技,0
2026-07-27,2026-07-28,1,603610,麒盛科技,0
2026-08-03,2026-08-04,1,603610,麒盛科技,0
2026-02-09,2026-02-10,1,603466,风语筑,1
2026-02-10,2026-02-11,2,603466,风语筑,0
2026-02-13,2026-02-24,1,603466,风语筑,1
2026-02-24,2026-02-25,2,603466,风语筑,0
2026-05-19,2026-05-20,1,603466,风语筑,0
2026-06-23,2026-06-24,1,603466,风语筑,0
2026-07-03,2026-07-06,1,603466,风语筑,0
2026-07-14,2026-07-15,1,603466,风语筑,0
2026-07-31,2026-08-03,1,603466,风语筑,0
2026-08-04,2026-08-05,1,603466,风语筑,0
2026-08-12,2026-08-13,1,603466,风语筑,1
2026-08-13,2026-08-14,2,603466,风语筑,0
2026-09-11,2026-09-14,1,603466,风语筑,0
2026-01-16,2026-01-19,1,600234,科新发展,0
2026-03-13,2026-03-16,1,600234,科新发展,0
2026-03-24,2026-03-25,1,600234,科新发展,0
2026-04-17,2026-04-20,1,600234,科新发展,1
2026-04-20,2026-04-21,2,600234,科新发展,0
2026-04-22,2026-04-23,1,600234,科新发展,0
2026-05-08,2026-05-11,1,600234,科新发展,1
2026-05-11,2026-05-12,2,600234,科新发展,0
2026-05-22,2026-05-25,1,600234,科新发展,1
2026-05-25,2026-05-26,2,600234,科新发展,0
2026-06-22,2026-06-23,1,600234,科新发展,0
2026-08-12,2026-08-13,1,600234,科新发展,0
2026-09-03,2026-09-04,1,600234,科新发展,0
2025-12-26,2025-12-29,1,002151,北斗星通,0
2025-12-31,2026-01-05,1,002151,北斗星通,1
2026-01-05,2026-01-06,2,002151,北斗星通,1
2026-01-06,2026-01-07,3,002151,北斗星通,0
2026-01-12,2026-01-13,1,002151,北斗星通,0
2026-04-30,2026-05-06,1,603190,烟台亚通精工机械,0
2026-01-19,2026-01-20,1,002426,胜利精密,0
2026-03-16,2026-03-17,1,002426,胜利精密,0
2026-06-01,2026-06-02,1,002426,胜利精密,0
2026-06-15,2026-06-16,1,002426,胜利精密,0
2026-06-05,2026-06-08,1,002138,顺络电子,0
2026-06-09,2026-06-10,1,002138,顺络电子,0
2026-07-21,2026-07-22,1,002138,顺络电子,0
2026-09-07,2026-09-08,1,002138,顺络电子,0
2026-01-26,2026-01-27,1,000815,美利云,0
2026-01-28,2026-01-29,1,000815,美利云,0
2026-02-10,2026-02-11,1,000815,美利云,0
2026-03-05,2026-03-06,1,000815,美利云,1
2026-03-06,2026-03-09,2,000815,美利云,1
2026-03-09,2026-03-10,3,000815,美利云,0
2026-03-18,2026-03-19,1,000815,美利云,1
2026-03-19,2026-03-20,2,000815,美利云,0
2026-04-01,2026-04-02,1,000815,美利云,0
2026-04-16,2026-04-17,1,000815,美利云,0
2026-05-06,2026-05-07,1,000815,美利云,0
2026-06-10,2026-06-11,1,000815,美利云,0
2026-07-20,2026-07-21,1,000815,美利云,1
2026-07-21,2026-07-22,2,000815,美利云,1
2026-07-22,2026-07-23,3,000815,美利云,1
2026-07-23,2026-07-24,4,000815,美利云,0
2026-07-31,2026-08-03,1,000815,美利云,1
2026-08-03,2026-08-04,2,000815,美利云,1
2026-08-04,2026-08-05,3,000815,美利云,0
2026-09-14,2026-09-15,1,000812,陕西金叶,0
2026-06-15,2026-06-16,1,603979,金诚信,0
2026-07-22,2026-07-23,1,603979,金诚信,0
2026-08-05,2026-08-06,1,603979,金诚信,0
2026-08-26,2026-08-27,1,603979,金诚信,0
2026-01-09,2026-01-12,1,002400,省广集团,1
2026-01-12,2026-01-13,2,002400,省广集团,1
2026-01-13,2026-01-14,3,002400,省广集团,1
2026-01-14,2026-01-15,4,002400,省广集团,0
2026-04-08,2026-04-09,1,002400,省广集团,0
2026-02-10,2026-02-11,1,000156,华数传媒,0
2026-01-12,2026-01-13,1,600633,浙数文化,0
2026-04-24,2026-04-27,1,600633,浙数文化,0
2026-03-02,2026-03-03,1,600367,红星发展,1
2026-03-03,2026-03-04,2,600367,红星发展,0
2026-04-29,2026-04-30,1,600367,红星发展,0
2026-05-26,2026-05-27,1,600367,红星发展,0
2026-05-28,2026-05-29,1,600367,红星发展,0
2026-06-01,2026-06-02,1,600367,红星发展,1
2026-06-02,2026-06-03,2,600367,红星发展,1
2026-06-03,2026-06-04,3,600367,红星发展,1
2026-06-04,2026-06-05,4,600367,红星发展,0
2026-06-22,2026-06-23,1,600367,红星发展,0
2026-06-26,2026-06-29,1,600367,红星发展,0
2026-06-30,2026-07-01,1,600367,红星发展,0
2026-08-05,2026-08-06,1,600367,红星发展,0
2026-08-18,2026-08-19,1,600367,红星发展,0
2026-08-24,2026-08-25,1,600367,红星发展,0
2026-05-19,2026-05-20,1,600831,广电网络,0
2026-05-25,2026-05-26,1,600831,广电网络,0
2026-05-20,2026-05-21,1,600895,张江高科,0
2026-07-28,2026-07-29,1,600895,张江高科,0
2026-05-08,2026-05-11,1,002642,荣联科技,0
2026-07-08,2026-07-09,1,002642,荣联科技,0
2026-07-28,2026-07-29,1,002642,荣联科技,0
2025-12-25,2025-12-26,1,002870,香山股份,0
2026-04-30,2026-05-06,1,002870,香山股份,0
2026-08-12,2026-08-13,1,002870,香山股份,0
2026-04-08,2026-04-09,1,002899,英派斯,0
2026-07-03,2026-07-06,1,002434,万里扬,0
2025-12-29,2025-12-30,1,603123,翠微股份,0
2026-04-03,2026-04-07,1,603123,翠微股份,1
2026-04-07,2026-04-08,2,603123,翠微股份,0
2026-07-21,2026-07-22,1,603123,翠微股份,0
2026-08-06,2026-08-07,1,603123,翠微股份,0
2026-09-01,2026-09-02,1,603123,翠微股份,0
2026-09-04,2026-09-07,1,603123,翠微股份,0
2026-06-16,2026-06-17,1,001387,雪祺电气,0
2026-01-08,2026-01-09,1,600845,宝信软件,0
2026-07-01,2026-07-02,1,600845,宝信软件,0
2026-01-05,2026-01-06,1,605287,德才股份,0
2026-01-14,2026-01-15,1,605287,德才股份,1
2026-01-15,2026-01-16,2,605287,德才股份,0
2026-01-21,2026-01-22,1,605287,德才股份,0
2026-02-09,2026-02-10,1,605287,德才股份,1
2026-02-10,2026-02-11,2,605287,德才股份,1
2026-02-11,2026-02-12,3,605287,德才股份,1
2026-02-12,2026-02-13,4,605287,德才股份,0
2026-03-10,2026-03-11,1,605287,德才股份,0
2026-04-01,2026-04-02,1,605287,德才股份,0
2026-04-08,2026-04-09,1,605287,德才股份,0
2026-04-16,2026-04-17,1,605287,德才股份,0
2026-04-27,2026-04-28,1,605287,德才股份,1
2026-04-28,2026-04-29,2,605287,德才股份,0
2026-07-31,2026-08-03,1,605287,德才股份,0
2026-08-04,2026-08-05,1,605287,德才股份,0
2026-08-07,2026-08-10,1,605287,德才股份,0
2026-08-31,2026-09-01,1,605287,德才股份,0
2026-06-30,2026-07-01,1,002738,中矿资源,1
2026-07-01,2026-07-02,2,002738,中矿资源,0
2026-02-24,2026-02-25,1,000422,湖北宜化,0
2026-01-30,2026-02-02,1,600487,亨通光电,0
2026-02-24,2026-02-25,1,600487,亨通光电,0
2026-02-26,2026-02-27,1,600487,亨通光电,0
2026-03-30,2026-03-31,1,600487,亨通光电,0
2026-04-22,2026-04-23,1,600487,亨通光电,0
2026-06-02,2026-06-03,1,600487,亨通光电,1
2026-06-03,2026-06-04,2,600487,亨通光电,0
2026-06-09,2026-06-10,1,600487,亨通光电,0
2026-08-14,2026-08-17,1,600487,亨通光电,0
2026-08-27,2026-08-28,1,600487,亨通光电,0
2026-01-29,2026-01-30,1,601155,新城控股,0
2026-08-12,2026-08-13,1,601155,新城控股,0
2026-09-18,2026-09-21,1,601155,新城控股,0
2025-12-31,2026-01-05,1,002659,凯文教育,0
2026-01-12,2026-01-13,1,002659,凯文教育,0
2026-07-31,2026-08-03,1,002659,凯文教育,0
2026-08-04,2026-08-05,1,002659,凯文教育,0
2026-03-11,2026-03-12,1,002831,裕同科技,0
2026-03-16,2026-03-17,1,002831,裕同科技,0
2026-04-03,2026-04-07,1,002831,裕同科技,0
2026-05-19,2026-05-20,1,002831,裕同科技,0
2026-03-31,2026-04-01,1,600066,宇通客车,0
2025-12-31,2026-01-05,1,605338,巴比食品,0
2026-03-25,2026-03-26,1,002479,富春环保,0
2026-07-10,2026-07-13,1,002479,富春环保,0
2026-01-05,2026-01-06,1,001225,和泰机电,1
2026-01-06,2026-01-07,2,001225,和泰机电,0
2026-01-12,2026-01-13,1,001225,和泰机电,0
2026-05-21,2026-05-22,1,001225,和泰机电,1
2026-05-22,2026-05-25,2,001225,和泰机电,0
2026-06-23,2026-06-24,1,001225,和泰机电,0
2026-07-30,2026-07-31,1,001225,和泰机电,0
2026-08-05,2026-08-06,1,001225,和泰机电,0
2026-07-09,2026-07-10,1,603813,原尚股份,0
2026-07-30,2026-07-31,1,603813,原尚股份,0
2026-06-15,2026-06-16,1,000887,中鼎股份,0
2026-07-09,2026-07-10,1,000887,中鼎股份,1
2026-07-10,2026-07-13,2,000887,中鼎股份,0
2026-08-12,2026-08-13,1,000887,中鼎股份,1
2026-08-13,2026-08-14,2,000887,中鼎股份,0
2026-05-11,2026-05-12,1,001259,利仁科技,1
2026-05-12,2026-05-13,2,001259,利仁科技,1
2026-05-13,2026-05-14,3,001259,利仁科技,1
2026-05-14,2026-05-15,4,001259,利仁科技,1
2026-05-15,2026-05-18,5,001259,利仁科技,1
2026-05-18,2026-05-19,6,001259,利仁科技,1
2026-06-03,2026-06-04,1,001259,利仁科技,0
2026-07-01,2026-07-02,1,601628,中国人寿,0
2026-06-11,2026-06-12,1,000921,海信家电,0
2026-05-28,2026-05-29,1,002878,元隆雅图,0
2026-01-12,2026-01-13,1,003041,真爱美家,1
2026-01-13,2026-01-14,2,003041,真爱美家,0
2026-01-23,2026-01-26,1,003041,真爱美家,0
2026-02-06,2026-02-09,1,003041,真爱美家,0
2026-03-12,2026-03-13,1,003041,真爱美家,1
2026-03-13,2026-03-16,2,003041,真爱美家,0
2026-04-08,2026-04-09,1,003041,真爱美家,0
2026-04-16,2026-04-17,1,003041,真爱美家,0
2026-05-06,2026-05-07,1,003041,真爱美家,1
2026-05-07,2026-05-08,2,003041,真爱美家,0
2026-06-01,2026-06-02,1,003041,真爱美家,0
2026-09-18,2026-09-21,1,003041,真爱美家,0
2026-09-04,2026-09-07,1,002862,实丰文化,0
2026-02-27,2026-03-02,1,002633,申科股份,0
2026-03-26,2026-03-27,1,002692,远程股份,0
2026-04-14,2026-04-15,1,002692,远程股份,0
2026-04-20,2026-04-21,1,002692,远程股份,0
2026-03-05,2026-03-06,1,002986,宇新股份,0
2026-07-01,2026-07-02,1,605155,西大门,0
2026-07-22,2026-07-23,1,605155,西大门,0
2026-06-30,2026-07-01,1,002615,哈尔斯,0
2026-03-03,2026-03-04,1,603080,新疆火炬,0
2026-03-03,2026-03-04,1,000421,南京公用,0
2026-07-21,2026-07-22,1,000526,学大教育,0
2026-07-30,2026-07-31,1,000526,学大教育,0
2026-08-18,2026-08-19,1,000526,学大教育,1
2026-08-19,2026-08-20,2,000526,学大教育,0
2026-07-01,2026-07-02,1,002329,皇氏集团,0
2026-07-06,2026-07-07,1,002329,皇氏集团,0
2026-08-10,2026-08-11,1,002329,皇氏集团,1
2026-08-11,2026-08-12,2,002329,皇氏集团,1
2026-08-12,2026-08-13,3,002329,皇氏集团,1
2026-08-13,2026-08-14,4,002329,皇氏集团,0
2026-08-10,2026-08-11,1,001300,三柏硕,0
2025-12-31,2026-01-05,1,002908,德生科技,0
2026-08-05,2026-08-06,1,002908,德生科技,0
2026-03-10,2026-03-11,1,002384,东山精密,0
2026-04-08,2026-04-09,1,002384,东山精密,1
2026-04-09,2026-04-10,2,002384,东山精密,0
2026-04-22,2026-04-23,1,002384,东山精密,0
2026-05-07,2026-05-08,1,002384,东山精密,0
2026-06-02,2026-06-03,1,002384,东山精密,0
2026-06-15,2026-06-16,1,002384,东山精密,0
2026-07-09,2026-07-10,1,002384,东山精密,0
2026-07-14,2026-07-15,1,002384,东山精密,0
2026-08-04,2026-08-05,1,002384,东山精密,0
2026-06-26,2026-06-29,1,002180,奔图科技,1
2026-06-29,2026-06-30,2,002180,奔图科技,0
2026-08-06,2026-08-07,1,002180,奔图科技,0
2026-06-04,2026-06-05,1,003011,海象新材,0
2026-07-03,2026-07-06,1,003011,海象新材,0
2026-09-16,2026-09-17,1,605378,野马电池,0
2026-01-15,2026-01-16,1,603161,科华控股,0
2026-06-01,2026-06-02,1,603161,科华控股,0
2026-07-17,2026-07-20,1,603161,科华控股,0
2026-07-21,2026-07-22,1,603161,科华控股,0
2026-08-10,2026-08-11,1,603161,科华控股,0
2025-12-31,2026-01-05,1,000026,飞亚达,0
2026-04-13,2026-04-14,1,000026,飞亚达,0
2026-04-15,2026-04-16,1,000026,飞亚达,0
2026-05-19,2026-05-20,1,000026,飞亚达,0
2026-05-22,2026-05-25,1,000026,飞亚达,0
2026-06-30,2026-07-01,1,000026,飞亚达,0
2026-08-10,2026-08-11,1,000026,飞亚达,0
2026-08-17,2026-08-18,1,000026,飞亚达,0
2026-09-08,2026-09-09,1,002790,瑞尔特,1
2026-09-09,2026-09-10,2,002790,瑞尔特,1
2026-09-10,2026-09-11,3,002790,瑞尔特,1
2026-09-11,2026-09-14,4,002790,瑞尔特,0
2026-08-12,2026-08-13,1,002005,德豪润达,0
2026-09-18,2026-09-21,1,002005,德豪润达,0
2026-03-17,2026-03-18,1,603387,XD基蛋生物,1
2026-03-18,2026-03-19,2,603387,XD基蛋生物,0
2026-03-27,2026-03-30,1,603387,XD基蛋生物,0
2026-07-15,2026-07-16,1,603387,XD基蛋生物,0
2026-02-03,2026-02-04,1,002364,中恒电气,0
2026-02-12,2026-02-13,1,002364,中恒电气,0
2026-04-09,2026-04-10,1,002364,中恒电气,1
2026-04-10,2026-04-13,2,002364,中恒电气,1
2026-04-13,2026-04-14,3,002364,中恒电气,1
2026-04-14,2026-04-15,4,002364,中恒电气,0
2026-05-06,2026-05-07,1,002364,中恒电气,0
2026-05-13,2026-05-14,1,002364,中恒电气,0
2026-06-15,2026-06-16,1,002364,中恒电气,0
2026-06-24,2026-06-25,1,002364,中恒电气,0
2026-07-09,2026-07-10,1,002364,中恒电气,0
2026-07-27,2026-07-28,1,002364,中恒电气,0
2026-08-04,2026-08-05,1,002364,中恒电气,0
2026-01-06,2026-01-07,1,002355,兴民智通,0
2026-02-04,2026-02-05,1,002355,兴民智通,1
2026-02-05,2026-02-06,2,002355,兴民智通,0
2026-02-13,2026-02-24,1,002355,兴民智通,0
2026-03-05,2026-03-06,1,002355,兴民智通,0
2026-05-06,2026-05-07,1,002355,兴民智通,0
2026-08-05,2026-08-06,1,002355,兴民智通,0
2026-02-24,2026-02-25,1,603124,江南新材,0
2026-06-05,2026-06-08,1,603124,江南新材,0
2026-06-09,2026-06-10,1,603124,江南新材,0
2026-06-15,2026-06-16,1,603124,江南新材,0
2026-06-18,2026-06-22,1,603124,江南新材,0
2026-07-21,2026-07-22,1,603124,江南新材,0
2026-08-04,2026-08-05,1,603124,江南新材,0
2026-08-07,2026-08-10,1,603124,江南新材,0
2026-09-07,2026-09-08,1,603124,江南新材,0
2026-08-06,2026-08-07,1,002376,新北洋,0
2025-12-30,2025-12-31,1,605003,众望布艺,1
2025-12-31,2026-01-05,2,605003,众望布艺,0
2026-01-30,2026-02-02,1,605003,众望布艺,0
2026-04-27,2026-04-28,1,002741,光华科技,0
2026-05-22,2026-05-25,1,002741,光华科技,1
2026-05-25,2026-05-26,2,002741,光华科技,0
2026-06-09,2026-06-10,1,002741,光华科技,0
2026-06-15,2026-06-16,1,002741,光华科技,1
2026-06-16,2026-06-17,2,002741,光华科技,1
2026-06-17,2026-06-18,3,002741,光华科技,0
2026-08-07,2026-08-10,1,002741,光华科技,0
2026-01-12,2026-01-13,1,000593,德龙汇能,1
2026-01-13,2026-01-14,2,000593,德龙汇能,1
2026-01-14,2026-01-15,3,000593,德龙汇能,0
2026-01-23,2026-01-26,1,000593,德龙汇能,1
2026-01-26,2026-01-27,2,000593,德龙汇能,0
2026-02-25,2026-02-26,1,000593,德龙汇能,0
2026-02-27,2026-03-02,1,000593,德龙汇能,0
2026-03-12,2026-03-13,1,000593,德龙汇能,0
2026-04-16,2026-04-17,1,000593,德龙汇能,0
2026-04-23,2026-04-24,1,000593,德龙汇能,0
2026-04-27,2026-04-28,1,000593,德龙汇能,1
2026-04-28,2026-04-29,2,000593,德龙汇能,0
2026-06-15,2026-06-16,1,000593,德龙汇能,0
2026-07-06,2026-07-07,1,000593,德龙汇能,0
2026-07-15,2026-07-16,1,000593,德龙汇能,0
2026-07-31,2026-08-03,1,000593,德龙汇能,1
2026-08-03,2026-08-04,2,000593,德龙汇能,1
2026-08-04,2026-08-05,3,000593,德龙汇能,1
2026-08-05,2026-08-06,4,000593,德龙汇能,0
2026-08-12,2026-08-13,1,000593,德龙汇能,1
2026-08-13,2026-08-14,2,000593,德龙汇能,0
2026-03-03,2026-03-04,1,600903,贵州燃气,0
2026-05-13,2026-05-14,1,600903,贵州燃气,1
2026-05-14,2026-05-15,2,600903,贵州燃气,0
2026-05-18,2026-05-19,1,600903,贵州燃气,1
2026-05-19,2026-05-20,2,600903,贵州燃气,0
2026-06-09,2026-06-10,1,600903,贵州燃气,0
2026-06-25,2026-06-26,1,600903,贵州燃气,0
2026-09-02,2026-09-03,1,600903,贵州燃气,0
2026-09-08,2026-09-09,1,600903,贵州燃气,0
2026-01-13,2026-01-14,1,000710,贝瑞基因,0
2026-05-08,2026-05-11,1,000710,贝瑞基因,0
2026-08-04,2026-08-05,1,000710,贝瑞基因,0
2026-08-10,2026-08-11,1,000710,贝瑞基因,0
2026-08-20,2026-08-21,1,000710,贝瑞基因,1
2026-08-21,2026-08-24,2,000710,贝瑞基因,0
2026-07-29,2026-07-30,1,603801,志邦家居,0
2026-08-19,2026-08-20,1,603801,志邦家居,1
2026-08-20,2026-08-21,2,603801,志邦家居,0
2026-01-26,2026-01-27,1,601168,西部矿业,0
2026-06-12,2026-06-15,1,002085,万丰奥威,0
2026-04-23,2026-04-24,1,603709,中源家居,0
2026-06-17,2026-06-18,1,603261,立航科技,1
2026-06-18,2026-06-22,2,603261,立航科技,0
2026-06-26,2026-06-29,1,603261,立航科技,0
2026-07-02,2026-07-03,1,603261,立航科技,0
2026-07-31,2026-08-03,1,603261,立航科技,1
2026-08-03,2026-08-04,2,603261,立航科技,0
2026-08-13,2026-08-14,1,603261,立航科技,0
2026-08-27,2026-08-28,1,603261,立航科技,0
2026-01-09,2026-01-12,1,600397,江钨装备,0
2026-02-11,2026-02-12,1,600397,江钨装备,1
2026-02-12,2026-02-13,2,600397,江钨装备,0
2026-02-24,2026-02-25,1,600397,江钨装备,1
2026-02-25,2026-02-26,2,600397,江钨装备,0
2026-02-27,2026-03-02,1,600397,江钨装备,0
2026-03-06,2026-03-09,1,600397,江钨装备,0
2026-04-29,2026-04-30,1,600397,江钨装备,0
2026-06-16,2026-06-17,1,600397,江钨装备,1
2026-06-17,2026-06-18,2,600397,江钨装备,1
2026-06-18,2026-06-22,3,600397,江钨装备,1
2026-06-22,2026-06-23,4,600397,江钨装备,1
2026-06-23,2026-06-24,5,600397,江钨装备,0
2026-07-01,2026-07-02,1,600397,江钨装备,0
2026-08-04,2026-08-05,1,600397,江钨装备,1
2026-08-05,2026-08-06,2,600397,江钨装备,1
2026-08-06,2026-08-07,3,600397,江钨装备,0
2026-08-12,2026-08-13,1,600397,江钨装备,0
2026-08-21,2026-08-24,1,600397,江钨装备,0
2026-08-27,2026-08-28,1,600397,江钨装备,0
2026-03-11,2026-03-12,1,000626,远大控股,0
2026-04-10,2026-04-13,1,000626,远大控股,0
2026-06-01,2026-06-02,1,000626,远大控股,0
2026-08-28,2026-08-31,1,000626,远大控股,0
2026-03-06,2026-03-09,1,601789,宁波建工,1
2026-03-09,2026-03-10,2,601789,宁波建工,1
2026-03-10,2026-03-11,3,601789,宁波建工,1
2026-03-11,2026-03-12,4,601789,宁波建工,0
2026-04-28,2026-04-29,1,601789,宁波建工,0
2026-07-27,2026-07-28,1,601789,宁波建工,0
2026-08-10,2026-08-11,1,600316,洪都航空,0
2026-07-09,2026-07-10,1,605319,无锡振华,0
2026-05-25,2026-05-26,1,002745,木林森,0
2026-06-15,2026-06-16,1,002745,木林森,0
2026-07-09,2026-07-10,1,002745,木林森,0
2026-07-21,2026-07-22,1,002745,木林森,0
2026-01-19,2026-01-20,1,002558,巨人网络,0
2026-04-01,2026-04-02,1,002558,巨人网络,0
2026-06-25,2026-06-26,1,002558,巨人网络,0
2026-07-15,2026-07-16,1,002558,巨人网络,0
2026-07-29,2026-07-30,1,002558,巨人网络,0
2026-03-13,2026-03-16,1,603659,璞泰来,0
2026-04-27,2026-04-28,1,603486,科沃斯,0
2026-05-28,2026-05-29,1,603006,联明股份,0
2026-04-23,2026-04-24,1,001314,亿道信息,0
2026-06-01,2026-06-02,1,001314,亿道信息,0
2026-06-30,2026-07-01,1,001314,亿道信息,0
2026-01-15,2026-01-16,1,601231,环旭电子,0
2026-01-30,2026-02-02,1,601231,环旭电子,0
2026-02-12,2026-02-13,1,601231,环旭电子,0
2026-02-27,2026-03-02,1,601231,环旭电子,0
2026-06-03,2026-06-04,1,601231,环旭电子,0
2026-08-05,2026-08-06,1,601231,环旭电子,0
2026-09-10,2026-09-11,1,601231,环旭电子,0
2026-04-07,2026-04-08,1,603348,文灿股份,0
2026-07-30,2026-07-31,1,603348,文灿股份,0
2026-08-18,2026-08-19,1,603406,天富龙,0
2026-06-12,2026-06-15,1,603528,多伦科技,0
2026-05-12,2026-05-13,1,000006,深振业Ａ,0
2026-05-18,2026-05-19,1,000006,深振业Ａ,0
2026-08-13,2026-08-14,1,000006,深振业Ａ,0
2026-02-04,2026-02-05,1,000723,美锦能源,0
2026-08-19,2026-08-20,1,000723,美锦能源,0
2026-08-24,2026-08-25,1,000723,美锦能源,0
2026-07-06,2026-07-07,1,600241,时代万恒,0
2026-09-21,2026-09-22,1,001201,东瑞股份,0
2026-04-16,2026-04-17,1,603322,超讯科技,0
2026-06-30,2026-07-01,1,603322,超讯科技,0
2026-07-10,2026-07-13,1,603322,超讯科技,0
2026-05-22,2026-05-25,1,600497,驰宏锌锗,0
2026-06-12,2026-06-15,1,600497,驰宏锌锗,0
2026-06-22,2026-06-23,1,600497,驰宏锌锗,0
2026-06-24,2026-06-25,1,600497,驰宏锌锗,0
2026-07-14,2026-07-15,1,600497,驰宏锌锗,0
2026-01-20,2026-01-21,1,601677,明泰铝业,0
2026-01-09,2026-01-12,1,002428,云南锗业,0
2026-02-25,2026-02-26,1,002428,云南锗业,1
2026-02-26,2026-02-27,2,002428,云南锗业,0
2026-03-20,2026-03-23,1,002428,云南锗业,0
2026-03-24,2026-03-25,1,002428,云南锗业,0
2026-03-27,2026-03-30,1,002428,云南锗业,0
2026-04-17,2026-04-20,1,002428,云南锗业,1
2026-04-20,2026-04-21,2,002428,云南锗业,0
2026-04-22,2026-04-23,1,002428,云南锗业,0
2026-05-06,2026-05-07,1,002428,云南锗业,0
2026-05-12,2026-05-13,1,002428,云南锗业,0
2026-05-28,2026-05-29,1,002428,云南锗业,0
2026-06-11,2026-06-12,1,002428,云南锗业,0
2026-06-15,2026-06-16,1,002428,云南锗业,0
2026-06-22,2026-06-23,1,002428,云南锗业,0
2026-06-24,2026-06-25,1,002428,云南锗业,0
2026-07-21,2026-07-22,1,002428,云南锗业,0
2026-08-04,2026-08-05,1,002428,云南锗业,1
2026-08-05,2026-08-06,2,002428,云南锗业,1
2026-08-06,2026-08-07,3,002428,云南锗业,1
2026-08-07,2026-08-10,4,002428,云南锗业,0
2025-12-26,2025-12-29,1,002081,金 螳 螂,0
2026-04-17,2026-04-20,1,002081,金 螳 螂,1
2026-04-20,2026-04-21,2,002081,金 螳 螂,1
2026-04-21,2026-04-22,3,002081,金 螳 螂,1
2026-04-22,2026-04-23,4,002081,金 螳 螂,1
2026-04-23,2026-04-24,5,002081,金 螳 螂,0
2026-04-28,2026-04-29,1,002081,金 螳 螂,1
2026-04-29,2026-04-30,2,002081,金 螳 螂,1
2026-04-30,2026-05-06,3,002081,金 螳 螂,1
2026-05-06,2026-05-07,4,002081,金 螳 螂,1
2026-05-07,2026-05-08,5,002081,金 螳 螂,0
2026-05-12,2026-05-13,1,002081,金 螳 螂,0
2026-05-29,2026-06-01,1,002081,金 螳 螂,1
2026-06-01,2026-06-02,2,002081,金 螳 螂,0
2026-06-10,2026-06-11,1,002081,金 螳 螂,0
2026-08-12,2026-08-13,1,002081,金 螳 螂,1
2026-08-13,2026-08-14,2,002081,金 螳 螂,1
2026-08-14,2026-08-17,3,002081,金 螳 螂,1
2026-08-17,2026-08-18,4,002081,金 螳 螂,0
2026-08-25,2026-08-26,1,002081,金 螳 螂,0
2026-08-31,2026-09-01,1,002081,金 螳 螂,0
2026-03-24,2026-03-25,1,600137,浪莎股份,0
2026-07-17,2026-07-20,1,000779,甘咨询,0
2026-07-28,2026-07-29,1,000779,甘咨询,0
2026-08-11,2026-08-12,1,000779,甘咨询,0
2026-08-17,2026-08-18,1,000779,甘咨询,0
2026-08-25,2026-08-26,1,000779,甘咨询,0
2026-01-19,2026-01-20,1,603001,奥康国际,0
2026-01-22,2026-01-23,1,603001,奥康国际,0
2026-01-29,2026-01-30,1,603001,奥康国际,0
2026-03-05,2026-03-06,1,603001,奥康国际,0
2026-05-06,2026-05-07,1,603001,奥康国际,0
2026-05-22,2026-05-25,1,603001,奥康国际,1
2026-05-25,2026-05-26,2,603001,奥康国际,0
2026-06-18,2026-06-22,1,603001,奥康国际,0
2026-08-31,2026-09-01,1,603001,奥康国际,0
2026-09-18,2026-09-21,1,603001,奥康国际,1
2026-09-21,2026-09-22,2,603001,奥康国际,0
2026-01-13,2026-01-14,1,603282,亚光科技股份,0
2026-03-12,2026-03-13,1,603992,松霖科技,0
2026-03-17,2026-03-18,1,603992,松霖科技,0
2026-06-05,2026-06-08,1,603992,松霖科技,0
2026-06-11,2026-06-12,1,603992,松霖科技,0
2026-07-15,2026-07-16,1,603839,安正时尚,0
2026-08-20,2026-08-21,1,000931,中 关 村,1
2026-08-21,2026-08-24,2,000931,中 关 村,1
2026-08-24,2026-08-25,3,000931,中 关 村,0
2026-07-10,2026-07-13,1,002681,奋达科技,0
2026-08-03,2026-08-04,1,002681,奋达科技,0
2026-01-12,2026-01-13,1,000889,中嘉博创,0
2026-03-25,2026-03-26,1,000889,中嘉博创,0
2026-04-08,2026-04-09,1,000889,中嘉博创,1
2026-04-09,2026-04-10,2,000889,中嘉博创,1
2026-04-10,2026-04-13,3,000889,中嘉博创,0
2026-04-14,2026-04-15,1,000889,中嘉博创,1
2026-04-15,2026-04-16,2,000889,中嘉博创,0
2026-04-24,2026-04-27,1,000889,中嘉博创,0
2026-04-28,2026-04-29,1,000889,中嘉博创,0
2026-05-06,2026-05-07,1,000889,中嘉博创,1
2026-05-07,2026-05-08,2,000889,中嘉博创,0
2026-05-13,2026-05-14,1,000889,中嘉博创,0
2026-05-28,2026-05-29,1,000889,中嘉博创,0
2026-06-18,2026-06-22,1,000889,中嘉博创,0
2026-07-15,2026-07-16,1,000889,中嘉博创,0
2026-07-20,2026-07-21,1,000889,中嘉博创,1
2026-07-21,2026-07-22,2,000889,中嘉博创,0
2026-01-29,2026-01-30,1,605099,共创草坪,0
2026-03-20,2026-03-23,1,605099,共创草坪,0
2026-04-07,2026-04-08,1,605099,共创草坪,0
2026-04-29,2026-04-30,1,605099,共创草坪,1
2026-04-30,2026-05-06,2,605099,共创草坪,0
2026-05-15,2026-05-18,1,605099,共创草坪,0
2026-01-05,2026-01-06,1,605358,立昂微,1
2026-01-06,2026-01-07,2,605358,立昂微,0
2026-05-08,2026-05-11,1,605358,立昂微,0
2026-05-19,2026-05-20,1,605358,立昂微,0
2026-06-04,2026-06-05,1,605358,立昂微,0
2026-06-09,2026-06-10,1,605358,立昂微,0
2026-07-09,2026-07-10,1,605358,立昂微,0
2026-09-16,2026-09-17,1,605358,立昂微,0
2025-12-31,2026-01-05,1,600629,华建集团,0
2026-01-08,2026-01-09,1,600629,华建集团,0
2026-02-13,2026-02-24,1,600629,华建集团,0
2026-04-09,2026-04-10,1,600629,华建集团,0
2026-07-10,2026-07-13,1,600629,华建集团,1
2026-07-13,2026-07-14,2,600629,华建集团,0
2026-07-28,2026-07-29,1,600629,华建集团,0
2026-07-30,2026-07-31,1,600629,华建集团,0
2026-08-05,2026-08-06,1,600629,华建集团,0
2026-01-30,2026-02-02,1,603863,松炀资源,0
2026-04-02,2026-04-03,1,603863,松炀资源,0
2026-04-09,2026-04-10,1,603863,松炀资源,0
2026-06-23,2026-06-24,1,603863,松炀资源,0
2025-12-29,2025-12-30,1,001335,信凯科技,0
2026-02-05,2026-02-06,1,003036,泰坦股份,0
2026-03-05,2026-03-06,1,003036,泰坦股份,0
2026-03-30,2026-03-31,1,003036,泰坦股份,0
2026-04-10,2026-04-13,1,003036,泰坦股份,0
2026-04-15,2026-04-16,1,003036,泰坦股份,0
2026-04-24,2026-04-27,1,003036,泰坦股份,1
2026-04-27,2026-04-28,2,003036,泰坦股份,0
2026-05-08,2026-05-11,1,003036,泰坦股份,0
2026-05-20,2026-05-21,1,003036,泰坦股份,0
2026-05-25,2026-05-26,1,003036,泰坦股份,1
2026-05-26,2026-05-27,2,003036,泰坦股份,0
2026-05-28,2026-05-29,1,003036,泰坦股份,0
2026-06-04,2026-06-05,1,003036,泰坦股份,1
2026-06-05,2026-06-08,2,003036,泰坦股份,0
2026-06-09,2026-06-10,1,003036,泰坦股份,0
2026-06-15,2026-06-16,1,003036,泰坦股份,0
2026-07-31,2026-08-03,1,003036,泰坦股份,0
2026-08-04,2026-08-05,1,003036,泰坦股份,0
2026-08-06,2026-08-07,1,003036,泰坦股份,0
2026-08-31,2026-09-01,1,003036,泰坦股份,0
2026-06-03,2026-06-04,1,605555,德昌股份,0
2026-02-24,2026-02-25,1,002916,深南电路,0
2026-02-26,2026-02-27,1,002916,深南电路,0
2026-04-08,2026-04-09,1,002916,深南电路,0
2026-05-22,2026-05-25,1,002916,深南电路,0
2026-06-17,2026-06-18,1,002916,深南电路,0
2026-07-09,2026-07-10,1,002916,深南电路,0
2026-08-04,2026-08-05,1,002916,深南电路,0
2026-09-07,2026-09-08,1,002916,深南电路,0
2026-03-06,2026-03-09,1,003023,彩虹集团,0
2026-04-20,2026-04-21,1,003023,彩虹集团,0
2026-07-01,2026-07-02,1,600661,昂立教育,0
2025-12-26,2025-12-29,2,002792,通宇通讯,0
2026-01-07,2026-01-08,1,002792,通宇通讯,1
2026-01-08,2026-01-09,2,002792,通宇通讯,0
2026-01-12,2026-01-13,1,002792,通宇通讯,0
2026-01-23,2026-01-26,1,002792,通宇通讯,0
2026-02-03,2026-02-04,1,002792,通宇通讯,0
2026-04-03,2026-04-07,1,002792,通宇通讯,0
2026-05-06,2026-05-07,1,002792,通宇通讯,0
2026-08-03,2026-08-04,1,002792,通宇通讯,1
2026-08-04,2026-08-05,2,002792,通宇通讯,0
2026-08-06,2026-08-07,1,002792,通宇通讯,1
2026-08-07,2026-08-10,2,002792,通宇通讯,0
2026-08-12,2026-08-13,1,002792,通宇通讯,0
2026-09-21,2026-09-22,1,002792,通宇通讯,0
2026-03-06,2026-03-09,1,600645,中源协和,0
2026-08-14,2026-08-17,1,600645,中源协和,0
2026-01-20,2026-01-21,1,000031,大悦城,0
2026-01-29,2026-01-30,1,000031,大悦城,0
2026-06-01,2026-06-02,1,000031,大悦城,0
2026-03-27,2026-03-30,1,603076,乐惠国际,0
2026-08-12,2026-08-13,1,603076,乐惠国际,0
2026-04-01,2026-04-02,1,603985,恒润股份,0
2026-04-16,2026-04-17,1,603985,恒润股份,0
2026-05-06,2026-05-07,1,603985,恒润股份,0
2026-06-30,2026-07-01,1,603985,恒润股份,0
2026-04-08,2026-04-09,1,002421,达实智能,0
2026-04-16,2026-04-17,1,002421,达实智能,0
2026-05-15,2026-05-18,1,002421,达实智能,1
2026-05-18,2026-05-19,2,002421,达实智能,1
2026-05-19,2026-05-20,3,002421,达实智能,1
2026-05-20,2026-05-21,4,002421,达实智能,0
2026-05-22,2026-05-25,1,002421,达实智能,1
2026-05-25,2026-05-26,2,002421,达实智能,0
2026-06-01,2026-06-02,1,002421,达实智能,1
2026-06-02,2026-06-03,2,002421,达实智能,0
2026-06-05,2026-06-08,1,002421,达实智能,1
2026-06-08,2026-06-09,2,002421,达实智能,0
2026-06-22,2026-06-23,1,002421,达实智能,0
2026-08-03,2026-08-04,1,002421,达实智能,1
2026-08-04,2026-08-05,2,002421,达实智能,0
2026-08-12,2026-08-13,1,002421,达实智能,0
2026-01-28,2026-01-29,1,603993,洛阳钼业,0
2026-06-12,2026-06-15,1,603993,洛阳钼业,0
2026-03-04,2026-03-05,1,605268,王力安防,1
2026-03-05,2026-03-06,2,605268,王力安防,1
2026-03-06,2026-03-09,3,605268,王力安防,1
2026-03-09,2026-03-10,4,605268,王力安防,1
2026-03-10,2026-03-11,5,605268,王力安防,0
2026-08-18,2026-08-19,1,605268,王力安防,0
2026-04-09,2026-04-10,1,002107,沃华医药,0
2026-04-14,2026-04-15,1,002107,沃华医药,0
2026-08-28,2026-08-31,1,002107,沃华医药,0
2026-09-01,2026-09-02,1,002107,沃华医药,0
2025-12-31,2026-01-05,1,002766,索菱股份,1
2026-01-05,2026-01-06,2,002766,索菱股份,1
2026-01-06,2026-01-07,3,002766,索菱股份,0
2026-05-21,2026-05-22,1,002766,索菱股份,0
2026-06-01,2026-06-02,1,002766,索菱股份,0
2026-07-17,2026-07-20,1,002766,索菱股份,0
2026-08-05,2026-08-06,1,002766,索菱股份,0
2026-08-14,2026-08-17,1,002766,索菱股份,0
2026-09-21,2026-09-22,1,600383,金地集团,0
2026-07-29,2026-07-30,1,603719,良品铺子,0
2025-12-29,2025-12-30,1,001217,华尔泰,0
2026-02-09,2026-02-10,1,001217,华尔泰,0
2026-02-11,2026-02-12,1,001217,华尔泰,0
2025-12-26,2025-12-29,1,002268,电科网安,0
2026-01-12,2026-01-13,1,002268,电科网安,0
2026-07-01,2026-07-02,1,002268,电科网安,0
2026-01-20,2026-01-21,1,002291,遥望科技,0
2026-01-27,2026-01-28,1,002291,遥望科技,0
2026-02-02,2026-02-03,1,002291,遥望科技,0
2026-02-05,2026-02-06,1,002291,遥望科技,0
2026-08-04,2026-08-05,1,002291,遥望科技,0
2026-09-01,2026-09-02,1,002291,遥望科技,0
2026-06-23,2026-06-24,1,603106,恒银科技,0
2026-07-31,2026-08-03,1,603106,恒银科技,1
2026-08-03,2026-08-04,2,603106,恒银科技,1
2026-08-04,2026-08-05,3,603106,恒银科技,0
2026-08-06,2026-08-07,1,603106,恒银科技,0
2026-08-11,2026-08-12,1,603106,恒银科技,0
2026-08-26,2026-08-27,1,603106,恒银科技,0
2026-01-23,2026-01-26,1,000592,平潭发展,0
2026-01-27,2026-01-28,1,000592,平潭发展,0
2026-02-05,2026-02-06,1,000592,平潭发展,0
2026-03-25,2026-03-26,1,000592,平潭发展,0
2026-03-30,2026-03-31,1,000592,平潭发展,1
2026-03-31,2026-04-01,2,000592,平潭发展,0
2026-07-02,2026-07-03,1,000592,平潭发展,0
2026-08-27,2026-08-28,1,000592,平潭发展,0
2026-09-04,2026-09-07,1,000592,平潭发展,0
2026-09-16,2026-09-17,1,000592,平潭发展,0
2026-04-30,2026-05-06,1,603711,香飘飘,0
2026-08-10,2026-08-11,1,603711,香飘飘,0
2026-01-05,2026-01-06,1,603507,振江股份,0
2026-03-12,2026-03-13,1,603507,振江股份,0
2026-04-09,2026-04-10,1,603507,振江股份,0
2026-07-27,2026-07-28,1,603507,振江股份,0
2026-01-23,2026-01-26,1,002405,四维图新,0
2026-01-28,2026-01-29,1,000758,中色股份,0
2026-02-25,2026-02-26,1,000758,中色股份,0
2026-06-12,2026-06-15,1,000758,中色股份,0
2026-06-05,2026-06-08,1,002987,京北方,0
2026-07-21,2026-07-22,1,002987,京北方,0
2026-09-15,2026-09-16,1,605507,国邦医药,0
2026-04-21,2026-04-22,1,603898,好莱客,0
2026-07-09,2026-07-10,1,603898,好莱客,1
2026-07-10,2026-07-13,2,603898,好莱客,0
2026-01-22,2026-01-23,1,002183,怡 亚 通,0
2026-05-07,2026-05-08,1,002183,怡 亚 通,0
2026-05-13,2026-05-14,1,002183,怡 亚 通,0
2026-06-05,2026-06-08,1,002183,怡 亚 通,0
2025-12-29,2025-12-30,1,000917,电广传媒,0
2026-01-09,2026-01-12,1,000917,电广传媒,1
2026-01-12,2026-01-13,2,000917,电广传媒,0
2026-04-08,2026-04-09,1,000917,电广传媒,0
2026-01-08,2026-01-09,1,603696,安记食品,0
2026-01-12,2026-01-13,1,603696,安记食品,0
2026-02-05,2026-02-06,1,603696,安记食品,0
2026-07-29,2026-07-30,1,603696,安记食品,0
2026-07-31,2026-08-03,1,603696,安记食品,0
2026-08-12,2026-08-13,1,603696,安记食品,0
2026-09-04,2026-09-07,1,603696,安记食品,1
2026-09-07,2026-09-08,2,603696,安记食品,0
2026-01-23,2026-01-26,1,000630,铜陵有色,1
2026-01-26,2026-01-27,2,000630,铜陵有色,0
2026-01-28,2026-01-29,1,000630,铜陵有色,1
2026-01-29,2026-01-30,2,000630,铜陵有色,0
2026-05-22,2026-05-25,1,000630,铜陵有色,0
2026-06-12,2026-06-15,1,000630,铜陵有色,0
2026-01-13,2026-01-14,1,002135,东南网架,0
2026-05-19,2026-05-20,1,002135,东南网架,0
2026-01-07,2026-01-08,1,603028,赛福天,0
2026-05-08,2026-05-11,1,603028,赛福天,0
2026-03-02,2026-03-03,1,601857,中国石油,1
2026-03-03,2026-03-04,2,601857,中国石油,0
2026-02-27,2026-03-02,1,600126,杭钢股份,0
2026-04-08,2026-04-09,1,600126,杭钢股份,0
2026-04-22,2026-04-23,1,600126,杭钢股份,0
2026-07-20,2026-07-21,1,600126,杭钢股份,0
2026-08-11,2026-08-12,1,600126,杭钢股份,0
2026-08-03,2026-08-04,1,600438,通威股份,0
2026-01-30,2026-02-02,1,603887,城地香江,0
2026-05-13,2026-05-14,1,603887,城地香江,0
2026-08-11,2026-08-12,1,603887,城地香江,1
2026-08-12,2026-08-13,2,603887,城地香江,1
2026-08-13,2026-08-14,3,603887,城地香江,0
2026-09-01,2026-09-02,1,603207,上海小方制药,1
2026-09-02,2026-09-03,2,603207,上海小方制药,0
2026-02-11,2026-02-12,1,605033,美邦股份,1
2026-02-12,2026-02-13,2,605033,美邦股份,1
2026-02-13,2026-02-24,3,605033,美邦股份,1
2026-02-24,2026-02-25,4,605033,美邦股份,0
2026-07-30,2026-07-31,1,605033,美邦股份,0
2026-08-10,2026-08-11,1,605033,美邦股份,0
2026-06-26,2026-06-29,1,603194,中力股份,0
2025-12-30,2025-12-31,1,002383,合众思壮,0
2026-01-06,2026-01-07,1,002383,合众思壮,0
2026-09-08,2026-09-09,1,002383,合众思壮,0
2026-09-16,2026-09-17,1,002383,合众思壮,0
2026-03-12,2026-03-13,1,603281,江瀚新材,0
2026-02-26,2026-02-27,1,001339,智微智能,0
2026-03-09,2026-03-10,1,001339,智微智能,0
2026-04-24,2026-04-27,1,001339,智微智能,0
2026-06-17,2026-06-18,1,001339,智微智能,1
2026-06-18,2026-06-22,2,001339,智微智能,0
2026-06-24,2026-06-25,1,001339,智微智能,0
2026-08-04,2026-08-05,1,001339,智微智能,0
2026-06-12,2026-06-15,1,600711,盛屯矿业,0
2026-02-25,2026-02-26,1,002998,优彩资源,0
2026-07-02,2026-07-03,1,002998,优彩资源,0
2026-06-18,2026-06-22,1,603201,常润股份,0
2026-07-06,2026-07-07,1,603201,常润股份,0
2026-07-14,2026-07-15,1,603201,常润股份,0
2026-08-05,2026-08-06,1,603201,常润股份,0
2026-08-31,2026-09-01,1,603201,常润股份,0
2026-05-29,2026-06-01,1,601566,九牧王,0
2026-09-01,2026-09-02,1,601566,九牧王,1
2026-09-02,2026-09-03,2,601566,九牧王,0
2026-05-06,2026-05-07,1,600130,波导股份,1
2026-05-07,2026-05-08,2,600130,波导股份,1
2026-05-08,2026-05-11,3,600130,波导股份,0
2026-08-05,2026-08-06,1,600130,波导股份,0
2026-09-01,2026-09-02,1,600130,波导股份,0
2026-07-09,2026-07-10,1,001395,亚联机械,1
2026-07-10,2026-07-13,2,001395,亚联机械,1
2026-07-13,2026-07-14,3,001395,亚联机械,0
2026-06-03,2026-06-04,1,000881,中广核技,0
2026-08-05,2026-08-06,1,002649,博彦科技,1
2026-08-06,2026-08-07,2,002649,博彦科技,0
2026-04-16,2026-04-17,1,600768,富邦新材,0
2026-01-20,2026-01-21,1,605089,味知香,0
2026-07-15,2026-07-16,1,605089,味知香,0
2026-07-16,2026-07-17,1,601199,江南水务,0
2026-08-10,2026-08-11,1,601199,江南水务,0
2026-09-11,2026-09-14,1,601199,江南水务,0
2026-04-30,2026-05-06,1,000007,全新好,0
2026-08-18,2026-08-19,1,000007,全新好,0
2026-08-20,2026-08-21,1,000007,全新好,0
2026-04-15,2026-04-16,1,002798,帝欧水华,0
2026-05-08,2026-05-11,1,002798,帝欧水华,0
2026-07-02,2026-07-03,1,002798,帝欧水华,0
2026-01-09,2026-01-12,1,603882,金域医学,1
2026-01-12,2026-01-13,2,603882,金域医学,0
2026-08-20,2026-08-21,1,603882,金域医学,0
2026-06-04,2026-06-05,1,603210,泰鸿万立,0
2026-06-23,2026-06-24,1,603210,泰鸿万立,0
2026-01-21,2026-01-22,1,002437,誉衡药业,0
2026-06-29,2026-06-30,1,002437,誉衡药业,0
2026-08-07,2026-08-10,1,002437,誉衡药业,1
2026-08-10,2026-08-11,2,002437,誉衡药业,0
2026-08-12,2026-08-13,1,002437,誉衡药业,1
2026-08-13,2026-08-14,2,002437,誉衡药业,0
2026-08-17,2026-08-18,1,002437,誉衡药业,0
2026-08-20,2026-08-21,1,002437,誉衡药业,0
2026-08-28,2026-08-31,1,002437,誉衡药业,0
2026-01-09,2026-01-12,1,002849,威星智能,0
2026-03-06,2026-03-09,1,002849,威星智能,0
2026-06-15,2026-06-16,1,002849,威星智能,0
2026-06-30,2026-07-01,1,002849,威星智能,0
2026-09-18,2026-09-21,1,002849,威星智能,0
2026-02-27,2026-03-02,1,603217,元利科技,0
2026-03-26,2026-03-27,1,603217,元利科技,0
2026-08-03,2026-08-04,1,603217,元利科技,0
2026-08-25,2026-08-26,1,603217,元利科技,0
2026-01-22,2026-01-23,1,000839,国安股份,0
2026-02-10,2026-02-11,1,000839,国安股份,0
2026-02-13,2026-02-24,1,000839,国安股份,0
2026-02-25,2026-02-26,1,000839,国安股份,0
2026-03-10,2026-03-11,1,000839,国安股份,1
2026-03-11,2026-03-12,2,000839,国安股份,0
2026-05-08,2026-05-11,1,000839,国安股份,0
2026-06-18,2026-06-22,1,000839,国安股份,0
2026-07-22,2026-07-23,1,000839,国安股份,0
2026-08-06,2026-08-07,1,000839,国安股份,0
2026-09-14,2026-09-15,1,000839,国安股份,0
2026-01-23,2026-01-26,1,003038,鑫铂股份,0
2026-02-04,2026-02-05,1,003038,鑫铂股份,0
2025-12-26,2025-12-29,1,600330,天通股份,0
2026-01-22,2026-01-23,1,600330,天通股份,0
2026-01-30,2026-02-02,1,600330,天通股份,0
2026-02-03,2026-02-04,1,600330,天通股份,1
2026-02-04,2026-02-05,2,600330,天通股份,0
2026-02-09,2026-02-10,1,600330,天通股份,0
2026-02-24,2026-02-25,1,600330,天通股份,0
2026-03-10,2026-03-11,1,600330,天通股份,0
2026-04-09,2026-04-10,1,600330,天通股份,0
2026-04-17,2026-04-20,1,600330,天通股份,1
2026-04-20,2026-04-21,2,600330,天通股份,0
2026-04-22,2026-04-23,1,600330,天通股份,0
2026-05-11,2026-05-12,1,600330,天通股份,0
2026-05-28,2026-05-29,1,600330,天通股份,0
2026-06-09,2026-06-10,1,600330,天通股份,0
2026-06-15,2026-06-16,1,600330,天通股份,0
2026-06-25,2026-06-26,1,600330,天通股份,0
2026-07-21,2026-07-22,1,600330,天通股份,0
2026-08-04,2026-08-05,1,600330,天通股份,0
2026-08-06,2026-08-07,1,600330,天通股份,0
2026-08-17,2026-08-18,1,600330,天通股份,0
2026-08-27,2026-08-28,1,600330,天通股份,0
2026-09-07,2026-09-08,1,600330,天通股份,0
2026-09-14,2026-09-15,1,600330,天通股份,0
2026-08-10,2026-08-11,1,603797,联泰环保,1
2026-08-11,2026-08-12,2,603797,联泰环保,0
2026-03-13,2026-03-16,1,603029,天鹅股份,0
2026-08-28,2026-08-31,1,603029,天鹅股份,0
2025-12-29,2025-12-30,1,603458,勘设股份,1
2025-12-30,2025-12-31,2,603458,勘设股份,0
2026-01-05,2026-01-06,1,603458,勘设股份,0
2026-01-14,2026-01-15,1,603458,勘设股份,0
2026-05-28,2026-05-29,1,603458,勘设股份,0
2026-06-15,2026-06-16,1,603458,勘设股份,0
2026-06-17,2026-06-18,1,603458,勘设股份,0
2026-08-17,2026-08-18,1,603458,勘设股份,0
2026-07-08,2026-07-09,1,603183,建研院,0
2026-01-06,2026-01-07,1,001400,江顺科技,1
2026-01-07,2026-01-08,2,001400,江顺科技,1
2026-01-08,2026-01-09,3,001400,江顺科技,1
2026-01-09,2026-01-12,4,001400,江顺科技,0
2026-01-14,2026-01-15,1,001400,江顺科技,0
2026-01-23,2026-01-26,1,001400,江顺科技,0
2026-02-03,2026-02-04,1,001400,江顺科技,0
2026-02-26,2026-02-27,1,001400,江顺科技,0
2026-03-02,2026-03-03,1,001400,江顺科技,0
2026-03-06,2026-03-09,1,001400,江顺科技,0
2026-03-10,2026-03-11,1,001400,江顺科技,0
2026-03-18,2026-03-19,1,001400,江顺科技,0
2026-03-25,2026-03-26,1,001400,江顺科技,0
2026-03-30,2026-03-31,1,001400,江顺科技,0
2026-04-17,2026-04-20,1,001400,江顺科技,1
2026-04-20,2026-04-21,2,001400,江顺科技,0
2026-06-05,2026-06-08,1,001400,江顺科技,0
2026-06-26,2026-06-29,1,001400,江顺科技,0
2026-07-03,2026-07-06,1,001400,江顺科技,0
2026-07-31,2026-08-03,1,001400,江顺科技,0
2026-08-19,2026-08-20,1,001400,江顺科技,0
2026-01-09,2026-01-12,1,600962,国投中鲁,0
2026-04-17,2026-04-20,1,600962,国投中鲁,0
2026-05-20,2026-05-21,1,600962,国投中鲁,0
2026-06-12,2026-06-15,1,600962,国投中鲁,0
2026-06-25,2026-06-26,1,600962,国投中鲁,1
2026-06-26,2026-06-29,2,600962,国投中鲁,0
2026-07-23,2026-07-24,1,600962,国投中鲁,0
2026-07-27,2026-07-28,1,600962,国投中鲁,0
2026-08-03,2026-08-04,1,600962,国投中鲁,0
2025-12-26,2025-12-29,1,002853,皮阿诺,0
2026-01-07,2026-01-08,1,002853,皮阿诺,0
2026-02-04,2026-02-05,1,002853,皮阿诺,0
2026-04-21,2026-04-22,1,002853,皮阿诺,0
2026-05-18,2026-05-19,1,002853,皮阿诺,0
2026-03-24,2026-03-25,1,603937,丽岛新材,0
2026-03-26,2026-03-27,1,603937,丽岛新材,0
2026-04-01,2026-04-02,1,603937,丽岛新材,0
2026-04-24,2026-04-27,1,603937,丽岛新材,0
2026-04-29,2026-04-30,1,603937,丽岛新材,1
2026-04-30,2026-05-06,2,603937,丽岛新材,1
2026-05-06,2026-05-07,3,603937,丽岛新材,0
2026-05-08,2026-05-11,1,603937,丽岛新材,0
2025-12-26,2025-12-29,1,002571,德力股份,1
2025-12-29,2025-12-30,2,002571,德力股份,0
2026-01-05,2026-01-06,1,002571,德力股份,0
2025-12-31,2026-01-05,1,001231,农心科技,1
2026-01-05,2026-01-06,2,001231,农心科技,1
2026-01-06,2026-01-07,3,001231,农心科技,0
2026-01-07,2026-01-08,1,600408,安泰集团,0
2026-03-13,2026-03-16,1,600408,安泰集团,0
2026-03-17,2026-03-18,1,600408,安泰集团,0
2026-06-04,2026-06-05,1,600408,安泰集团,0
2026-07-29,2026-07-30,1,605339,南侨食品,0
2026-01-15,2026-01-16,1,002787,华源控股,0
2026-04-10,2026-04-13,1,002787,华源控股,0
2026-04-15,2026-04-16,1,002787,华源控股,0
2026-04-23,2026-04-24,1,002787,华源控股,1
2026-04-24,2026-04-27,2,002787,华源控股,0
2026-05-06,2026-05-07,1,002787,华源控股,0
2026-05-12,2026-05-13,1,002787,华源控股,0
2026-05-20,2026-05-21,1,002787,华源控股,0
2026-06-03,2026-06-04,1,002787,华源控股,1
2026-06-04,2026-06-05,2,002787,华源控股,0
2026-06-25,2026-06-26,1,002787,华源控股,0
2026-08-17,2026-08-18,1,002787,华源控股,0
2026-09-03,2026-09-04,1,002787,华源控股,0
2026-09-16,2026-09-17,1,002787,华源控股,0
2025-12-29,2025-12-30,1,002072,凯瑞德,0
2026-01-05,2026-01-06,1,002072,凯瑞德,0
2026-02-06,2026-02-09,1,002072,凯瑞德,0
2026-05-20,2026-05-21,1,002072,凯瑞德,0
2026-05-27,2026-05-28,1,002072,凯瑞德,0
2026-06-04,2026-06-05,1,002072,凯瑞德,0
2026-07-03,2026-07-06,1,002072,凯瑞德,0
2026-08-26,2026-08-27,1,002072,凯瑞德,1
2026-08-27,2026-08-28,2,002072,凯瑞德,0
2026-01-28,2026-01-29,1,601600,中国铝业,0
2026-05-26,2026-05-27,1,601600,中国铝业,0
2026-07-14,2026-07-15,1,603367,辰欣药业,0
2026-05-13,2026-05-14,1,003001,中岩大地,0
2026-07-10,2026-07-13,1,003001,中岩大地,0
2026-07-14,2026-07-15,1,003001,中岩大地,0
2026-07-17,2026-07-20,1,003001,中岩大地,0
2026-07-23,2026-07-24,1,003001,中岩大地,1
2026-07-24,2026-07-27,2,003001,中岩大地,0
2026-07-29,2026-07-30,1,003001,中岩大地,0
2026-07-31,2026-08-03,1,003001,中岩大地,1
2026-08-03,2026-08-04,2,003001,中岩大地,0
2026-09-16,2026-09-17,1,003001,中岩大地,1
2026-09-17,2026-09-18,2,003001,中岩大地,0
2026-03-05,2026-03-06,1,002845,同兴达,0
2026-05-19,2026-05-20,1,002845,同兴达,0
2026-06-30,2026-07-01,1,002845,同兴达,0
2026-07-09,2026-07-10,1,002845,同兴达,0
2026-08-12,2026-08-13,1,002483,润邦股份,0
2026-09-07,2026-09-08,1,002483,润邦股份,0
2026-01-12,2026-01-13,1,603602,纵横通信,0
2026-04-27,2026-04-28,1,603110,东方材料,0
2026-05-13,2026-05-14,1,603110,东方材料,0
2026-05-28,2026-05-29,1,603110,东方材料,0
2026-07-10,2026-07-13,1,603110,东方材料,0
2026-07-27,2026-07-28,1,603110,东方材料,0
2026-08-17,2026-08-18,1,603110,东方材料,0
2026-03-02,2026-03-03,1,000912,泸天化,0
2026-04-07,2026-04-08,1,000912,泸天化,0
2026-08-28,2026-08-31,1,000912,泸天化,0
2026-09-08,2026-09-09,1,000912,泸天化,1
2026-09-09,2026-09-10,2,000912,泸天化,0
2026-01-06,2026-01-07,1,600983,惠而浦,0
2026-04-10,2026-04-13,1,600983,惠而浦,0
2026-01-09,2026-01-12,1,002777,久远银海,0
2026-05-13,2026-05-14,1,002777,久远银海,0
2026-03-26,2026-03-27,1,002705,新宝股份,0
2026-04-15,2026-04-16,1,002705,新宝股份,0
2026-05-29,2026-06-01,1,600865,百大集团,0
2026-09-03,2026-09-04,1,600865,百大集团,1
2026-09-04,2026-09-07,2,600865,百大集团,1
2026-09-07,2026-09-08,3,600865,百大集团,1
2026-09-08,2026-09-09,4,600865,百大集团,1
2026-09-09,2026-09-10,5,600865,百大集团,0
2026-01-13,2026-01-14,1,600662,外服控股,1
2026-01-14,2026-01-15,2,600662,外服控股,1
2026-01-15,2026-01-16,3,600662,外服控股,0
2026-07-03,2026-07-06,1,603596,伯特利,0
2026-04-10,2026-04-13,2,603933,睿能科技,0
2026-04-16,2026-04-17,1,603933,睿能科技,0
2026-04-29,2026-04-30,1,603933,睿能科技,0
2026-07-09,2026-07-10,1,603933,睿能科技,0
2026-07-13,2026-07-14,1,603933,睿能科技,0
2026-04-28,2026-04-29,1,603336,宏辉果蔬,0
2026-06-29,2026-06-30,1,603336,宏辉果蔬,0
2026-07-15,2026-07-16,1,603336,宏辉果蔬,0
2026-07-31,2026-08-03,1,603336,宏辉果蔬,0
2026-09-11,2026-09-14,1,603336,宏辉果蔬,0
2026-01-15,2026-01-16,1,603320,迪贝电气,0
2026-01-20,2026-01-21,1,603320,迪贝电气,0
2026-02-10,2026-02-11,1,603320,迪贝电气,0
2026-05-12,2026-05-13,1,603320,迪贝电气,0
2026-02-27,2026-03-02,1,600108,亚盛集团,1
2026-03-02,2026-03-03,2,600108,亚盛集团,1
2026-03-03,2026-03-04,3,600108,亚盛集团,1
2026-03-04,2026-03-05,4,600108,亚盛集团,0
2026-03-06,2026-03-09,1,600108,亚盛集团,0
2026-03-10,2026-03-11,1,600108,亚盛集团,1
2026-03-11,2026-03-12,2,600108,亚盛集团,0
2026-06-11,2026-06-12,1,600108,亚盛集团,0
2026-08-18,2026-08-19,1,600108,亚盛集团,0
2026-08-27,2026-08-28,1,600108,亚盛集团,0
2026-09-03,2026-09-04,1,600108,亚盛集团,1
2026-09-04,2026-09-07,2,600108,亚盛集团,1
2026-09-07,2026-09-08,3,600108,亚盛集团,1
2026-09-08,2026-09-09,4,600108,亚盛集团,0
2026-04-08,2026-04-09,1,002273,水晶光电,0
2026-05-22,2026-05-25,1,002273,水晶光电,0
2026-06-30,2026-07-01,1,002273,水晶光电,1
2026-07-01,2026-07-02,2,002273,水晶光电,0
2026-07-21,2026-07-22,1,002273,水晶光电,0
2026-01-13,2026-01-14,1,603682,锦和商管,0
2026-02-11,2026-02-12,1,603682,锦和商管,0
2026-04-13,2026-04-14,1,603682,锦和商管,0
2026-05-12,2026-05-13,1,603682,锦和商管,0
2026-05-28,2026-05-29,1,603682,锦和商管,0
2026-07-01,2026-07-02,1,603682,锦和商管,0
2026-07-31,2026-08-03,1,603682,锦和商管,1
2026-08-03,2026-08-04,2,603682,锦和商管,0
2026-01-29,2026-01-30,1,002678,珠江钢琴,0
2026-02-02,2026-02-03,1,002678,珠江钢琴,0
2026-02-25,2026-02-26,1,002678,珠江钢琴,0
2026-04-03,2026-04-07,1,002678,珠江钢琴,0
2026-04-13,2026-04-14,1,002678,珠江钢琴,0
2026-02-04,2026-02-05,1,601699,潞安环能,0
2026-06-01,2026-06-02,1,601699,潞安环能,0
2026-08-06,2026-08-07,1,601699,潞安环能,0
2026-04-15,2026-04-16,1,605365,立达信,0
2026-04-21,2026-04-22,1,605365,立达信,1
2026-04-22,2026-04-23,2,605365,立达信,0
2026-09-01,2026-09-02,1,605365,立达信,0
2026-03-02,2026-03-03,1,002432,九安医疗,0
2026-03-11,2026-03-12,1,002432,九安医疗,0
2026-03-18,2026-03-19,1,002432,九安医疗,1
2026-03-19,2026-03-20,2,002432,九安医疗,0
2026-03-27,2026-03-30,1,002432,九安医疗,1
2026-03-30,2026-03-31,2,002432,九安医疗,0
2026-04-01,2026-04-02,1,002432,九安医疗,0
2026-04-22,2026-04-23,1,002432,九安医疗,0
2026-05-22,2026-05-25,1,002432,九安医疗,1
2026-05-25,2026-05-26,2,002432,九安医疗,0
2026-06-15,2026-06-16,1,002432,九安医疗,0
2026-06-18,2026-06-22,1,002432,九安医疗,0
2026-07-14,2026-07-15,1,002432,九安医疗,1
2026-07-15,2026-07-16,2,002432,九安医疗,0
2026-07-17,2026-07-20,1,002432,九安医疗,0
2026-07-21,2026-07-22,1,002432,九安医疗,0
2026-07-31,2026-08-03,1,002432,九安医疗,0
2026-07-16,2026-07-17,1,600203,福日电子,0
2026-05-21,2026-05-22,1,000403,派林生物,0
2026-01-15,2026-01-16,1,001212,中旗新材,0
2026-06-03,2026-06-04,1,001212,中旗新材,0
2026-09-14,2026-09-15,1,001212,中旗新材,0
2026-09-18,2026-09-21,1,001212,中旗新材,0
2026-06-12,2026-06-15,1,603036,如通股份,0
2026-08-03,2026-08-04,1,603036,如通股份,0
2026-08-20,2026-08-21,1,603036,如通股份,0
2026-01-26,2026-01-27,1,603958,哈森股份,0
2026-01-28,2026-01-29,1,603958,哈森股份,1
2026-01-29,2026-01-30,2,603958,哈森股份,0
2026-02-26,2026-02-27,1,603958,哈森股份,0
2026-03-25,2026-03-26,1,603958,哈森股份,0
2026-04-09,2026-04-10,1,603958,哈森股份,0
2026-08-17,2026-08-18,1,603958,哈森股份,1
2026-08-18,2026-08-19,2,603958,哈森股份,0
2026-08-20,2026-08-21,1,603958,哈森股份,1
2026-08-21,2026-08-24,2,603958,哈森股份,1
2026-08-24,2026-08-25,3,603958,哈森股份,0
2026-09-02,2026-09-03,1,603958,哈森股份,0
2026-09-21,2026-09-22,1,603958,哈森股份,0
2026-06-25,2026-06-26,1,603019,中科曙光,0
2026-06-30,2026-07-01,1,603019,中科曙光,0
2026-05-15,2026-05-18,1,600081,东风科技,0
2026-01-12,2026-01-13,1,002600,领益智造,0
2026-06-24,2026-06-25,1,002600,领益智造,0
2026-06-30,2026-07-01,1,002600,领益智造,0
2026-04-27,2026-04-28,1,002134,天津普林,0
2026-06-09,2026-06-10,1,002134,天津普林,0
2026-08-27,2026-08-28,1,002134,天津普林,0
2026-09-18,2026-09-21,1,002134,天津普林,0
2025-12-29,2025-12-30,1,001229,魅视科技,0
2026-04-20,2026-04-21,1,001229,魅视科技,0
2026-06-29,2026-06-30,1,001229,魅视科技,1
2026-06-30,2026-07-01,2,001229,魅视科技,0
2026-07-07,2026-07-08,1,001229,魅视科技,1
2026-07-08,2026-07-09,2,001229,魅视科技,0
2026-07-24,2026-07-27,1,001229,魅视科技,0
2026-08-03,2026-08-04,1,001229,魅视科技,1
2026-08-04,2026-08-05,2,001229,魅视科技,1
2026-08-05,2026-08-06,3,001229,魅视科技,0
2026-08-17,2026-08-18,1,001229,魅视科技,1
2026-08-18,2026-08-19,2,001229,魅视科技,0
2026-09-07,2026-09-08,1,001229,魅视科技,0
2026-09-18,2026-09-21,1,001229,魅视科技,0
2026-04-14,2026-04-15,1,603383,顶点软件,0
2026-01-12,2026-01-13,1,002394,联发股份,0
2026-02-27,2026-03-02,1,002394,联发股份,0
2025-12-31,2026-01-05,1,603533,掌阅科技,0
2026-02-09,2026-02-10,1,603533,掌阅科技,1
2026-02-10,2026-02-11,2,603533,掌阅科技,1
2026-02-11,2026-02-12,3,603533,掌阅科技,1
2026-02-12,2026-02-13,4,603533,掌阅科技,1
2026-02-13,2026-02-24,5,603533,掌阅科技,0
2026-05-27,2026-05-28,1,603533,掌阅科技,0
2026-06-01,2026-06-02,1,603533,掌阅科技,0
2026-06-22,2026-06-23,1,603533,掌阅科技,0
2026-07-20,2026-07-21,1,603533,掌阅科技,0
2026-07-31,2026-08-03,1,603533,掌阅科技,0
2026-08-31,2026-09-01,1,603533,掌阅科技,1
2026-09-01,2026-09-02,2,603533,掌阅科技,0
2026-01-29,2026-01-30,1,603589,口子窖,0
2025-12-26,2025-12-29,2,002652,扬子新材,1
2025-12-29,2025-12-30,3,002652,扬子新材,0
2026-02-24,2026-02-25,1,002652,扬子新材,0
2026-03-12,2026-03-13,1,002652,扬子新材,0
2026-04-28,2026-04-29,1,002652,扬子新材,1
2026-04-29,2026-04-30,2,002652,扬子新材,0
2026-07-02,2026-07-03,1,002652,扬子新材,0
2026-07-10,2026-07-13,1,002144,宏达高科,0
2026-01-23,2026-01-26,1,003042,中农联合,1
2026-01-26,2026-01-27,2,003042,中农联合,1
2026-01-27,2026-01-28,3,003042,中农联合,1
2026-01-28,2026-01-29,4,003042,中农联合,0
2026-03-27,2026-03-30,1,003042,中农联合,1
2026-03-30,2026-03-31,2,003042,中农联合,0
2026-04-07,2026-04-08,1,003042,中农联合,0
2026-06-16,2026-06-17,1,000034,神州数码,0
2026-06-25,2026-06-26,1,000034,神州数码,0
2026-02-06,2026-02-09,1,002412,汉森制药,0
2026-04-28,2026-04-29,1,002412,汉森制药,0
2026-07-22,2026-07-23,1,002412,汉森制药,1
2026-07-23,2026-07-24,2,002412,汉森制药,0
2026-08-19,2026-08-20,1,002412,汉森制药,1
2026-08-20,2026-08-21,2,002412,汉森制药,1
2026-08-21,2026-08-24,3,002412,汉森制药,1
2026-08-24,2026-08-25,4,002412,汉森制药,1
2026-08-25,2026-08-26,5,002412,汉森制药,0
2026-01-26,2026-01-27,1,001277,速达股份,0
2026-08-19,2026-08-20,1,001277,速达股份,1
2026-08-20,2026-08-21,2,001277,速达股份,0
2026-05-18,2026-05-19,1,603989,艾华集团,1
2026-05-19,2026-05-20,2,603989,艾华集团,0
2026-05-22,2026-05-25,1,603989,艾华集团,0
2026-05-27,2026-05-28,1,603989,艾华集团,1
2026-05-28,2026-05-29,2,603989,艾华集团,0
2026-06-04,2026-06-05,1,603989,艾华集团,0
2026-06-16,2026-06-17,1,603989,艾华集团,1
2026-06-17,2026-06-18,2,603989,艾华集团,1
2026-06-18,2026-06-22,3,603989,艾华集团,1
2026-06-22,2026-06-23,4,603989,艾华集团,0
2026-06-24,2026-06-25,1,603989,艾华集团,1
2026-06-25,2026-06-26,2,603989,艾华集团,0
2026-07-14,2026-07-15,1,603989,艾华集团,0
2026-07-27,2026-07-28,1,603989,艾华集团,0
2026-08-14,2026-08-17,1,603989,艾华集团,0
2026-08-31,2026-09-01,1,603989,艾华集团,0
2026-09-03,2026-09-04,1,603989,艾华集团,0
2026-07-01,2026-07-02,1,601162,天风证券,0
2026-04-16,2026-04-17,1,001230,劲旅环境,0
2026-07-07,2026-07-08,1,001230,劲旅环境,0
2026-07-16,2026-07-17,1,001230,劲旅环境,0
2026-01-29,2026-01-30,1,600559,老白干酒,0
2026-08-20,2026-08-21,1,603392,万泰生物,0
2026-08-26,2026-08-27,1,603392,万泰生物,0
2026-02-24,2026-02-25,1,600716,凤凰股份,0
2026-05-13,2026-05-14,1,603535,嘉诚国际,0
2026-01-12,2026-01-13,1,001202,炬申股份,1
2026-01-13,2026-01-14,2,001202,炬申股份,0
2026-01-21,2026-01-22,1,001202,炬申股份,1
2026-01-22,2026-01-23,2,001202,炬申股份,0
2025-12-31,2026-01-05,1,603156,养元饮品,0
2026-05-06,2026-05-07,1,603156,养元饮品,0
2026-05-13,2026-05-14,1,603156,养元饮品,0
2026-05-18,2026-05-19,1,603156,养元饮品,0
2026-07-09,2026-07-10,1,603156,养元饮品,0
2026-08-03,2026-08-04,1,603156,养元饮品,0
2026-01-09,2026-01-12,1,002115,三维通信,1
2026-01-12,2026-01-13,2,002115,三维通信,1
2026-01-13,2026-01-14,3,002115,三维通信,1
2026-01-14,2026-01-15,4,002115,三维通信,0
2026-01-27,2026-01-28,1,002115,三维通信,0
2026-04-27,2026-04-28,1,002115,三维通信,0
2026-07-10,2026-07-13,1,002115,三维通信,0
2026-07-31,2026-08-03,1,002115,三维通信,0
2026-01-23,2026-01-26,1,603051,鹿山新材,0
2026-02-03,2026-02-04,1,603051,鹿山新材,0
2026-07-03,2026-07-06,1,603051,鹿山新材,0
2026-01-20,2026-01-21,1,002810,山东赫达,0
2026-01-23,2026-01-26,1,002810,山东赫达,0
2026-02-04,2026-02-05,1,002810,山东赫达,0
2026-03-30,2026-03-31,1,002810,山东赫达,0
2026-04-24,2026-04-27,1,002810,山东赫达,0
2026-01-08,2026-01-09,1,600372,中航机载,0
2026-01-19,2026-01-20,1,600372,中航机载,0
2026-04-16,2026-04-17,1,600284,浦东建设,0
2026-05-07,2026-05-08,1,600284,浦东建设,0
2026-05-25,2026-05-26,1,601666,平煤股份,0
2026-06-04,2026-06-05,1,601666,平煤股份,0
2026-08-06,2026-08-07,1,601666,平煤股份,0
2026-01-15,2026-01-16,1,002049,紫光国微,0
2026-02-02,2026-02-03,1,600232,金鹰股份,0
2026-03-13,2026-03-16,1,600232,金鹰股份,0
2026-05-27,2026-05-28,1,605300,佳禾食品,0
2026-06-25,2026-06-26,1,605300,佳禾食品,0
2026-06-29,2026-06-30,1,605300,佳禾食品,0
2026-09-01,2026-09-02,1,605300,佳禾食品,0
2026-02-12,2026-02-13,1,605018,长华集团,0
2026-04-07,2026-04-08,1,605018,长华集团,0
2026-06-03,2026-06-04,1,605018,长华集团,0
2026-06-09,2026-06-10,1,605018,长华集团,0
2026-06-30,2026-07-01,1,605018,长华集团,0
2025-12-29,2025-12-30,1,603116,红蜻蜓,0
2026-06-23,2026-06-24,1,603116,红蜻蜓,0
2026-06-01,2026-06-02,1,600797,浙大网新,0
2026-07-20,2026-07-21,1,600797,浙大网新,0
2026-02-03,2026-02-04,1,002951,金时科技,0
2026-02-11,2026-02-12,1,002951,金时科技,1
2026-02-12,2026-02-13,2,002951,金时科技,1
2026-02-13,2026-02-24,3,002951,金时科技,0
2026-03-12,2026-03-13,1,002951,金时科技,0
2026-05-07,2026-05-08,1,002951,金时科技,0
2026-05-25,2026-05-26,1,002951,金时科技,0
2026-05-28,2026-05-29,1,002951,金时科技,0
2026-06-01,2026-06-02,1,002951,金时科技,1
2026-06-02,2026-06-03,2,002951,金时科技,0
2026-06-04,2026-06-05,1,002951,金时科技,0
2026-07-07,2026-07-08,1,002951,金时科技,1
2026-07-08,2026-07-09,2,002951,金时科技,0
2026-07-27,2026-07-28,1,002951,金时科技,0
2026-08-10,2026-08-11,1,002951,金时科技,0
2026-08-14,2026-08-17,1,002951,金时科技,0
2026-05-08,2026-05-11,1,002474,榕基软件,0
2026-06-01,2026-06-02,1,002474,榕基软件,0
2026-08-10,2026-08-11,1,002474,榕基软件,0
2026-04-21,2026-04-22,1,000802,北京文化,0
2026-05-06,2026-05-07,1,000802,北京文化,0
2026-08-10,2026-08-11,1,000802,北京文化,1
2026-08-11,2026-08-12,2,000802,北京文化,1
2026-08-12,2026-08-13,3,000802,北京文化,1
2026-08-13,2026-08-14,4,000802,北京文化,0
2026-06-15,2026-06-16,1,002992,宝明科技,0
2026-07-20,2026-07-21,1,002992,宝明科技,0
2026-08-05,2026-08-06,1,002992,宝明科技,0
2026-01-27,2026-01-28,1,603381,永臻股份,0
2026-02-04,2026-02-05,1,603381,永臻股份,0
2026-02-11,2026-02-12,1,603381,永臻股份,0
2026-02-27,2026-03-02,1,603381,永臻股份,0
2026-03-20,2026-03-23,1,603381,永臻股份,0
2026-04-20,2026-04-21,1,600601,方正科技,0
2026-05-11,2026-05-12,1,600601,方正科技,0
2026-05-22,2026-05-25,1,600601,方正科技,0
2026-06-12,2026-06-15,1,600601,方正科技,0
2026-06-30,2026-07-01,1,600601,方正科技,0
2026-08-06,2026-08-07,1,600601,方正科技,1
2026-08-07,2026-08-10,2,600601,方正科技,0
2026-02-26,2026-02-27,1,603867,XD新化股份,0
2026-05-22,2026-05-25,1,603867,XD新化股份,0
2026-01-28,2026-01-29,1,002532,天山铝业,0
2026-03-30,2026-03-31,1,002532,天山铝业,0
2026-07-14,2026-07-15,1,002532,天山铝业,0
2026-03-25,2026-03-26,1,002475,立讯精密,0
2026-04-20,2026-04-21,1,002475,立讯精密,0
2026-01-05,2026-01-06,1,002925,盈趣科技,1
2026-01-06,2026-01-07,2,002925,盈趣科技,0
2026-06-01,2026-06-02,1,002925,盈趣科技,0
2026-07-27,2026-07-28,1,002925,盈趣科技,0
2026-01-09,2026-01-12,1,603100,川仪股份,0
2025-12-30,2025-12-31,1,603722,阿科力,0
2026-07-06,2026-07-07,2,603722,阿科力,0
2026-07-13,2026-07-14,1,002379,宏桥控股,1
2026-07-14,2026-07-15,2,002379,宏桥控股,0
2026-07-23,2026-07-24,1,002379,宏桥控股,0
2026-08-12,2026-08-13,1,002379,宏桥控股,0
2026-01-12,2026-01-13,1,603000,人民网,1
2026-01-13,2026-01-14,2,603000,人民网,1
2026-01-14,2026-01-15,3,603000,人民网,1
2026-01-15,2026-01-16,4,603000,人民网,0
2026-02-10,2026-02-11,1,603000,人民网,0
2026-05-08,2026-05-11,1,603373,安邦护卫集团股份,0
2026-05-21,2026-05-22,1,603373,安邦护卫集团股份,0
2026-06-02,2026-06-03,1,603373,安邦护卫集团股份,0
2026-06-15,2026-06-16,1,603373,安邦护卫集团股份,0
2026-08-04,2026-08-05,1,603373,安邦护卫集团股份,0
2026-01-09,2026-01-12,1,603108,润达医疗,0
2026-04-20,2026-04-21,1,603108,润达医疗,0
2026-05-19,2026-05-20,1,603108,润达医疗,0
2026-07-16,2026-07-17,1,603108,润达医疗,0
2026-06-08,2026-06-09,1,000970,中科三环,0
2026-06-10,2026-06-11,1,000970,中科三环,0
2026-06-16,2026-06-17,1,000970,中科三环,0
2026-06-30,2026-07-01,1,000970,中科三环,0
2026-01-05,2026-01-06,1,002819,东方中科,0
2026-08-18,2026-08-19,1,002819,东方中科,0
2026-08-24,2026-08-25,1,600508,上海能源,1
2026-08-25,2026-08-26,2,600508,上海能源,0
2026-06-17,2026-06-18,1,002906,华阳集团,0
2026-08-24,2026-08-25,1,002906,华阳集团,0
2026-01-19,2026-01-20,1,002985,北摩高科,0
2026-01-22,2026-01-23,1,002985,北摩高科,0
2026-02-05,2026-02-06,1,002985,北摩高科,0
2026-06-12,2026-06-15,1,002985,北摩高科,0
2026-02-10,2026-02-11,1,002597,金禾实业,0
2026-06-12,2026-06-15,1,002597,金禾实业,0
2026-07-29,2026-07-30,1,002597,金禾实业,0
2026-01-06,2026-01-07,1,601678,滨化股份,0
2026-05-15,2026-05-18,1,601678,滨化股份,1
2026-05-18,2026-05-19,2,601678,滨化股份,0
2026-06-10,2026-06-11,1,601678,滨化股份,0
2026-07-02,2026-07-03,1,601678,滨化股份,0
2026-07-23,2026-07-24,1,601678,滨化股份,0
2026-08-06,2026-08-07,1,601678,滨化股份,0
2026-01-28,2026-01-29,1,603599,广信股份,1
2026-01-29,2026-01-30,2,603599,广信股份,0
2026-04-24,2026-04-27,1,603599,广信股份,0
2026-07-28,2026-07-29,1,002889,东方嘉盛,0
2026-04-09,2026-04-10,1,002635,安洁科技,0
2026-05-18,2026-05-19,1,002635,安洁科技,0
2026-06-15,2026-06-16,1,002635,安洁科技,0
2026-07-01,2026-07-02,1,002635,安洁科技,0
2026-07-03,2026-07-06,1,002635,安洁科技,0
2026-08-20,2026-08-21,1,002880,卫光生物,0
2026-08-25,2026-08-26,1,002880,卫光生物,0
2026-02-26,2026-02-27,1,600478,科力远,0
2026-01-09,2026-01-12,1,002044,美年健康,1
2026-01-12,2026-01-13,2,002044,美年健康,1
2026-01-13,2026-01-14,3,002044,美年健康,1
2026-01-14,2026-01-15,4,002044,美年健康,0
2026-05-06,2026-05-07,1,002044,美年健康,0
2026-08-10,2026-08-11,1,002044,美年健康,0
2026-06-12,2026-06-15,1,603180,金牌家居,0
2026-01-28,2026-01-29,1,000807,云铝股份,0
2026-03-30,2026-03-31,1,000807,云铝股份,0
2026-07-15,2026-07-16,1,002517,恺英网络,0
2026-07-29,2026-07-30,1,002517,恺英网络,0
2026-01-05,2026-01-06,1,600826,兰生股份,0
2026-04-24,2026-04-27,1,600826,兰生股份,0
2026-07-01,2026-07-02,1,600826,兰生股份,0
2026-01-06,2026-01-07,1,002036,联创电子,0
2026-05-21,2026-05-22,1,002036,联创电子,1
2026-05-22,2026-05-25,2,002036,联创电子,0
2026-06-30,2026-07-01,1,002036,联创电子,0
2026-07-20,2026-07-21,1,002036,联创电子,1
2026-07-21,2026-07-22,2,002036,联创电子,0
2026-08-05,2026-08-06,1,002036,联创电子,0
2026-03-17,2026-03-18,1,002285,世联行,0
2026-09-08,2026-09-09,1,002285,世联行,0
2026-09-16,2026-09-17,1,002285,世联行,1
2026-09-17,2026-09-18,2,002285,世联行,1
2026-09-18,2026-09-21,3,002285,世联行,1
2026-09-21,2026-09-22,4,002285,世联行,0
2026-01-05,2026-01-06,1,002083,孚日股份,0
2026-03-24,2026-03-25,1,002083,孚日股份,0
2026-04-01,2026-04-02,1,002083,孚日股份,0
2026-04-14,2026-04-15,1,002083,孚日股份,0
2026-07-23,2026-07-24,1,002083,孚日股份,1
2026-07-24,2026-07-27,2,002083,孚日股份,0
2026-07-29,2026-07-30,1,002083,孚日股份,0
2026-05-27,2026-05-28,1,603633,徕木股份,0
2026-01-06,2026-01-07,1,000695,滨海能源,0
2026-03-27,2026-03-30,1,000695,滨海能源,0
2026-04-07,2026-04-08,1,000695,滨海能源,0
2026-05-20,2026-05-21,1,000695,滨海能源,0
2026-06-17,2026-06-18,1,000695,滨海能源,0
2026-08-13,2026-08-14,1,000695,滨海能源,0
2026-08-25,2026-08-26,1,000695,滨海能源,0
2026-02-27,2026-03-02,1,603318,水发燃气,1
2026-03-02,2026-03-03,2,603318,水发燃气,1
2026-03-03,2026-03-04,3,603318,水发燃气,1
2026-03-04,2026-03-05,4,603318,水发燃气,0
2026-04-20,2026-04-21,1,603318,水发燃气,0
2026-04-22,2026-04-23,1,603318,水发燃气,1
2026-04-23,2026-04-24,2,603318,水发燃气,1
2026-04-24,2026-04-27,3,603318,水发燃气,1
2026-04-27,2026-04-28,4,603318,水发燃气,1
2026-04-28,2026-04-29,5,603318,水发燃气,0
2026-06-11,2026-06-12,1,603318,水发燃气,0
2026-06-16,2026-06-17,1,603318,水发燃气,0
2026-06-23,2026-06-24,1,603318,水发燃气,0
2026-06-29,2026-06-30,1,603318,水发燃气,0
2026-07-13,2026-07-14,1,603318,水发燃气,0
2026-07-23,2026-07-24,1,603318,水发燃气,0
2026-08-21,2026-08-24,1,603318,水发燃气,0
2026-08-25,2026-08-26,1,603318,水发燃气,0
2026-09-10,2026-09-11,1,603318,水发燃气,0
2025-12-26,2025-12-29,1,002591,恒大高新,1
2025-12-29,2025-12-30,2,002591,恒大高新,1
2025-12-30,2025-12-31,3,002591,恒大高新,0
2026-01-19,2026-01-20,1,002591,恒大高新,0
2026-04-30,2026-05-06,1,002591,恒大高新,0
2026-05-07,2026-05-08,1,002591,恒大高新,0
2025-12-26,2025-12-29,1,603660,苏州科达,0
2026-03-31,2026-04-01,1,603660,苏州科达,0
2026-07-27,2026-07-28,1,603660,苏州科达,0
2026-07-30,2026-07-31,1,603660,苏州科达,0
2026-08-07,2026-08-10,1,603660,苏州科达,0
2026-02-27,2026-03-02,1,000731,四川美丰,0
2026-09-16,2026-09-17,1,000731,四川美丰,0
2026-07-03,2026-07-06,1,603915,国茂股份,0
2026-01-19,2026-01-20,1,001278,一彬科技,0
2026-03-16,2026-03-17,1,001278,一彬科技,0
2026-06-03,2026-06-04,1,001278,一彬科技,0
2026-09-02,2026-09-03,1,001278,一彬科技,0
2026-06-26,2026-06-29,1,001289,龙源电力,0
2026-01-21,2026-01-22,1,002876,三利谱,0
2026-04-13,2026-04-14,1,002876,三利谱,0
2026-06-02,2026-06-03,1,002876,三利谱,0
2026-06-24,2026-06-25,1,002876,三利谱,0
2026-08-12,2026-08-13,1,002582,好想你,0
2026-03-24,2026-03-25,1,002192,融捷股份,1
2026-03-25,2026-03-26,2,002192,融捷股份,1
2026-03-26,2026-03-27,3,002192,融捷股份,1
2026-03-27,2026-03-30,4,002192,融捷股份,0
2026-04-24,2026-04-27,1,002192,融捷股份,0
2026-04-29,2026-04-30,1,002192,融捷股份,1
2026-04-30,2026-05-06,2,002192,融捷股份,0
2026-06-24,2026-06-25,1,002192,融捷股份,0
2026-08-21,2026-08-24,1,002192,融捷股份,0
2026-07-08,2026-07-09,1,600350,山东高速,0
2026-03-05,2026-03-06,1,600844,金煤科技,0
2026-03-12,2026-03-13,1,600844,金煤科技,0
2026-03-23,2026-03-24,1,600844,金煤科技,0
2026-03-26,2026-03-27,1,600844,金煤科技,1
2026-03-27,2026-03-30,2,600844,金煤科技,0
2026-07-14,2026-07-15,1,600844,金煤科技,1
2026-07-15,2026-07-16,2,600844,金煤科技,0
2026-07-23,2026-07-24,1,600844,金煤科技,0
2026-07-29,2026-07-30,1,600844,金煤科技,0
2026-03-24,2026-03-25,1,600510,黑牡丹,0
2026-05-15,2026-05-18,1,600510,黑牡丹,0
2026-03-03,2026-03-04,1,600333,长春燃气,0
2026-04-23,2026-04-24,1,601101,昊华能源,0
2026-04-28,2026-04-29,1,601101,昊华能源,0
2026-05-28,2026-05-29,1,601101,昊华能源,0
2026-06-01,2026-06-02,1,601101,昊华能源,0
2026-07-06,2026-07-07,1,601101,昊华能源,0
2026-07-14,2026-07-15,1,601101,昊华能源,0
2026-08-06,2026-08-07,1,601101,昊华能源,0
2026-06-12,2026-06-15,1,001206,依依股份,0
2026-06-23,2026-06-24,1,001206,依依股份,0
2026-07-07,2026-07-08,1,001206,依依股份,0
2026-03-02,2026-03-03,1,002380,科远智慧,0
2026-04-08,2026-04-09,1,002380,科远智慧,0
2026-08-27,2026-08-28,1,603237,五芳斋实业,0
2026-03-26,2026-03-27,1,603520,司太立,0
2026-04-24,2026-04-27,1,603520,司太立,0
2026-05-15,2026-05-18,1,603520,司太立,0
2026-05-18,2026-05-19,1,600850,电科数字,1
2026-05-19,2026-05-20,2,600850,电科数字,0
2026-07-28,2026-07-29,1,600850,电科数字,0
2026-06-09,2026-06-10,1,002225,濮耐股份,0
2026-01-12,2026-01-13,1,000766,通化金马,0
2026-04-07,2026-04-08,1,000766,通化金马,0
2026-06-25,2026-06-26,1,000766,通化金马,0
2026-01-12,2026-01-13,1,603232,格尔软件,0
2026-02-27,2026-03-02,1,603232,格尔软件,0
2026-05-22,2026-05-25,1,603232,格尔软件,0
2026-06-01,2026-06-02,1,603232,格尔软件,0
2026-07-28,2026-07-29,1,603232,格尔软件,0
2026-08-12,2026-08-13,1,603232,格尔软件,0
2026-09-18,2026-09-21,1,603232,格尔软件,0
2026-06-09,2026-06-10,1,605100,华丰股份,0
2026-07-23,2026-07-24,1,605100,华丰股份,0
2026-09-16,2026-09-17,1,605100,华丰股份,0
2026-01-28,2026-01-29,1,600490,鹏欣资源,0
2026-02-12,2026-02-13,1,600490,鹏欣资源,0
2026-07-02,2026-07-03,1,600490,鹏欣资源,0
2026-08-10,2026-08-11,1,600490,鹏欣资源,0
2026-05-22,2026-05-25,1,603439,三力制药,0
2026-05-29,2026-06-01,1,603439,三力制药,0
2026-09-11,2026-09-14,1,603439,三力制药,1
2026-09-14,2026-09-15,2,603439,三力制药,0
2026-06-12,2026-06-15,1,603519,立霸股份,0
2026-08-20,2026-08-21,1,603519,立霸股份,0
2026-05-25,2026-05-26,1,603956,威派格,0
2026-06-18,2026-06-22,1,603956,威派格,0
2026-06-25,2026-06-26,1,603956,威派格,1
2026-06-26,2026-06-29,2,603956,威派格,1
2026-06-29,2026-06-30,3,603956,威派格,0
2026-07-23,2026-07-24,1,603956,威派格,1
2026-07-24,2026-07-27,2,603956,威派格,0
2026-07-31,2026-08-03,1,603956,威派格,0
2026-08-13,2026-08-14,1,603956,威派格,0
2026-09-16,2026-09-17,1,603956,威派格,0
2026-08-17,2026-08-18,1,002668,TCL智家,0
2026-07-13,2026-07-14,1,001388,信通电子,1
2026-07-14,2026-07-15,2,001388,信通电子,1
2026-07-15,2026-07-16,3,001388,信通电子,0
2026-07-23,2026-07-24,1,001388,信通电子,0
2026-08-04,2026-08-05,1,001388,信通电子,0
2026-08-10,2026-08-11,1,001388,信通电子,0
2026-07-29,2026-07-30,1,605337,李子园,0
2026-08-06,2026-08-07,1,003029,吉大正元,0
2026-02-10,2026-02-11,1,002292,奥飞娱乐,0
2026-07-03,2026-07-06,1,002292,奥飞娱乐,0
2026-07-27,2026-07-28,1,002292,奥飞娱乐,0
2026-01-05,2026-01-06,1,601089,福元医药,0
2026-01-09,2026-01-12,1,601089,福元医药,0
2026-08-04,2026-08-05,1,002289,宇顺电子,0
2026-08-10,2026-08-11,1,002289,宇顺电子,0
2026-08-17,2026-08-18,1,002289,宇顺电子,0
2026-03-13,2026-03-16,1,003027,同兴科技,0
2026-04-21,2026-04-22,1,003027,同兴科技,0
2026-01-20,2026-01-21,1,002165,红 宝 丽,1
2026-01-21,2026-01-22,2,002165,红 宝 丽,0
2026-01-26,2026-01-27,1,002165,红 宝 丽,0
2026-01-30,2026-02-02,1,002165,红 宝 丽,0
2026-02-03,2026-02-04,1,002165,红 宝 丽,0
2026-02-24,2026-02-25,1,002165,红 宝 丽,0
2026-03-06,2026-03-09,1,002165,红 宝 丽,0
2026-03-13,2026-03-16,1,002165,红 宝 丽,0
2026-05-14,2026-05-15,1,002165,红 宝 丽,0
2026-06-10,2026-06-11,1,002165,红 宝 丽,1
2026-06-11,2026-06-12,2,002165,红 宝 丽,0
2026-07-23,2026-07-24,1,002165,红 宝 丽,0
2026-08-17,2026-08-18,1,002165,红 宝 丽,0
2026-08-28,2026-08-31,1,002165,红 宝 丽,0
2026-03-30,2026-03-31,1,603358,华达科技,0
2026-05-18,2026-05-19,1,603358,华达科技,0
2026-06-18,2026-06-22,1,603358,华达科技,0
2026-07-27,2026-07-28,1,603358,华达科技,1
2026-07-28,2026-07-29,2,603358,华达科技,0
2026-08-04,2026-08-05,1,603358,华达科技,0
2026-08-31,2026-09-01,1,603358,华达科技,0
2026-07-28,2026-07-29,1,002212,天融信,1
2026-07-29,2026-07-30,2,002212,天融信,0
2026-08-06,2026-08-07,1,002212,天融信,0
2026-08-11,2026-08-12,1,002212,天融信,0
2026-08-28,2026-08-31,1,002212,天融信,0
2026-09-14,2026-09-15,1,002212,天融信,0
2026-01-05,2026-01-06,1,002555,三七互娱,0
2026-01-12,2026-01-13,1,002066,瑞泰科技,0
2026-05-11,2026-05-12,1,002066,瑞泰科技,0
2026-05-15,2026-05-18,1,002066,瑞泰科技,0
2026-08-13,2026-08-14,1,002066,瑞泰科技,0
2026-01-22,2026-01-23,1,603220,中贝通信,0
2026-03-18,2026-03-19,1,603220,中贝通信,0
2026-04-16,2026-04-17,1,603220,中贝通信,0
2026-04-23,2026-04-24,1,603220,中贝通信,0
2026-06-10,2026-06-11,1,603220,中贝通信,0
2026-08-20,2026-08-21,1,000590,古汉医药,0
2026-05-20,2026-05-21,1,600615,鑫源智造,0
2026-06-16,2026-06-17,1,600615,鑫源智造,1
2026-06-17,2026-06-18,2,600615,鑫源智造,0
2026-03-04,2026-03-05,1,002877,智能自控,1
2026-03-05,2026-03-06,2,002877,智能自控,0
2026-06-05,2026-06-08,1,002877,智能自控,0
2026-02-04,2026-02-05,2,603616,韩建河山,1
2026-02-05,2026-02-06,3,603616,韩建河山,1
2026-02-06,2026-02-09,4,603616,韩建河山,1
2026-02-09,2026-02-10,5,603616,韩建河山,0
2026-02-24,2026-02-25,1,603616,韩建河山,0
2026-03-03,2026-03-04,1,603616,韩建河山,0
2026-03-23,2026-03-24,1,603616,韩建河山,0
2026-05-29,2026-06-01,1,603616,韩建河山,0
2026-06-08,2026-06-09,1,603616,韩建河山,1
2026-06-09,2026-06-10,2,603616,韩建河山,0
2026-06-18,2026-06-22,1,603616,韩建河山,0
2026-04-29,2026-04-30,1,600881,亚泰集团,0
2026-06-05,2026-06-08,1,600881,亚泰集团,0
2026-06-10,2026-06-11,1,600881,亚泰集团,0
2026-06-23,2026-06-24,1,600881,亚泰集团,0
2026-07-13,2026-07-14,1,600881,亚泰集团,0
2026-07-17,2026-07-20,1,600881,亚泰集团,0
2026-08-11,2026-08-12,1,600881,亚泰集团,1
2026-08-12,2026-08-13,2,600881,亚泰集团,1
2026-08-13,2026-08-14,3,600881,亚泰集团,0
2026-09-08,2026-09-09,1,600881,亚泰集团,0
2026-09-18,2026-09-21,1,600881,亚泰集团,0
2026-01-21,2026-01-22,1,603079,圣达生物,0
2026-08-14,2026-08-17,1,603079,圣达生物,1
2026-08-17,2026-08-18,2,603079,圣达生物,0
2026-08-21,2026-08-24,1,603079,圣达生物,0
2026-08-25,2026-08-26,1,603079,圣达生物,0
2026-01-28,2026-01-29,1,000933,神火股份,0
2026-07-10,2026-07-13,1,000933,神火股份,0
2026-01-07,2026-01-08,1,600198,大唐电信,0
2026-01-14,2026-01-15,1,600198,大唐电信,0
2026-01-16,2026-01-19,1,600198,大唐电信,0
2026-05-11,2026-05-12,1,600198,大唐电信,0
2026-06-03,2026-06-04,1,600198,大唐电信,0
2026-06-09,2026-06-10,1,600198,大唐电信,0
2026-08-14,2026-08-17,1,600198,大唐电信,0
2026-01-08,2026-01-09,1,002366,融发核电,0
2026-06-29,2026-06-30,1,002366,融发核电,0
2026-08-03,2026-08-04,1,002366,融发核电,0
2026-08-26,2026-08-27,1,002366,融发核电,0
2026-04-28,2026-04-29,1,002715,登云股份,0
2026-07-03,2026-07-06,1,002715,登云股份,0
2026-08-11,2026-08-12,1,002715,登云股份,0
2026-01-12,2026-01-13,1,600259,中稀有色,0
2026-02-25,2026-02-26,1,600259,中稀有色,0
2026-02-27,2026-03-02,1,600259,中稀有色,1
2026-03-02,2026-03-03,2,600259,中稀有色,0
2026-04-07,2026-04-08,1,600259,中稀有色,0
2026-05-11,2026-05-12,1,600259,中稀有色,0
2026-06-18,2026-06-22,1,600259,中稀有色,0
2026-02-04,2026-02-05,1,002791,坚朗五金,0
2026-07-29,2026-07-30,1,002791,坚朗五金,0
2026-01-13,2026-01-14,1,002607,中公教育,0
2026-07-01,2026-07-02,1,002607,中公教育,0
2026-07-06,2026-07-07,1,002607,中公教育,0
2026-07-29,2026-07-30,1,002607,中公教育,0
2026-08-05,2026-08-06,1,002607,中公教育,0
2026-01-14,2026-01-15,1,002609,捷顺科技,0
2026-02-26,2026-02-27,1,603269,海鸥股份,0
2026-03-06,2026-03-09,1,603269,海鸥股份,0
2026-03-10,2026-03-11,1,603269,海鸥股份,0
2026-04-14,2026-04-15,1,603269,海鸥股份,0
2026-05-06,2026-05-07,1,603269,海鸥股份,0
2026-05-11,2026-05-12,1,603269,海鸥股份,1
2026-05-12,2026-05-13,2,603269,海鸥股份,0
2026-05-22,2026-05-25,1,603269,海鸥股份,0
2026-07-06,2026-07-07,1,603269,海鸥股份,0
2026-08-04,2026-08-05,1,603269,海鸥股份,0
2026-08-10,2026-08-11,1,603269,海鸥股份,0
2026-08-12,2026-08-13,1,603269,海鸥股份,0
2026-08-27,2026-08-28,1,603269,海鸥股份,1
2026-08-28,2026-08-31,2,603269,海鸥股份,1
2026-08-31,2026-09-01,3,603269,海鸥股份,0
2026-01-16,2026-01-19,1,603665,康隆达,0
2026-01-22,2026-01-23,1,603665,康隆达,0
2026-09-02,2026-09-03,1,603665,康隆达,0
2026-03-06,2026-03-09,1,600396,华电辽能,0
2026-03-16,2026-03-17,1,600396,华电辽能,1
2026-03-17,2026-03-18,2,600396,华电辽能,1
2026-03-18,2026-03-19,3,600396,华电辽能,1
2026-03-19,2026-03-20,4,600396,华电辽能,1
2026-03-20,2026-03-23,5,600396,华电辽能,1
2026-03-23,2026-03-24,6,600396,华电辽能,1
2026-04-13,2026-04-14,1,600396,华电辽能,1
2026-04-14,2026-04-15,2,600396,华电辽能,0
2026-04-21,2026-04-22,1,600396,华电辽能,1
2026-04-22,2026-04-23,2,600396,华电辽能,1
2026-04-23,2026-04-24,3,600396,华电辽能,0
2026-04-27,2026-04-28,1,600396,华电辽能,0
2026-05-06,2026-05-07,1,600396,华电辽能,1
2026-05-07,2026-05-08,2,600396,华电辽能,0
2026-05-11,2026-05-12,1,600396,华电辽能,1
2026-05-12,2026-05-13,2,600396,华电辽能,1
2026-05-13,2026-05-14,3,600396,华电辽能,0
2026-05-25,2026-05-26,1,600396,华电辽能,0
2026-05-27,2026-05-28,1,600396,华电辽能,0
2026-06-03,2026-06-04,1,600396,华电辽能,0
2026-06-09,2026-06-10,1,600396,华电辽能,0
2026-07-20,2026-07-21,1,600396,华电辽能,0
2026-07-22,2026-07-23,1,600396,华电辽能,1
2026-07-23,2026-07-24,2,600396,华电辽能,0
2026-08-03,2026-08-04,1,600396,华电辽能,0
2026-04-29,2026-04-30,1,002786,银宝山新,0
2026-06-05,2026-06-08,1,002786,银宝山新,0
2026-07-15,2026-07-16,1,002786,银宝山新,0
2026-04-03,2026-04-07,1,603033,三维股份,0
2026-06-29,2026-06-30,1,603033,三维股份,1
2026-06-30,2026-07-01,2,603033,三维股份,0
2026-03-10,2026-03-11,1,002760,凤形股份,0
2026-05-13,2026-05-14,1,002760,凤形股份,0
2026-07-16,2026-07-17,1,002760,凤形股份,0
2026-03-02,2026-03-03,1,605117,德业股份,0
2026-03-11,2026-03-12,1,605117,德业股份,0
2026-03-20,2026-03-23,1,605117,德业股份,0
2026-04-10,2026-04-13,1,605117,德业股份,0
2026-07-23,2026-07-24,1,605117,德业股份,0
2026-03-13,2026-03-16,1,600756,浪潮软件,0
2026-07-08,2026-07-09,1,600756,浪潮软件,0
2026-07-20,2026-07-21,1,600756,浪潮软件,0
2026-07-28,2026-07-29,1,600756,浪潮软件,0
2026-02-05,2026-02-06,1,002357,富临运业,0
2026-03-04,2026-03-05,1,002357,富临运业,0
2026-07-14,2026-07-15,1,002357,富临运业,0
2026-08-12,2026-08-13,1,002357,富临运业,0
2026-09-08,2026-09-09,1,002357,富临运业,0
2026-01-07,2026-01-08,1,002922,伊戈尔,0
2026-02-03,2026-02-04,1,002922,伊戈尔,0
2026-02-12,2026-02-13,1,002922,伊戈尔,0
2026-05-13,2026-05-14,1,002922,伊戈尔,0
2026-04-08,2026-04-09,1,002484,江海股份,0
2026-04-27,2026-04-28,1,002484,江海股份,0
2026-05-18,2026-05-19,1,002484,江海股份,1
2026-05-19,2026-05-20,2,002484,江海股份,0
2026-05-27,2026-05-28,1,002484,江海股份,1
2026-05-28,2026-05-29,2,002484,江海股份,0
2026-06-04,2026-06-05,1,002484,江海股份,0
2026-06-09,2026-06-10,1,002484,江海股份,0
2026-06-16,2026-06-17,1,002484,江海股份,1
2026-06-17,2026-06-18,2,002484,江海股份,0
2026-06-25,2026-06-26,1,002484,江海股份,0
2026-07-14,2026-07-15,1,002484,江海股份,0
2026-07-21,2026-07-22,1,002484,江海股份,0
2026-07-27,2026-07-28,1,002484,江海股份,0
2026-08-04,2026-08-05,1,002484,江海股份,0
2026-09-07,2026-09-08,1,002484,江海股份,0
2026-06-23,2026-06-24,1,600777,新潮能源,0
2026-03-31,2026-04-01,1,600495,晋西车轴,0
2026-05-08,2026-05-11,1,600536,中国软件,0
2026-07-13,2026-07-14,1,600536,中国软件,0
2026-08-18,2026-08-19,1,600536,中国软件,0
2026-01-22,2026-01-23,1,002420,毅昌科技,0
2026-06-23,2026-06-24,1,002420,毅昌科技,0
2026-06-11,2026-06-12,1,002469,三维化学,0
2026-08-17,2026-08-18,1,002469,三维化学,0
2026-04-16,2026-04-17,1,002802,洪汇新材,1
2026-04-17,2026-04-20,2,002802,洪汇新材,0
2026-01-06,2026-01-07,1,603023,威帝股份,0
2026-01-15,2026-01-16,1,603023,威帝股份,0
2026-01-21,2026-01-22,1,603023,威帝股份,0
2026-05-13,2026-05-14,1,603023,威帝股份,0
2026-09-16,2026-09-17,1,603023,威帝股份,0
2026-07-02,2026-07-03,1,000972,中基健康,0
2026-08-13,2026-08-14,1,000972,中基健康,0
2026-09-09,2026-09-10,1,000972,中基健康,0
2026-01-07,2026-01-08,1,603057,上海紫燕食品,0
2026-01-09,2026-01-12,1,603057,上海紫燕食品,0
2026-02-25,2026-02-26,1,603057,上海紫燕食品,0
2026-04-20,2026-04-21,1,603057,上海紫燕食品,0
2026-07-29,2026-07-30,1,603057,上海紫燕食品,0
2026-01-08,2026-01-09,1,600215,派斯林,1
2026-01-09,2026-01-12,2,600215,派斯林,0
2026-01-29,2026-01-30,1,600215,派斯林,0
2026-07-06,2026-07-07,1,600215,派斯林,0
2026-03-03,2026-03-04,1,603706,东方环宇,0
2026-08-26,2026-08-27,1,002942,新农股份,1
2026-08-27,2026-08-28,2,002942,新农股份,1
2026-08-28,2026-08-31,3,002942,新农股份,0
2026-02-06,2026-02-09,1,002921,联诚精密,0
2026-04-08,2026-04-09,1,002921,联诚精密,0
2026-06-23,2026-06-24,1,002921,联诚精密,0
2026-06-30,2026-07-01,1,002921,联诚精密,0
2026-08-04,2026-08-05,1,002921,联诚精密,0
2026-08-13,2026-08-14,1,002921,联诚精密,0
2026-08-31,2026-09-01,1,002921,联诚精密,0
2026-02-25,2026-02-26,1,002176,江特电机,0
2026-03-27,2026-03-30,1,002176,江特电机,0
2026-04-24,2026-04-27,1,002176,江特电机,0
2026-04-29,2026-04-30,1,002176,江特电机,0
2026-08-03,2026-08-04,1,002176,江特电机,0
2026-03-03,2026-03-04,1,001269,欧晶科技,0
2026-04-10,2026-04-13,1,001269,欧晶科技,0
2026-05-20,2026-05-21,1,001269,欧晶科技,0
2026-05-29,2026-06-01,1,001269,欧晶科技,0
2026-06-09,2026-06-10,1,001269,欧晶科技,0
2026-07-01,2026-07-02,1,001269,欧晶科技,0
2026-06-12,2026-06-15,1,002742,冀衡医药,0
2026-08-07,2026-08-10,1,002742,冀衡医药,0
2026-08-17,2026-08-18,1,002742,冀衡医药,0
2026-08-25,2026-08-26,1,002742,冀衡医药,1
2026-08-26,2026-08-27,2,002742,冀衡医药,1
2026-08-27,2026-08-28,3,002742,冀衡医药,1
2026-08-28,2026-08-31,4,002742,冀衡医药,0
2026-01-08,2026-01-09,1,002316,亚联发展,1
2026-01-09,2026-01-12,2,002316,亚联发展,1
2026-01-12,2026-01-13,3,002316,亚联发展,0
2026-03-24,2026-03-25,1,002316,亚联发展,0
2026-04-20,2026-04-21,1,600872,中炬高新,0
2026-08-11,2026-08-12,1,603883,老百姓,0
2026-01-20,2026-01-21,1,605366,宏柏新材,0
2026-03-16,2026-03-17,1,605366,宏柏新材,0
2026-03-24,2026-03-25,1,605366,宏柏新材,1
2026-03-25,2026-03-26,2,605366,宏柏新材,0
2026-04-15,2026-04-16,1,605366,宏柏新材,0
2026-05-14,2026-05-15,1,605366,宏柏新材,0
2026-05-22,2026-05-25,1,605366,宏柏新材,0
2026-06-23,2026-06-24,1,605366,宏柏新材,1
2026-06-24,2026-06-25,2,605366,宏柏新材,1
2026-06-25,2026-06-26,3,605366,宏柏新材,1
2026-06-26,2026-06-29,4,605366,宏柏新材,0
2026-08-06,2026-08-07,1,605366,宏柏新材,0
2026-01-05,2026-01-06,1,002943,宇晶股份,0
2026-01-08,2026-01-09,1,002943,宇晶股份,0
2026-01-16,2026-01-19,1,002943,宇晶股份,0
2026-01-22,2026-01-23,1,002943,宇晶股份,1
2026-01-23,2026-01-26,2,002943,宇晶股份,0
2026-01-27,2026-01-28,1,002943,宇晶股份,0
2026-02-03,2026-02-04,1,002943,宇晶股份,0
2026-02-06,2026-02-09,1,002943,宇晶股份,0
2026-04-13,2026-04-14,1,002943,宇晶股份,0
2026-05-11,2026-05-12,1,002943,宇晶股份,0
2026-05-28,2026-05-29,1,002943,宇晶股份,0
2026-06-24,2026-06-25,1,002943,宇晶股份,0
2026-07-01,2026-07-02,1,002943,宇晶股份,0
2026-08-07,2026-08-10,1,002943,宇晶股份,0
2026-01-06,2026-01-07,1,002197,证通电子,0
2026-07-21,2026-07-22,1,002197,证通电子,1
2026-07-22,2026-07-23,2,002197,证通电子,1
2026-07-23,2026-07-24,3,002197,证通电子,0
2026-07-31,2026-08-03,1,002197,证通电子,0
2026-02-06,2026-02-09,1,600884,杉杉股份,1
2026-02-09,2026-02-10,2,600884,杉杉股份,0
2026-02-25,2026-02-26,1,600884,杉杉股份,0
2026-07-21,2026-07-22,1,600884,杉杉股份,0
2026-05-07,2026-05-08,1,002698,博实股份,0
2026-07-01,2026-07-02,1,002698,博实股份,0
2026-01-05,2026-01-06,1,002173,创新医疗,1
2026-01-06,2026-01-07,2,002173,创新医疗,1
2026-01-07,2026-01-08,3,002173,创新医疗,1
2026-01-08,2026-01-09,4,002173,创新医疗,1
2026-01-09,2026-01-12,5,002173,创新医疗,0
2026-05-19,2026-05-20,1,002173,创新医疗,0
2026-07-16,2026-07-17,1,002173,创新医疗,0
2026-07-23,2026-07-24,1,002173,创新医疗,0
2026-07-27,2026-07-28,1,002173,创新医疗,1
2026-07-28,2026-07-29,2,002173,创新医疗,0
2026-08-04,2026-08-05,1,002173,创新医疗,0
2026-08-18,2026-08-19,1,605333,沪光股份,0
2026-05-18,2026-05-19,1,002888,惠威科技,0
2026-05-21,2026-05-22,1,002888,惠威科技,0
2025-12-29,2025-12-30,1,603332,苏州龙杰,0
2026-04-20,2026-04-21,1,603332,苏州龙杰,0
2026-04-15,2026-04-16,1,603444,吉比特,0
2026-07-29,2026-07-30,1,001318,阳光乳业,0
2026-08-17,2026-08-18,1,001318,阳光乳业,0
2026-01-29,2026-01-30,1,000596,古井贡酒,0
2026-07-15,2026-07-16,1,000596,古井贡酒,0
2026-07-20,2026-07-21,1,000596,古井贡酒,0
2026-09-01,2026-09-02,1,000596,古井贡酒,0
2026-03-31,2026-04-01,1,001239,永达股份,0
2026-06-11,2026-06-12,1,001239,永达股份,0
2026-07-08,2026-07-09,1,000977,浪潮信息,1
2026-07-09,2026-07-10,2,000977,浪潮信息,0
2026-08-31,2026-09-01,1,000977,浪潮信息,0
2026-03-03,2026-03-04,1,002911,佛燃能源,0
2026-05-19,2026-05-20,1,603380,易德龙,0
2026-06-18,2026-06-22,1,603380,易德龙,1
2026-06-22,2026-06-23,2,603380,易德龙,0
2026-07-08,2026-07-09,1,603380,易德龙,0
2026-05-14,2026-05-15,1,600509,天富能源,0
2026-07-01,2026-07-02,1,600509,天富能源,0
2026-07-14,2026-07-15,1,603197,保隆科技,0
2026-04-20,2026-04-21,1,002242,九阳股份,0
2026-04-23,2026-04-24,1,002242,九阳股份,0
2026-07-27,2026-07-28,1,002242,九阳股份,0
2026-09-11,2026-09-14,1,002242,九阳股份,0
2026-06-01,2026-06-02,1,002933,新兴装备,0
2025-12-29,2025-12-30,1,603017,中衡设计,0
2026-01-08,2026-01-09,1,603017,中衡设计,1
2026-01-09,2026-01-12,2,603017,中衡设计,1
2026-01-12,2026-01-13,3,603017,中衡设计,0
2026-03-10,2026-03-11,1,603017,中衡设计,0
2026-03-24,2026-03-25,1,603017,中衡设计,0
2026-03-30,2026-03-31,1,603017,中衡设计,0
2026-04-20,2026-04-21,1,603017,中衡设计,1
2026-04-21,2026-04-22,2,603017,中衡设计,0
2026-04-23,2026-04-24,1,603017,中衡设计,0
2026-04-29,2026-04-30,1,603017,中衡设计,0
2026-06-15,2026-06-16,1,600460,士兰微,0
2026-07-21,2026-07-22,1,600460,士兰微,0
2026-08-21,2026-08-24,1,600460,士兰微,0
2026-03-05,2026-03-06,1,002733,雄韬股份,0
2026-03-11,2026-03-12,1,002733,雄韬股份,0
2026-04-10,2026-04-13,1,002733,雄韬股份,0
2026-04-28,2026-04-29,1,002733,雄韬股份,0
2026-05-22,2026-05-25,1,002733,雄韬股份,0
2026-05-26,2026-05-27,1,002733,雄韬股份,0
2026-06-04,2026-06-05,1,002733,雄韬股份,0
2026-06-12,2026-06-15,1,002733,雄韬股份,0
2026-01-19,2026-01-20,1,605318,法狮龙,0
2026-02-12,2026-02-13,1,605318,法狮龙,0
2026-03-10,2026-03-11,1,605318,法狮龙,0
2026-04-08,2026-04-09,1,605318,法狮龙,1
2026-04-09,2026-04-10,2,605318,法狮龙,0
2026-05-18,2026-05-19,1,605318,法狮龙,0
2026-06-09,2026-06-10,1,605318,法狮龙,1
2026-06-10,2026-06-11,2,605318,法狮龙,0
2026-06-25,2026-06-26,1,605318,法狮龙,0
2026-07-21,2026-07-22,1,605318,法狮龙,0
2026-07-31,2026-08-03,1,605318,法狮龙,0
2026-04-08,2026-04-09,1,603890,春秋电子,0
2026-04-15,2026-04-16,1,603890,春秋电子,0
2026-05-13,2026-05-14,1,603890,春秋电子,0
2026-05-22,2026-05-25,1,603890,春秋电子,0
2026-05-29,2026-06-01,1,603890,春秋电子,1
2026-06-01,2026-06-02,2,603890,春秋电子,1
2026-06-02,2026-06-03,3,603890,春秋电子,0
2026-07-21,2026-07-22,1,603890,春秋电子,0
2026-08-13,2026-08-14,1,603890,春秋电子,0
2026-09-21,2026-09-22,1,600812,华北制药,0
2026-01-08,2026-01-09,1,002023,海特高新,0
2026-04-14,2026-04-15,1,002023,海特高新,0
2026-06-03,2026-06-04,1,002023,海特高新,0
2026-01-29,2026-01-30,1,000858,五 粮 液,0
2025-12-30,2025-12-31,1,001299,美能能源,1
2025-12-31,2026-01-05,2,001299,美能能源,0
2026-03-03,2026-03-04,1,001299,美能能源,0
2026-04-10,2026-04-13,1,001299,美能能源,1
2026-04-13,2026-04-14,2,001299,美能能源,1
2026-04-14,2026-04-15,3,001299,美能能源,0
2026-05-27,2026-05-28,1,001299,美能能源,0
2026-06-12,2026-06-15,1,001299,美能能源,0
2026-09-03,2026-09-04,1,001299,美能能源,0
2026-09-10,2026-09-11,1,001299,美能能源,0
2026-04-15,2026-04-16,1,603815,交建股份,0
2026-04-21,2026-04-22,1,603815,交建股份,0
2026-06-12,2026-06-15,1,603815,交建股份,0
2026-07-06,2026-07-07,1,603815,交建股份,0
2025-12-31,2026-01-05,1,002208,合肥城建,0
2026-01-16,2026-01-19,1,002208,合肥城建,0
2026-01-20,2026-01-21,1,002208,合肥城建,0
2026-02-12,2026-02-13,1,002208,合肥城建,0
2026-05-12,2026-05-13,1,002208,合肥城建,1
2026-05-13,2026-05-14,2,002208,合肥城建,1
2026-05-14,2026-05-15,3,002208,合肥城建,0
2026-05-18,2026-05-19,1,002208,合肥城建,1
2026-05-19,2026-05-20,2,002208,合肥城建,0
2026-06-10,2026-06-11,1,002208,合肥城建,0
2026-06-29,2026-06-30,1,002208,合肥城建,1
2026-06-30,2026-07-01,2,002208,合肥城建,0
2026-07-09,2026-07-10,1,002208,合肥城建,0
2026-07-24,2026-07-27,1,002208,合肥城建,0
2026-07-29,2026-07-30,1,603833,欧派家居,0
2026-08-19,2026-08-20,1,603848,好太太,0
2026-03-04,2026-03-05,1,001282,三联锻造,0
2026-06-17,2026-06-18,1,001282,三联锻造,0
2026-01-19,2026-01-20,1,600189,泉阳泉,0
2026-01-09,2026-01-12,1,600143,金发科技,0
2026-03-23,2026-03-24,1,600143,金发科技,0
2026-07-03,2026-07-06,1,600143,金发科技,0
2026-01-26,2026-01-27,1,603619,中曼石油,0
2026-01-28,2026-01-29,1,603619,中曼石油,1
2026-01-29,2026-01-30,2,603619,中曼石油,0
2026-02-24,2026-02-25,1,603619,中曼石油,0
2026-03-02,2026-03-03,1,603619,中曼石油,1
2026-03-03,2026-03-04,2,603619,中曼石油,0
2026-07-14,2026-07-15,1,603619,中曼石油,0
2026-07-20,2026-07-21,1,603619,中曼石油,0
2026-07-22,2026-07-23,1,603619,中曼石油,1
2026-07-23,2026-07-24,2,603619,中曼石油,0
2026-09-08,2026-09-09,1,603619,中曼石油,0
2026-02-06,2026-02-09,1,603607,京华激光,0
2026-03-13,2026-03-16,1,603607,京华激光,0
2026-06-22,2026-06-23,1,603607,京华激光,0
2026-06-30,2026-07-01,1,603607,京华激光,0
2026-07-27,2026-07-28,1,603607,京华激光,0
2026-09-16,2026-09-17,1,603607,京华激光,0
2026-04-10,2026-04-13,1,000402,金 融 街,1
2026-04-13,2026-04-14,2,000402,金 融 街,0
2026-04-29,2026-04-30,1,000402,金 融 街,1
2026-04-30,2026-05-06,2,000402,金 融 街,1
2026-05-06,2026-05-07,3,000402,金 融 街,0
2026-09-21,2026-09-22,1,000402,金 融 街,0
2026-03-09,2026-03-10,1,601877,正泰电器,0
2026-08-20,2026-08-21,1,601877,正泰电器,0
2026-01-20,2026-01-21,1,002809,红墙股份,1
2026-01-21,2026-01-22,2,002809,红墙股份,0
2026-02-24,2026-02-25,1,002809,红墙股份,0
2026-03-06,2026-03-09,1,002809,红墙股份,0
2026-05-14,2026-05-15,1,002809,红墙股份,0
2025-12-26,2025-12-29,1,000659,珠海中富,1
2025-12-29,2025-12-30,2,000659,珠海中富,0
2026-01-27,2026-01-28,1,000659,珠海中富,0
2026-02-11,2026-02-12,1,000659,珠海中富,0
2026-03-25,2026-03-26,1,000659,珠海中富,0
2026-04-10,2026-04-13,1,000659,珠海中富,0
2026-05-08,2026-05-11,1,000659,珠海中富,0
2026-07-28,2026-07-29,1,000659,珠海中富,0
2026-08-25,2026-08-26,1,000659,珠海中富,0
2026-04-07,2026-04-08,1,603327,福蓉科技,0
2026-04-15,2026-04-16,1,603327,福蓉科技,0
2026-06-15,2026-06-16,1,603327,福蓉科技,0
2026-07-03,2026-07-06,1,603327,福蓉科技,0
2026-07-16,2026-07-17,1,603327,福蓉科技,0
2026-01-14,2026-01-15,1,605136,丽人丽妆,0
2026-07-29,2026-07-30,1,605136,丽人丽妆,0
2026-01-29,2026-01-30,1,600809,山西汾酒,0
2026-03-13,2026-03-16,1,002056,横店东磁,0
2026-05-25,2026-05-26,1,002056,横店东磁,0
2026-05-28,2026-05-29,1,002056,横店东磁,0
2026-06-25,2026-06-26,1,002056,横店东磁,0
2026-08-28,2026-08-31,1,002349,精华制药,0
2026-09-01,2026-09-02,1,002349,精华制药,0
2026-09-08,2026-09-09,1,002349,精华制药,1
2026-09-09,2026-09-10,2,002349,精华制药,0
2026-09-21,2026-09-22,1,002349,精华制药,0
2026-05-13,2026-05-14,1,002868,绿康生化,0
2026-07-01,2026-07-02,1,002868,绿康生化,0
2026-07-03,2026-07-06,1,002868,绿康生化,0
2026-09-04,2026-09-07,1,002868,绿康生化,0
2026-06-23,2026-06-24,1,605369,拱东医疗,0
2026-01-07,2026-01-08,1,603877,太平鸟,0
2026-06-01,2026-06-02,1,603877,太平鸟,0
2026-06-08,2026-06-09,1,603877,太平鸟,0
2026-01-29,2026-01-30,1,603198,迎驾贡酒,0
2026-04-23,2026-04-24,1,603198,迎驾贡酒,0
2026-05-07,2026-05-08,1,601996,丰林集团,0
2026-05-15,2026-05-18,1,601996,丰林集团,0
2026-06-12,2026-06-15,1,601996,丰林集团,0
2026-07-03,2026-07-06,1,003028,振邦智能,0
2026-03-05,2026-03-06,1,002857,三晖电气,0
2026-05-28,2026-05-29,1,002857,三晖电气,0
2026-07-20,2026-07-21,1,002857,三晖电气,0
2026-04-24,2026-04-27,1,002127,南极电商,0
2026-07-16,2026-07-17,1,002127,南极电商,0
2026-01-16,2026-01-19,1,603038,华立股份,0
2026-08-10,2026-08-11,1,603038,华立股份,0
2026-04-27,2026-04-28,1,605138,盛泰集团,0
2026-07-29,2026-07-30,1,001323,慕思股份,0
2026-03-26,2026-03-27,1,001367,海森药业,0
2026-02-05,2026-02-06,1,003018,金富科技,1
2026-02-06,2026-02-09,2,003018,金富科技,1
2026-02-09,2026-02-10,3,003018,金富科技,0
2026-02-11,2026-02-12,1,003018,金富科技,0
2026-02-27,2026-03-02,1,003018,金富科技,0
2026-03-18,2026-03-19,1,003018,金富科技,0
2026-03-26,2026-03-27,1,003018,金富科技,0
2026-04-13,2026-04-14,1,003018,金富科技,0
2026-04-17,2026-04-20,1,003018,金富科技,1
2026-04-20,2026-04-21,2,003018,金富科技,1
2026-04-21,2026-04-22,3,003018,金富科技,1
2026-04-22,2026-04-23,4,003018,金富科技,0
2026-05-14,2026-05-15,1,003018,金富科技,1
2026-05-15,2026-05-18,2,003018,金富科技,1
2026-05-18,2026-05-19,3,003018,金富科技,0
2026-05-28,2026-05-29,1,003018,金富科技,0
2026-06-09,2026-06-10,1,003018,金富科技,0
2026-06-24,2026-06-25,1,003018,金富科技,0
2026-07-09,2026-07-10,1,003018,金富科技,0
2026-07-31,2026-08-03,1,003018,金富科技,0
2026-08-04,2026-08-05,1,003018,金富科技,1
2026-08-05,2026-08-06,2,003018,金富科技,0
2026-08-21,2026-08-24,1,003018,金富科技,0
2026-08-25,2026-08-26,1,003018,金富科技,0
2026-08-31,2026-09-01,1,003018,金富科技,0
2026-09-03,2026-09-04,1,003018,金富科技,0
2026-01-26,2026-01-27,1,002022,科华生物,0
2026-09-21,2026-09-22,1,002022,科华生物,0
2026-01-08,2026-01-09,1,003007,直真科技,1
2026-01-09,2026-01-12,2,003007,直真科技,1
2026-01-12,2026-01-13,3,003007,直真科技,1
2026-01-13,2026-01-14,4,003007,直真科技,1
2026-01-14,2026-01-15,5,003007,直真科技,0
2026-04-03,2026-04-07,1,003007,直真科技,0
2026-05-06,2026-05-07,1,003007,直真科技,0
2026-05-13,2026-05-14,1,003007,直真科技,0
2026-05-21,2026-05-22,1,003007,直真科技,0
2026-07-01,2026-07-02,1,003007,直真科技,0
2026-07-01,2026-07-02,1,002423,中粮资本,0
2026-05-13,2026-05-14,1,603126,中材节能,0
2026-02-05,2026-02-06,1,601599,浙文影业,0
2026-02-10,2026-02-11,1,601599,浙文影业,0
2026-04-14,2026-04-15,1,002686,亿利达,0
2026-04-20,2026-04-21,1,002686,亿利达,0
2026-07-30,2026-07-31,1,002686,亿利达,0
2026-08-06,2026-08-07,1,002686,亿利达,0
2026-08-21,2026-08-24,1,002686,亿利达,0
2026-08-25,2026-08-26,1,002686,亿利达,0
2026-04-29,2026-04-30,1,001336,楚环科技,0
2026-02-04,2026-02-05,1,000983,山西焦煤,0
2026-08-11,2026-08-12,1,603284,林平发展,0
2026-06-24,2026-06-25,1,603297,永新光学,0
2026-07-28,2026-07-29,1,603297,永新光学,0
2026-08-05,2026-08-06,1,603297,永新光学,0
2026-08-31,2026-09-01,1,603297,永新光学,0
2026-01-05,2026-01-06,1,600587,新华医疗,0
2026-09-21,2026-09-22,1,600587,新华医疗,0
2026-03-20,2026-03-23,1,605050,福然德,0
2026-04-21,2026-04-22,1,603788,宁波高发,0
2026-02-27,2026-03-02,1,603897,长城科技,1
2026-03-02,2026-03-03,2,603897,长城科技,0
2026-03-18,2026-03-19,1,603897,长城科技,0
2026-03-30,2026-03-31,1,603897,长城科技,0
2026-04-13,2026-04-14,1,603897,长城科技,0
2026-04-16,2026-04-17,1,603897,长城科技,0
2026-04-30,2026-05-06,1,603897,长城科技,0
2026-07-02,2026-07-03,1,603897,长城科技,0
2026-08-11,2026-08-12,1,603897,长城科技,1
2026-08-12,2026-08-13,2,603897,长城科技,0
2026-03-23,2026-03-24,1,603787,新日股份,0
2026-06-09,2026-06-10,1,000158,常山北明,0
2026-09-01,2026-09-02,1,000158,常山北明,0
2026-01-09,2026-01-12,1,601958,金钼股份,0
2026-01-26,2026-01-27,1,601958,金钼股份,0
2026-02-27,2026-03-02,1,601958,金钼股份,0
2026-05-26,2026-05-27,1,601958,金钼股份,0
2026-05-28,2026-05-29,1,601958,金钼股份,0
2026-06-11,2026-06-12,1,601958,金钼股份,1
2026-06-12,2026-06-15,2,601958,金钼股份,1
2026-06-15,2026-06-16,3,601958,金钼股份,0
2026-06-22,2026-06-23,1,601958,金钼股份,0
2026-09-03,2026-09-04,1,605088,冠盛股份,0
2026-09-11,2026-09-14,1,605088,冠盛股份,0
2026-09-17,2026-09-18,1,605088,冠盛股份,0
2026-06-22,2026-06-23,1,000682,东方电子,0
2026-01-19,2026-01-20,1,002319,乐通股份,0
2026-07-21,2026-07-22,1,002319,乐通股份,0
2026-03-31,2026-04-01,1,000913,钱江摩托,0
2026-09-16,2026-09-17,1,603276,恒兴新材料科技,0
2026-04-17,2026-04-20,1,002866,传艺科技,0
2026-05-08,2026-05-11,1,002866,传艺科技,0
2026-07-20,2026-07-21,1,002866,传艺科技,0
2026-07-14,2026-07-15,1,002243,力合科创,0
2026-03-09,2026-03-10,1,002229,鸿博股份,0
2026-04-14,2026-04-15,1,002229,鸿博股份,0
2026-05-06,2026-05-07,1,002229,鸿博股份,0
2026-06-01,2026-06-02,1,002229,鸿博股份,0
2026-07-23,2026-07-24,1,002229,鸿博股份,0
2026-08-11,2026-08-12,1,002229,鸿博股份,1
2026-08-12,2026-08-13,2,002229,鸿博股份,0
2026-08-17,2026-08-18,1,002229,鸿博股份,0
2026-08-28,2026-08-31,1,002229,鸿博股份,0
2026-01-07,2026-01-08,1,000635,英 力 特,0
2026-02-24,2026-02-25,1,000635,英 力 特,0
2026-09-01,2026-09-02,1,000635,英 力 特,1
2026-09-02,2026-09-03,2,000635,英 力 特,0
2026-01-06,2026-01-07,1,001255,博菲电气,0
2026-01-12,2026-01-13,1,001255,博菲电气,1
2026-01-13,2026-01-14,2,001255,博菲电气,1
2026-01-14,2026-01-15,3,001255,博菲电气,1
2026-01-15,2026-01-16,4,001255,博菲电气,1
2026-01-16,2026-01-19,5,001255,博菲电气,0
2026-03-23,2026-03-24,1,600758,辽宁能源,1
2026-03-24,2026-03-25,2,600758,辽宁能源,1
2026-03-25,2026-03-26,3,600758,辽宁能源,0
2026-05-13,2026-05-14,1,600758,辽宁能源,0
2026-05-18,2026-05-19,1,600758,辽宁能源,1
2026-05-19,2026-05-20,2,600758,辽宁能源,0
2026-05-27,2026-05-28,1,600758,辽宁能源,0
2026-06-01,2026-06-02,1,600758,辽宁能源,0
2026-08-06,2026-08-07,1,600758,辽宁能源,0
2026-01-12,2026-01-13,1,002858,力盛体育,0
2026-01-15,2026-01-16,1,002114,罗平锌电,0
2026-01-28,2026-01-29,1,002114,罗平锌电,0
2026-02-25,2026-02-26,1,002114,罗平锌电,0
2026-05-13,2026-05-14,1,002114,罗平锌电,0
2026-06-22,2026-06-23,1,002114,罗平锌电,0
2026-01-28,2026-01-29,1,600740,山西焦化,0
2026-02-04,2026-02-05,1,600740,山西焦化,0
2026-01-29,2026-01-30,1,600199,金种子酒,0
2026-07-01,2026-07-02,1,600199,金种子酒,0
2026-07-15,2026-07-16,1,600199,金种子酒,0
2026-07-28,2026-07-29,1,600199,金种子酒,0
2026-05-21,2026-05-22,1,603590,康辰药业,0
2026-08-20,2026-08-21,1,603590,康辰药业,0
2026-01-19,2026-01-20,1,600671,天目药业,0
2026-02-24,2026-02-25,1,600671,天目药业,0
2026-06-18,2026-06-22,1,600671,天目药业,0
2026-07-13,2026-07-14,1,600671,天目药业,0
2026-08-31,2026-09-01,1,600671,天目药业,0
2026-05-11,2026-05-12,1,000922,佳电股份,0
2026-06-01,2026-06-02,1,600463,空港股份,0
2026-04-07,2026-04-08,1,603255,鼎际得股份,0
2026-07-14,2026-07-15,1,603255,鼎际得股份,0
2026-09-16,2026-09-17,1,603255,鼎际得股份,0
2026-01-05,2026-01-06,1,603929,亚翔集成,1
2026-01-06,2026-01-07,2,603929,亚翔集成,0
2026-01-14,2026-01-15,1,603929,亚翔集成,0
2026-01-16,2026-01-19,1,603929,亚翔集成,0
2026-01-27,2026-01-28,1,603929,亚翔集成,0
2026-02-09,2026-02-10,1,603929,亚翔集成,0
2026-03-13,2026-03-16,1,603929,亚翔集成,1
2026-03-16,2026-03-17,2,603929,亚翔集成,1
2026-03-17,2026-03-18,3,603929,亚翔集成,0
2026-03-24,2026-03-25,1,603929,亚翔集成,0
2026-04-09,2026-04-10,1,603929,亚翔集成,0
2026-06-08,2026-06-09,1,603929,亚翔集成,1
2026-06-09,2026-06-10,2,603929,亚翔集成,0
2026-06-17,2026-06-18,1,603929,亚翔集成,0
2026-06-24,2026-06-25,1,603929,亚翔集成,1
2026-06-25,2026-06-26,2,603929,亚翔集成,0
2026-07-21,2026-07-22,1,603929,亚翔集成,0
2026-08-17,2026-08-18,1,603929,亚翔集成,0
2026-01-12,2026-01-13,1,002605,姚记科技,0
2026-06-22,2026-06-23,1,601336,新华保险,0
2026-07-01,2026-07-02,1,601336,新华保险,0
2026-01-22,2026-01-23,1,002629,仁智股份,0
2026-03-02,2026-03-03,1,002629,仁智股份,1
2026-03-03,2026-03-04,2,002629,仁智股份,0
2026-03-17,2026-03-18,1,002629,仁智股份,0
2026-05-08,2026-05-11,1,002629,仁智股份,0
2026-06-01,2026-06-02,1,002629,仁智股份,0
2026-01-23,2026-01-26,1,603939,益丰药房,0
2026-03-13,2026-03-16,1,002950,奥美医疗,0
2026-04-10,2026-04-13,1,002950,奥美医疗,0
2026-04-21,2026-04-22,1,002950,奥美医疗,0
2026-06-18,2026-06-22,1,002950,奥美医疗,0
2026-04-16,2026-04-17,1,002209,达 意 隆,0
2026-08-21,2026-08-24,1,002209,达 意 隆,0
2026-06-12,2026-06-15,1,000099,中信海直,0
2026-04-27,2026-04-28,1,603931,格林达,1
2026-04-28,2026-04-29,2,603931,格林达,0
2026-05-07,2026-05-08,1,603931,格林达,0
2026-05-22,2026-05-25,1,603931,格林达,0
2026-05-28,2026-05-29,1,603931,格林达,0
2026-07-06,2026-07-07,1,603931,格林达,0
2026-07-27,2026-07-28,1,603931,格林达,0
2026-08-04,2026-08-05,1,603931,格林达,0
2026-03-27,2026-03-30,1,600338,西藏珠峰,0
2026-04-24,2026-04-27,1,600338,西藏珠峰,1
2026-04-27,2026-04-28,2,600338,西藏珠峰,0
2026-04-29,2026-04-30,1,600338,西藏珠峰,0
2026-02-04,2026-02-05,1,600546,山煤国际,0
2026-06-01,2026-06-02,1,600546,山煤国际,0
2026-08-07,2026-08-10,1,603102,百合股份,0
2026-08-12,2026-08-13,1,603102,百合股份,0
2026-08-17,2026-08-18,1,603102,百合股份,0
2026-08-19,2026-08-20,1,603102,百合股份,0
2026-04-03,2026-04-07,1,600106,重庆路桥,0
2026-04-13,2026-04-14,1,603350,安乃达,0
2026-05-15,2026-05-18,1,603677,奇精机械,0
2026-07-13,2026-07-14,1,603677,奇精机械,0
2026-01-28,2026-01-29,1,603188,亚邦股份,0
2026-02-09,2026-02-10,1,603188,亚邦股份,0
2026-04-07,2026-04-08,1,603188,亚邦股份,0
2026-08-10,2026-08-11,1,603188,亚邦股份,1
2026-08-11,2026-08-12,2,603188,亚邦股份,0
2026-07-10,2026-07-13,1,000810,创维数字,0
2026-04-30,2026-05-06,1,001218,丽臣实业,0
2026-06-17,2026-06-18,1,001218,丽臣实业,0
2026-01-14,2026-01-15,1,000409,云鼎科技,0
2026-05-25,2026-05-26,1,000409,云鼎科技,0
2026-01-22,2026-01-23,1,603095,越剑智能,1
2026-01-23,2026-01-26,2,603095,越剑智能,0
2026-02-03,2026-02-04,1,603095,越剑智能,0
2026-04-27,2026-04-28,1,603095,越剑智能,1
2026-04-28,2026-04-29,2,603095,越剑智能,1
2026-04-29,2026-04-30,3,603095,越剑智能,1
2026-04-30,2026-05-06,4,603095,越剑智能,0
2026-05-07,2026-05-08,1,603095,越剑智能,0
2026-08-12,2026-08-13,1,603095,越剑智能,0
2026-08-14,2026-08-17,1,603095,越剑智能,1
2026-08-17,2026-08-18,2,603095,越剑智能,0
2026-08-21,2026-08-24,1,603095,越剑智能,0
2026-08-25,2026-08-26,1,603095,越剑智能,0
2026-01-07,2026-01-08,1,603037,凯众股份,0
2026-05-12,2026-05-13,1,603037,凯众股份,0
2026-02-03,2026-02-04,1,600149,廊坊发展,0
2026-03-04,2026-03-05,1,600149,廊坊发展,0
2026-03-23,2026-03-24,1,600149,廊坊发展,0
2026-04-20,2026-04-21,1,600149,廊坊发展,0
2026-07-14,2026-07-15,1,600829,人民同泰,1
2026-07-15,2026-07-16,2,600829,人民同泰,0
2026-07-27,2026-07-28,1,600829,人民同泰,0
2026-08-06,2026-08-07,1,600829,人民同泰,0
2026-08-14,2026-08-17,1,600829,人民同泰,0
2026-08-25,2026-08-26,1,600829,人民同泰,0
2025-12-26,2025-12-29,3,605007,五洲特纸,0
2026-02-13,2026-02-24,1,605007,五洲特纸,0
2026-02-25,2026-02-26,1,605007,五洲特纸,0
2026-07-27,2026-07-28,1,001328,登康口腔,0
2026-05-29,2026-06-01,1,000151,中成股份,0
2026-06-12,2026-06-15,1,000151,中成股份,0
2026-06-23,2026-06-24,1,600405,动力源,0
2026-06-30,2026-07-01,1,600405,动力源,0
2026-01-19,2026-01-20,1,000400,许继电气,0
2026-01-05,2026-01-06,1,002317,众生药业,0
2026-05-07,2026-05-08,1,002317,众生药业,1
2026-05-08,2026-05-11,2,002317,众生药业,0
2026-06-18,2026-06-22,1,002317,众生药业,0
2026-06-29,2026-06-30,1,002317,众生药业,0
2026-07-10,2026-07-13,1,002317,众生药业,0
2026-05-15,2026-05-18,1,603505,金石资源,0
2026-07-01,2026-07-02,1,603505,金石资源,1
2026-07-02,2026-07-03,2,603505,金石资源,0
2026-08-14,2026-08-17,1,002820,桂发祥,1
2026-08-17,2026-08-18,2,002820,桂发祥,1
2026-08-18,2026-08-19,3,002820,桂发祥,0
2026-03-05,2026-03-06,1,000555,神州信息,0
2026-07-21,2026-07-22,1,000555,神州信息,0
2026-05-07,2026-05-08,1,002031,巨轮智能,1
2026-05-08,2026-05-11,2,002031,巨轮智能,0
2026-05-15,2026-05-18,1,002031,巨轮智能,0
2026-06-23,2026-06-24,1,002031,巨轮智能,0
2026-08-11,2026-08-12,1,002031,巨轮智能,1
2026-08-12,2026-08-13,2,002031,巨轮智能,0
2026-03-02,2026-03-03,1,600028,中国石化,1
2026-03-03,2026-03-04,2,600028,中国石化,0
2026-01-26,2026-01-27,1,603895,天永智能,0
2026-05-07,2026-05-08,1,603895,天永智能,0
2026-05-12,2026-05-13,1,603895,天永智能,0
2026-05-27,2026-05-28,1,603895,天永智能,0
2026-04-07,2026-04-08,1,603260,合盛硅业,0
2026-06-09,2026-06-10,1,603260,合盛硅业,0
2026-06-16,2026-06-17,1,603260,合盛硅业,0
2026-01-29,2026-01-30,1,001386,马可波罗,0
2026-01-12,2026-01-13,1,600651,飞乐音响,0
2026-08-07,2026-08-10,1,600651,飞乐音响,0
2026-05-25,2026-05-26,1,600985,淮北矿业,0
2026-07-20,2026-07-21,1,600985,淮北矿业,0
2026-08-06,2026-08-07,1,600985,淮北矿业,0
2026-01-23,2026-01-26,1,601012,隆基绿能,0
2026-07-27,2026-07-28,1,002577,雷柏科技,0
2026-09-16,2026-09-17,1,002577,雷柏科技,0
2026-02-05,2026-02-06,1,002702,海欣食品,0
2026-07-30,2026-07-31,1,002702,海欣食品,0
2026-09-04,2026-09-07,1,002702,海欣食品,1
2026-09-07,2026-09-08,2,002702,海欣食品,1
2026-09-08,2026-09-09,3,002702,海欣食品,0
2026-04-01,2026-04-02,1,000788,北大医药,1
2026-04-02,2026-04-03,2,000788,北大医药,0
2026-04-15,2026-04-16,1,000788,北大医药,0
2026-04-08,2026-04-09,1,002188,中天服务,0
2026-02-25,2026-02-26,1,002348,高乐股份,0
2026-04-07,2026-04-08,1,002348,高乐股份,1
2026-04-08,2026-04-09,2,002348,高乐股份,0
2026-04-29,2026-04-30,1,002348,高乐股份,0
2026-05-15,2026-05-18,1,002348,高乐股份,0
2026-05-28,2026-05-29,1,002348,高乐股份,0
2026-08-04,2026-08-05,1,002348,高乐股份,1
2026-08-05,2026-08-06,2,002348,高乐股份,0
2026-05-08,2026-05-11,1,002918,蒙娜丽莎,1
2026-05-11,2026-05-12,2,002918,蒙娜丽莎,1
2026-05-12,2026-05-13,3,002918,蒙娜丽莎,1
2026-05-13,2026-05-14,4,002918,蒙娜丽莎,1
2026-05-14,2026-05-15,5,002918,蒙娜丽莎,1
2026-05-15,2026-05-18,6,002918,蒙娜丽莎,0
2026-05-28,2026-05-29,1,002918,蒙娜丽莎,0
2026-06-17,2026-06-18,1,002918,蒙娜丽莎,0
2026-07-27,2026-07-28,1,002918,蒙娜丽莎,0
2026-08-28,2026-08-31,1,002918,蒙娜丽莎,0
2026-09-14,2026-09-15,1,002918,蒙娜丽莎,0
2026-08-06,2026-08-07,1,002369,卓翼科技,0
2026-02-11,2026-02-12,1,002340,格林美,0
2026-01-06,2026-01-07,1,002920,德赛西威,0
2026-05-21,2026-05-22,1,002920,德赛西威,0
2026-02-27,2026-03-02,1,002734,利民股份,0
2026-06-16,2026-06-17,1,002734,利民股份,0
2026-06-18,2026-06-22,1,002734,利民股份,0
2026-08-05,2026-08-06,1,002734,利民股份,0
2026-05-15,2026-05-18,1,002395,双象股份,0
2026-06-04,2026-06-05,1,002395,双象股份,0
2026-09-01,2026-09-02,1,002395,双象股份,0
2026-04-24,2026-04-27,1,002999,天禾股份,0
2026-09-02,2026-09-03,1,002999,天禾股份,0
2026-09-08,2026-09-09,1,002999,天禾股份,0
2026-01-28,2026-01-29,1,000060,中金岭南,0
2026-05-06,2026-05-07,1,000060,中金岭南,0
2026-05-22,2026-05-25,1,000060,中金岭南,0
2026-06-22,2026-06-23,1,000060,中金岭南,0
2025-12-26,2025-12-29,1,600021,上海电力,0
2026-05-19,2026-05-20,1,600021,上海电力,0
2026-05-26,2026-05-27,1,600021,上海电力,0
2026-07-20,2026-07-21,1,600021,上海电力,0
2026-02-10,2026-02-11,1,600977,中国电影,0
2026-07-15,2026-07-16,1,002900,哈三联,0
2026-07-22,2026-07-23,1,002900,哈三联,1
2026-07-23,2026-07-24,2,002900,哈三联,0
2026-07-27,2026-07-28,1,002900,哈三联,0
2026-08-04,2026-08-05,1,002900,哈三联,0
2026-08-07,2026-08-10,1,002900,哈三联,1
2026-08-10,2026-08-11,2,002900,哈三联,0
2026-08-19,2026-08-20,1,002900,哈三联,0
2026-09-21,2026-09-22,1,002900,哈三联,0
2026-05-29,2026-06-01,1,600011,华能国际,1
2026-06-01,2026-06-02,2,600011,华能国际,0
2026-07-02,2026-07-03,1,000951,中国重汽,0
2026-08-27,2026-08-28,1,000951,中国重汽,0
2026-06-10,2026-06-11,1,600843,上工申贝,0
2026-06-23,2026-06-24,1,600843,上工申贝,0
2026-04-08,2026-04-09,1,603328,依顿电子,0
2026-08-07,2026-08-10,1,603328,依顿电子,0
2026-09-09,2026-09-10,1,603328,依顿电子,0
2026-09-16,2026-09-17,1,603328,依顿电子,0
2026-07-30,2026-07-31,1,000009,中国宝安,1
2026-07-31,2026-08-03,2,000009,中国宝安,0
2026-01-29,2026-01-30,1,002646,天佑德酒,0
2026-04-20,2026-04-21,1,002803,吉宏股份,0
2026-08-03,2026-08-04,1,002803,吉宏股份,0
2026-04-03,2026-04-07,1,603966,法兰泰克,0
2026-04-20,2026-04-21,1,000404,长虹华意,0
2026-08-31,2026-09-01,1,601136,首创证券,0
2026-07-14,2026-07-15,1,001226,拓山重工,0
2026-09-10,2026-09-11,1,002661,克明食品,0
2026-03-06,2026-03-09,1,601567,三星电气,1
2026-03-09,2026-03-10,2,601567,三星电气,0
2026-09-14,2026-09-15,1,601567,三星电气,0
2026-01-08,2026-01-09,1,000628,高新发展,0
2026-02-12,2026-02-13,1,000628,高新发展,0
2026-02-27,2026-03-02,1,000628,高新发展,0
2026-04-30,2026-05-06,1,000628,高新发展,0
2026-05-28,2026-05-29,1,000628,高新发展,0
2026-08-21,2026-08-24,1,000628,高新发展,0
2026-09-02,2026-09-03,1,000628,高新发展,0
2026-05-19,2026-05-20,1,600563,法拉电子,1
2026-05-20,2026-05-21,2,600563,法拉电子,0
2026-05-22,2026-05-25,1,600563,法拉电子,0
2026-06-15,2026-06-16,1,600563,法拉电子,0
2026-06-24,2026-06-25,1,600563,法拉电子,0
2026-01-06,2026-01-07,1,600909,华安证券,0
2026-05-18,2026-05-19,1,600909,华安证券,0
2026-06-23,2026-06-24,1,600909,华安证券,1
2026-06-24,2026-06-25,2,600909,华安证券,0
2026-07-01,2026-07-02,1,600909,华安证券,0
2026-07-09,2026-07-10,1,600909,华安证券,0
2026-02-26,2026-02-27,1,002095,生 意 宝,0
2026-09-08,2026-09-09,1,002095,生 意 宝,0
2026-09-16,2026-09-17,1,002095,生 意 宝,0
2026-01-12,2026-01-13,1,002446,盛路通信,0
2026-01-14,2026-01-15,1,002446,盛路通信,1
2026-01-15,2026-01-16,2,002446,盛路通信,0
2026-01-27,2026-01-28,1,002446,盛路通信,0
2026-06-16,2026-06-17,1,002446,盛路通信,0
2026-06-30,2026-07-01,1,002446,盛路通信,0
2026-03-25,2026-03-26,1,000978,桂林旅游,0
2026-04-08,2026-04-09,1,000978,桂林旅游,0
2026-09-07,2026-09-08,1,000978,桂林旅游,1
2026-09-08,2026-09-09,2,000978,桂林旅游,1
2026-09-09,2026-09-10,3,000978,桂林旅游,1
2026-09-10,2026-09-11,4,000978,桂林旅游,0
2026-09-14,2026-09-15,1,000978,桂林旅游,0
2026-07-30,2026-07-31,1,603352,至信股份,0
2026-04-07,2026-04-08,1,002840,华统股份,0
2026-05-14,2026-05-15,1,002840,华统股份,0
2026-07-01,2026-07-02,1,002840,华统股份,0
2026-01-05,2026-01-06,1,601512,中新集团,0
2026-04-22,2026-04-23,1,601512,中新集团,1
2026-04-23,2026-04-24,2,601512,中新集团,0
2026-06-12,2026-06-15,1,603225,新凤鸣,0
2026-06-09,2026-06-10,1,002057,中钢天源,0
2026-06-22,2026-06-23,1,002057,中钢天源,0
2026-02-26,2026-02-27,1,603912,佳力图,0
2026-03-18,2026-03-19,1,603912,佳力图,0
2026-04-01,2026-04-02,1,603912,佳力图,0
2026-04-20,2026-04-21,1,603912,佳力图,0
2026-04-23,2026-04-24,1,603912,佳力图,0
2026-08-04,2026-08-05,1,603912,佳力图,0
2026-08-13,2026-08-14,1,603912,佳力图,0
2026-08-25,2026-08-26,1,603912,佳力图,0
2026-01-08,2026-01-09,1,603416,信捷电气,0
2026-05-11,2026-05-12,1,603416,信捷电气,0
2026-07-02,2026-07-03,1,603416,信捷电气,0
2026-03-06,2026-03-09,1,603880,南卫股份,0
2026-06-17,2026-06-18,1,603880,南卫股份,0
2026-06-29,2026-06-30,1,603880,南卫股份,0
2026-08-17,2026-08-18,1,603880,南卫股份,0
2026-04-22,2026-04-23,1,605588,冠石科技,0
2026-05-25,2026-05-26,1,605588,冠石科技,0
2026-06-16,2026-06-17,1,605588,冠石科技,0
2026-06-15,2026-06-16,1,603085,天成自控,0
2026-05-22,2026-05-25,1,603379,三美股份,0
2026-06-30,2026-07-01,1,603379,三美股份,1
2026-07-01,2026-07-02,2,603379,三美股份,0
2026-02-12,2026-02-13,1,603088,宁波精达,0
2026-03-18,2026-03-19,1,603088,宁波精达,0
2026-04-10,2026-04-13,1,603088,宁波精达,0
2026-06-12,2026-06-15,1,601696,中银证券,1
2026-06-15,2026-06-16,2,601696,中银证券,0
2025-12-29,2025-12-30,1,605069,正和生态,1
2025-12-30,2025-12-31,2,605069,正和生态,0
2026-04-10,2026-04-13,1,605069,正和生态,0
2026-06-09,2026-06-10,1,605069,正和生态,0
2026-06-11,2026-06-12,1,605069,正和生态,0
2026-06-22,2026-06-23,1,605069,正和生态,1
2026-06-23,2026-06-24,2,605069,正和生态,1
2026-06-24,2026-06-25,3,605069,正和生态,0
2026-07-31,2026-08-03,1,605069,正和生态,0
2026-09-11,2026-09-14,1,605069,正和生态,1
2026-09-14,2026-09-15,2,605069,正和生态,0
2026-01-12,2026-01-13,1,001896,豫能控股,0
2026-02-11,2026-02-12,1,001896,豫能控股,1
2026-02-12,2026-02-13,2,001896,豫能控股,1
2026-02-13,2026-02-24,3,001896,豫能控股,1
2026-02-24,2026-02-25,4,001896,豫能控股,1
2026-02-25,2026-02-26,5,001896,豫能控股,1
2026-02-26,2026-02-27,6,001896,豫能控股,1
2026-03-06,2026-03-09,1,001896,豫能控股,0
2026-03-27,2026-03-30,1,001896,豫能控股,0
2026-04-15,2026-04-16,1,001896,豫能控股,0
2026-04-20,2026-04-21,1,001896,豫能控股,0
2026-05-19,2026-05-20,1,001896,豫能控股,0
2026-05-21,2026-05-22,1,001896,豫能控股,0
2026-06-03,2026-06-04,1,001896,豫能控股,1
2026-06-04,2026-06-05,2,001896,豫能控股,0
2026-06-09,2026-06-10,1,001896,豫能控股,0
2026-07-15,2026-07-16,1,001896,豫能控股,0
2026-09-14,2026-09-15,1,001896,豫能控股,0
2026-01-29,2026-01-30,1,603980,吉华集团,0
2026-02-09,2026-02-10,1,603980,吉华集团,1
2026-02-10,2026-02-11,2,603980,吉华集团,1
2026-02-11,2026-02-12,3,603980,吉华集团,0
2026-07-28,2026-07-29,1,603980,吉华集团,0
2026-09-01,2026-09-02,1,603980,吉华集团,0
2026-01-16,2026-01-19,1,601163,三角轮胎,0
2026-05-07,2026-05-08,1,000823,超声电子,0
2026-06-15,2026-06-16,1,000823,超声电子,0
2026-06-17,2026-06-18,1,000823,超声电子,0
2026-06-22,2026-06-23,1,000823,超声电子,0
2026-06-24,2026-06-25,1,000823,超声电子,1
2026-06-25,2026-06-26,2,000823,超声电子,1
2026-06-26,2026-06-29,3,000823,超声电子,0
2026-09-07,2026-09-08,1,000823,超声电子,0
2026-09-10,2026-09-11,1,000823,超声电子,1
2026-09-11,2026-09-14,2,000823,超声电子,1
2026-09-14,2026-09-15,3,000823,超声电子,0
2026-01-22,2026-01-23,1,002937,兴瑞科技,0
2026-07-28,2026-07-29,1,603917,合力科技,0
2026-03-30,2026-03-31,1,002675,东诚药业,0
2026-06-11,2026-06-12,1,000032,深桑达Ａ,1
2026-06-12,2026-06-15,2,000032,深桑达Ａ,1
2026-06-15,2026-06-16,3,000032,深桑达Ａ,1
2026-06-16,2026-06-17,4,000032,深桑达Ａ,0
2026-06-24,2026-06-25,1,000032,深桑达Ａ,0
2026-07-31,2026-08-03,1,000032,深桑达Ａ,0
2026-04-13,2026-04-14,1,603800,洪田股份,0
2026-05-22,2026-05-25,1,603800,洪田股份,0
2026-06-15,2026-06-16,1,603800,洪田股份,0
2026-06-25,2026-06-26,1,603800,洪田股份,0
2026-07-06,2026-07-07,1,603800,洪田股份,0
2026-08-04,2026-08-05,1,603800,洪田股份,0
2026-03-05,2026-03-06,1,002800,天顺股份,0
2026-03-31,2026-04-01,1,002800,天顺股份,0
2026-07-15,2026-07-16,1,002800,天顺股份,0
2026-01-09,2026-01-12,1,600513,联环药业,0
2026-03-18,2026-03-19,1,600513,联环药业,0
2026-03-27,2026-03-30,1,600513,联环药业,1
2026-03-30,2026-03-31,2,600513,联环药业,0
2026-07-10,2026-07-13,1,600513,联环药业,1
2026-07-13,2026-07-14,2,600513,联环药业,0
2026-07-23,2026-07-24,1,600513,联环药业,0
2026-07-30,2026-07-31,1,600513,联环药业,0
2026-01-14,2026-01-15,1,002879,长缆科技,0
2026-07-21,2026-07-22,1,002879,长缆科技,1
2026-07-22,2026-07-23,2,002879,长缆科技,1
2026-07-23,2026-07-24,3,002879,长缆科技,1
2026-07-24,2026-07-27,4,002879,长缆科技,1
2026-07-27,2026-07-28,5,002879,长缆科技,0
2026-08-03,2026-08-04,1,002879,长缆科技,0
2026-05-22,2026-05-25,1,603976,正川股份,0
2026-06-17,2026-06-18,1,603976,正川股份,0
2026-06-22,2026-06-23,1,603976,正川股份,0
2026-07-24,2026-07-27,1,603976,正川股份,0
2026-01-27,2026-01-28,1,600602,云赛智联,0
2026-03-09,2026-03-10,1,600602,云赛智联,0
2026-03-18,2026-03-19,1,600602,云赛智联,0
2026-03-30,2026-03-31,1,600602,云赛智联,0
2026-04-03,2026-04-07,1,600602,云赛智联,0
2026-07-08,2026-07-09,1,600602,云赛智联,0
2026-07-16,2026-07-17,1,600602,云赛智联,0
2026-07-31,2026-08-03,1,600602,云赛智联,0
2026-08-12,2026-08-13,1,600602,云赛智联,0
2025-12-30,2025-12-31,1,002050,三花智控,0
2026-03-06,2026-03-09,1,605286,同力天启,0
2026-03-18,2026-03-19,1,605286,同力天启,0
2026-05-13,2026-05-14,1,605286,同力天启,0
2026-07-02,2026-07-03,1,605286,同力天启,0
2026-08-10,2026-08-11,1,605286,同力天启,1
2026-08-11,2026-08-12,2,605286,同力天启,1
2026-08-12,2026-08-13,3,605286,同力天启,1
2026-08-13,2026-08-14,4,605286,同力天启,0
2026-08-24,2026-08-25,1,605286,同力天启,0
2026-06-11,2026-06-12,1,603014,威高血净,1
2026-06-12,2026-06-15,2,603014,威高血净,0
2026-07-01,2026-07-02,1,603014,威高血净,0
2026-02-25,2026-02-26,1,600111,北方稀土,0
2026-04-29,2026-04-30,1,600111,北方稀土,0
2026-08-18,2026-08-19,1,603112,华翔股份,0
2026-01-16,2026-01-19,1,600584,长电科技,0
2026-05-11,2026-05-12,1,600584,长电科技,0
2026-05-25,2026-05-26,1,600584,长电科技,1
2026-05-26,2026-05-27,2,600584,长电科技,0
2026-06-22,2026-06-23,1,600584,长电科技,0
2026-06-24,2026-06-25,1,600584,长电科技,1
2026-06-25,2026-06-26,2,600584,长电科技,0
2026-07-09,2026-07-10,1,600584,长电科技,0
2026-07-21,2026-07-22,1,600584,长电科技,0
2026-08-06,2026-08-07,1,600584,长电科技,0
2026-02-04,2026-02-05,1,600115,中国东航,0
2026-04-08,2026-04-09,1,600115,中国东航,0
2026-04-13,2026-04-14,1,600166,福田汽车,0
2025-12-26,2025-12-29,5,600179,安通控股,0
2026-07-01,2026-07-02,1,600179,安通控股,0
2026-04-17,2026-04-20,1,600208,衢州发展,0
2026-04-24,2026-04-27,1,600208,衢州发展,0
2026-04-30,2026-05-06,1,600208,衢州发展,0
2026-05-07,2026-05-08,1,600208,衢州发展,0
2026-07-01,2026-07-02,1,600208,衢州发展,0
2026-04-01,2026-04-02,1,600249,两面针,0
2025-12-30,2025-12-31,1,600271,航天信息,0
2026-01-08,2026-01-09,1,600271,航天信息,0
2026-05-15,2026-05-18,1,600386,北巴传媒,0
2026-01-12,2026-01-13,1,600579,中化装备,0
2026-06-09,2026-06-10,1,600579,中化装备,0
2026-06-17,2026-06-18,1,600579,中化装备,0
2026-06-25,2026-06-26,1,600579,中化装备,0
2026-01-30,2026-02-02,1,600395,盘江股份,0
2026-05-25,2026-05-26,1,600395,盘江股份,0
2026-07-14,2026-07-15,1,600595,中孚实业,0
2026-07-06,2026-07-07,1,600288,大恒科技,1
2026-07-07,2026-07-08,2,600288,大恒科技,1
2026-07-08,2026-07-09,3,600288,大恒科技,0
2026-08-14,2026-08-17,1,600288,大恒科技,0
2026-05-29,2026-06-01,1,600622,光大嘉宝,0
2026-01-29,2026-01-30,1,600779,水井坊,0
2026-05-27,2026-05-28,1,600779,水井坊,0
2026-03-13,2026-03-16,1,600336,澳柯玛,0
2026-01-23,2026-01-26,1,600959,江苏有线,0
2026-01-29,2026-01-30,1,600959,江苏有线,0
2026-02-04,2026-02-05,1,600997,开滦股份,0
2026-02-04,2026-02-05,1,601011,宝泰隆,0
2026-06-23,2026-06-24,1,601011,宝泰隆,0
2026-08-19,2026-08-20,1,601011,宝泰隆,0
2026-05-11,2026-05-12,1,600854,春兰股份,0
2026-02-12,2026-02-13,1,600960,渤海汽车,0
2025-12-18,2025-12-19,1,601198,东兴证券,0
2026-01-28,2026-01-29,1,601388,怡球资源,1
2026-01-29,2026-01-30,2,601388,怡球资源,0
2026-03-30,2026-03-31,1,601388,怡球资源,0
2026-04-07,2026-04-08,1,601388,怡球资源,0
2026-04-14,2026-04-15,1,601588,北辰实业,0
2026-04-30,2026-05-06,1,601588,北辰实业,0
2026-05-28,2026-05-29,1,601588,北辰实业,0
2026-06-08,2026-06-09,1,601588,北辰实业,0
2026-01-16,2026-01-19,1,601616,广电电气,1
2026-01-19,2026-01-20,2,601616,广电电气,1
2026-01-20,2026-01-21,3,601616,广电电气,1
2026-01-21,2026-01-22,4,601616,广电电气,0
2026-02-02,2026-02-03,1,601616,广电电气,0
2026-03-06,2026-03-09,1,601616,广电电气,0
2026-07-30,2026-07-31,1,601616,广电电气,0
2026-06-22,2026-06-23,1,601108,财通证券,0
2026-01-06,2026-01-07,1,603012,创力集团,0
2026-05-08,2026-05-11,1,603012,创力集团,0
2026-06-22,2026-06-23,1,603012,创力集团,0
2026-07-03,2026-07-06,1,603012,创力集团,0
2026-07-14,2026-07-15,1,603012,创力集团,0
2026-08-11,2026-08-12,1,603012,创力集团,0
2026-01-07,2026-01-08,1,603015,弘讯科技,1
2026-01-08,2026-01-09,2,603015,弘讯科技,1
2026-01-09,2026-01-12,3,603015,弘讯科技,1
2026-01-12,2026-01-13,4,603015,弘讯科技,0
2026-06-23,2026-06-24,1,603015,弘讯科技,0
2026-02-24,2026-02-25,1,603400,华之杰,0
2026-05-08,2026-05-11,1,603400,华之杰,0
2026-07-23,2026-07-24,1,603400,华之杰,0
2026-07-28,2026-07-29,1,603400,华之杰,1
2026-07-29,2026-07-30,2,603400,华之杰,0
2026-08-04,2026-08-05,1,603400,华之杰,0
2026-08-18,2026-08-19,1,603400,华之杰,0
2026-08-14,2026-08-17,1,603089,正裕工业,1
2026-08-17,2026-08-18,2,603089,正裕工业,1
2026-08-18,2026-08-19,3,603089,正裕工业,0
2026-08-24,2026-08-25,1,603089,正裕工业,0
2026-03-24,2026-03-25,1,603759,海天股份,0
2026-02-26,2026-02-27,1,603315,福鞍股份,0
2026-04-08,2026-04-09,1,603315,福鞍股份,0
2026-04-16,2026-04-17,1,603315,福鞍股份,1
2026-04-17,2026-04-20,2,603315,福鞍股份,0
2026-04-23,2026-04-24,1,603315,福鞍股份,0
2026-05-07,2026-05-08,1,603315,福鞍股份,0
2026-06-11,2026-06-12,1,603315,福鞍股份,0
2026-07-27,2026-07-28,1,603315,福鞍股份,0
2026-03-05,2026-03-06,1,605098,行动教育,0
2026-04-15,2026-04-16,1,605098,行动教育,0
2026-06-29,2026-06-30,1,605098,行动教育,0
2026-05-13,2026-05-14,1,603790,雅运股份,0
2026-05-20,2026-05-21,1,603790,雅运股份,0
2026-07-02,2026-07-03,1,603790,雅运股份,0
2026-07-27,2026-07-28,1,603790,雅运股份,0
2026-08-17,2026-08-18,1,603790,雅运股份,0
2025-12-29,2025-12-30,1,000420,吉林化纤,0
2026-03-12,2026-03-13,1,000420,吉林化纤,0
2026-03-06,2026-03-09,1,000601,韶能股份,1
2026-03-09,2026-03-10,2,000601,韶能股份,0
2026-03-18,2026-03-19,1,000601,韶能股份,1
2026-03-19,2026-03-20,2,000601,韶能股份,1
2026-03-20,2026-03-23,3,000601,韶能股份,0
2026-03-24,2026-03-25,1,000601,韶能股份,1
2026-03-25,2026-03-26,2,000601,韶能股份,0
2026-05-12,2026-05-13,1,000601,韶能股份,1
2026-05-13,2026-05-14,2,000601,韶能股份,0
2026-05-27,2026-05-28,1,000601,韶能股份,0
2026-06-02,2026-06-03,1,000601,韶能股份,0
2026-07-01,2026-07-02,1,000601,韶能股份,1
2026-07-02,2026-07-03,2,000601,韶能股份,0
2026-01-07,2026-01-08,1,605303,园林股份,0
2026-04-03,2026-04-07,1,605303,园林股份,0
2026-05-06,2026-05-07,1,605303,园林股份,0
2026-05-18,2026-05-19,1,605303,园林股份,0
2026-06-03,2026-06-04,1,605303,园林股份,0
2026-06-15,2026-06-16,1,605303,园林股份,0
2026-08-04,2026-08-05,1,605303,园林股份,0
2026-08-25,2026-08-26,1,605303,园林股份,0
2026-07-02,2026-07-03,1,000656,金科股份,1
2026-07-03,2026-07-06,2,000656,金科股份,1
2026-07-06,2026-07-07,3,000656,金科股份,0
2026-08-10,2026-08-11,1,000656,金科股份,0
2026-05-08,2026-05-11,1,605055,迎丰股份,0
2026-05-27,2026-05-28,1,605055,迎丰股份,0
2026-07-02,2026-07-03,1,605055,迎丰股份,0
2026-04-30,2026-05-06,1,000783,长江证券,1
2026-05-06,2026-05-07,2,000783,长江证券,0
2026-06-22,2026-06-23,1,000783,长江证券,1
2026-06-23,2026-06-24,2,000783,长江证券,0
2026-06-25,2026-06-26,1,000783,长江证券,0
2026-09-08,2026-09-09,1,000930,中粮科技,1
2026-09-09,2026-09-10,2,000930,中粮科技,0
2026-01-06,2026-01-07,1,000960,锡业股份,0
2026-02-27,2026-03-02,1,000960,锡业股份,1
2026-03-02,2026-03-03,2,000960,锡业股份,0
2026-06-02,2026-06-03,1,000960,锡业股份,0
2026-06-15,2026-06-16,1,000960,锡业股份,0
2026-06-22,2026-06-23,1,000960,锡业股份,0
2026-06-24,2026-06-25,1,000960,锡业股份,0
2026-06-12,2026-06-15,1,002200,交投生态,0
2026-07-01,2026-07-02,1,002200,交投生态,0
2026-04-29,2026-04-30,1,000716,黑芝麻,0
2026-05-20,2026-05-21,1,000716,黑芝麻,0
2026-08-18,2026-08-19,1,000716,黑芝麻,0
2026-08-28,2026-08-31,1,000716,黑芝麻,0
2026-09-07,2026-09-08,1,002011,盾安环境,0
2026-01-06,2026-01-07,1,002286,保龄宝,0
2026-02-04,2026-02-05,1,002286,保龄宝,0
2026-02-26,2026-02-27,1,002286,保龄宝,0
2026-07-29,2026-07-30,1,002286,保龄宝,0
2026-09-08,2026-09-09,1,002286,保龄宝,0
2026-04-14,2026-04-15,1,002314,南山控股,0
2026-06-02,2026-06-03,1,002314,南山控股,0
2026-02-04,2026-02-05,1,002334,英威腾,0
2026-05-11,2026-05-12,1,002334,英威腾,0
2026-05-25,2026-05-26,1,002388,新亚制程,1
2026-05-26,2026-05-27,2,002388,新亚制程,0
2026-07-24,2026-07-27,1,002388,新亚制程,1
2026-07-27,2026-07-28,2,002388,新亚制程,1
2026-07-28,2026-07-29,3,002388,新亚制程,0
2026-08-10,2026-08-11,1,002388,新亚制程,0
2026-09-16,2026-09-17,1,002388,新亚制程,0
2026-09-21,2026-09-22,1,002388,新亚制程,0
2026-01-05,2026-01-06,1,002462,嘉事堂,1
2026-01-06,2026-01-07,2,002462,嘉事堂,1
2026-01-07,2026-01-08,3,002462,嘉事堂,0
2026-01-05,2026-01-06,1,002490,山东墨龙,0
2026-01-13,2026-01-14,1,002490,山东墨龙,0
2026-02-24,2026-02-25,1,002490,山东墨龙,0
2026-03-02,2026-03-03,1,002490,山东墨龙,1
2026-03-03,2026-03-04,2,002490,山东墨龙,1
2026-03-04,2026-03-05,3,002490,山东墨龙,0
2026-04-23,2026-04-24,1,002490,山东墨龙,0
2026-06-08,2026-06-09,1,002490,山东墨龙,0
2026-06-11,2026-06-12,1,002490,山东墨龙,0
2026-07-08,2026-07-09,1,002490,山东墨龙,1
2026-07-09,2026-07-10,2,002490,山东墨龙,0
2026-07-14,2026-07-15,1,002490,山东墨龙,0
2026-07-20,2026-07-21,1,002490,山东墨龙,0
2026-06-29,2026-06-30,1,002521,齐峰新材,0
2026-01-26,2026-01-27,1,002524,光正眼科,1
2026-01-27,2026-01-28,2,002524,光正眼科,0
2026-07-01,2026-07-02,1,002524,光正眼科,0
2026-07-10,2026-07-13,1,002524,光正眼科,0
2026-01-30,2026-02-02,1,002562,兄弟科技,0
2026-08-12,2026-08-13,1,002562,兄弟科技,0
2026-01-09,2026-01-12,1,002625,光启技术,0
2026-04-29,2026-04-30,1,002568,百润股份,0
2026-06-26,2026-06-29,1,002568,百润股份,1
2026-06-29,2026-06-30,2,002568,百润股份,0
2026-07-29,2026-07-30,1,002568,百润股份,0
2026-01-23,2026-01-26,1,002721,金一文化,0
2026-01-28,2026-01-29,1,002721,金一文化,0
2026-08-05,2026-08-06,1,002721,金一文化,1
2026-08-06,2026-08-07,2,002721,金一文化,0
2026-08-11,2026-08-12,1,002721,金一文化,0
2026-08-26,2026-08-27,1,002721,金一文化,0
2026-09-01,2026-09-02,1,002721,金一文化,0
2026-01-07,2026-01-08,1,000798,中水渔业,0
2026-01-30,2026-02-02,1,000798,中水渔业,0
2026-02-13,2026-02-24,1,000798,中水渔业,0
2026-08-28,2026-08-31,1,000798,中水渔业,0
2026-09-04,2026-09-07,1,000798,中水渔业,1
2026-09-07,2026-09-08,2,000798,中水渔业,0
2026-09-09,2026-09-10,1,000798,中水渔业,0
2026-07-23,2026-07-24,1,002762,金发拉比,0
2026-08-07,2026-08-10,1,002762,金发拉比,0
2026-08-11,2026-08-12,1,002762,金发拉比,0
2026-01-19,2026-01-20,1,002638,勤上股份,0
2026-06-29,2026-06-30,1,002638,勤上股份,1
2026-06-30,2026-07-01,2,002638,勤上股份,0
2026-08-18,2026-08-19,1,002638,勤上股份,0
2026-08-21,2026-08-24,1,002638,勤上股份,0
2026-08-17,2026-08-18,1,002863,今飞凯达,0
2026-07-06,2026-07-07,1,002860,星帅尔,0
2026-04-21,2026-04-22,1,002982,湘佳股份,0
2026-06-08,2026-06-09,1,002982,湘佳股份,0
2026-07-01,2026-07-02,1,002982,湘佳股份,0
2026-02-12,2026-02-13,1,002975,博杰股份,0
2026-04-08,2026-04-09,1,002975,博杰股份,1
2026-04-09,2026-04-10,2,002975,博杰股份,0
2026-04-17,2026-04-20,1,002975,博杰股份,0
2026-05-22,2026-05-25,1,002975,博杰股份,1
2026-05-25,2026-05-26,2,002975,博杰股份,0
2026-05-28,2026-05-29,1,002975,博杰股份,0
2026-06-02,2026-06-03,1,002975,博杰股份,0
2026-06-15,2026-06-16,1,002975,博杰股份,0
2026-06-22,2026-06-23,1,002975,博杰股份,0
2026-07-09,2026-07-10,1,002975,博杰股份,0
2026-07-14,2026-07-15,1,002975,博杰股份,0
2026-08-04,2026-08-05,1,002975,博杰股份,1
2026-08-05,2026-08-06,2,002975,博杰股份,1
2026-08-06,2026-08-07,3,002975,博杰股份,0
2026-09-07,2026-09-08,1,002975,博杰股份,0
2026-03-25,2026-03-26,1,002941,新疆交建,0
2026-07-01,2026-07-02,1,603325,博隆技术,0
2026-02-24,2026-02-25,1,002312,川发龙蟒,0
2026-06-22,2026-06-23,1,002312,川发龙蟒,0
2026-09-08,2026-09-09,1,002312,川发龙蟒,0
2026-06-05,2026-06-08,1,603159,上海亚虹,0
2026-01-29,2026-01-30,1,600392,盛和资源,0
2026-02-09,2026-02-10,1,600392,盛和资源,0
2026-04-29,2026-04-30,1,600392,盛和资源,0
2026-06-16,2026-06-17,1,600392,盛和资源,0
2026-06-18,2026-06-22,1,600392,盛和资源,0
2026-07-02,2026-07-03,1,001319,铭科精技,0
2026-01-16,2026-01-19,1,603638,艾迪精密,0
2026-07-02,2026-07-03,1,603638,艾迪精密,0
2026-05-11,2026-05-12,1,002396,星网锐捷,0
2026-06-30,2026-07-01,1,002396,星网锐捷,1
2026-07-01,2026-07-02,2,002396,星网锐捷,0
2026-07-03,2026-07-06,1,002396,星网锐捷,1
2026-07-06,2026-07-07,2,002396,星网锐捷,0
2026-07-08,2026-07-09,1,002396,星网锐捷,0
2026-07-21,2026-07-22,1,002396,星网锐捷,0
2026-08-05,2026-08-06,1,002396,星网锐捷,0
2026-08-13,2026-08-14,1,002396,星网锐捷,0
2026-08-21,2026-08-24,1,002396,星网锐捷,0
2026-08-27,2026-08-28,1,002396,星网锐捷,1
2026-08-28,2026-08-31,2,002396,星网锐捷,1
2026-08-31,2026-09-01,3,002396,星网锐捷,0
2026-09-16,2026-09-17,1,002396,星网锐捷,0
2026-02-04,2026-02-05,1,603334,丰倍生物,1
2026-02-05,2026-02-06,2,603334,丰倍生物,0
2026-01-21,2026-01-22,1,002240,盛新锂能,0
2026-03-27,2026-03-30,1,002240,盛新锂能,0
2026-04-13,2026-04-14,1,002240,盛新锂能,0
2026-04-24,2026-04-27,1,002240,盛新锂能,0
2026-04-30,2026-05-06,1,002240,盛新锂能,0
2026-06-09,2026-06-10,1,002240,盛新锂能,0
2026-06-24,2026-06-25,1,002240,盛新锂能,0
2026-07-23,2026-07-24,1,002240,盛新锂能,0
2026-01-22,2026-01-23,1,001379,腾达科技,0
2026-08-10,2026-08-11,1,002626,金达威,0
2026-06-29,2026-06-30,1,600557,康缘药业,0
2026-07-02,2026-07-03,1,603273,天元智能,0
2026-04-28,2026-04-29,1,603259,药明康德,0
2026-08-04,2026-08-05,1,603259,药明康德,0
2026-05-11,2026-05-12,1,601609,金田股份,0
2026-06-12,2026-06-15,1,601609,金田股份,0
2026-08-14,2026-08-17,1,601609,金田股份,0
2026-06-30,2026-07-01,1,603662,柯力传感,0
2026-03-24,2026-03-25,1,002631,德尔未来,0
2026-04-07,2026-04-08,1,002631,德尔未来,0
2026-06-05,2026-06-08,1,002631,德尔未来,0
2026-06-23,2026-06-24,1,002631,德尔未来,1
2026-06-24,2026-06-25,2,002631,德尔未来,0
2026-06-30,2026-07-01,1,002631,德尔未来,0
2026-08-07,2026-08-10,1,002631,德尔未来,0
2026-08-21,2026-08-24,1,002631,德尔未来,0
2026-08-28,2026-08-31,1,002631,德尔未来,0
2026-09-03,2026-09-04,1,002631,德尔未来,0
2026-09-15,2026-09-16,1,002631,德尔未来,1
2026-09-16,2026-09-17,2,002631,德尔未来,0
2026-09-18,2026-09-21,1,002631,德尔未来,0
2026-08-13,2026-08-14,1,002322,理工能科,1
2026-08-14,2026-08-17,2,002322,理工能科,0
2026-06-03,2026-06-04,1,002125,湘潭电化,0
2026-06-10,2026-06-11,1,002125,湘潭电化,0
2026-01-05,2026-01-06,1,003017,大洋生物,0
2026-02-06,2026-02-09,1,600686,金龙汽车,0
2026-01-06,2026-01-07,1,600955,维远股份,0
2026-01-20,2026-01-21,1,600955,维远股份,0
2026-03-27,2026-03-30,1,600955,维远股份,1
2026-03-30,2026-03-31,2,600955,维远股份,0
2026-04-07,2026-04-08,1,600955,维远股份,0
2026-06-23,2026-06-24,1,001279,强邦新材,0
2026-05-18,2026-05-19,1,000685,中山公用,0
2026-06-22,2026-06-23,1,000776,广发证券,0
2026-03-24,2026-03-25,1,600773,西藏城投,0
2026-04-13,2026-04-14,1,600773,西藏城投,0
2026-07-09,2026-07-10,1,603329,上海雅仕,0
2026-02-24,2026-02-25,1,002895,川恒股份,0
2026-02-06,2026-02-09,1,002624,完美世界,1
2026-02-09,2026-02-10,2,002624,完美世界,0
2026-04-01,2026-04-02,1,002624,完美世界,0
2026-05-08,2026-05-11,1,002624,完美世界,0
2026-06-29,2026-06-30,1,002624,完美世界,0
2026-04-15,2026-04-16,1,002891,中宠股份,0
2026-07-15,2026-07-16,1,002891,中宠股份,0
2026-04-29,2026-04-30,1,002111,威海广泰,0
2026-04-21,2026-04-22,1,000819,岳阳兴长,0
2026-07-08,2026-07-09,1,002152,广电运通,0
2026-05-25,2026-05-26,1,002693,双成药业,0
2026-06-29,2026-06-30,1,002693,双成药业,0
2026-07-02,2026-07-03,1,002693,双成药业,0
2026-07-10,2026-07-13,1,002693,双成药业,0
2026-08-04,2026-08-05,1,002693,双成药业,0
2026-07-03,2026-07-06,1,601689,拓普集团,0
2026-07-29,2026-07-30,1,600419,天润乳业,0
2026-06-03,2026-06-04,1,603656,泰禾智能,0
2026-04-14,2026-04-15,1,603109,神驰机电,0
2026-06-03,2026-06-04,1,603109,神驰机电,0
2026-04-28,2026-04-29,1,001298,好上好,0
2026-04-07,2026-04-08,1,002873,新天药业,0
2026-02-02,2026-02-03,1,603697,有友食品,0
2026-08-27,2026-08-28,1,002852,道道全,0
2026-09-07,2026-09-08,1,002852,道道全,0
2026-05-29,2026-06-01,1,605177,东亚药业,0
2026-06-09,2026-06-10,1,605177,东亚药业,0
2026-09-08,2026-09-09,1,605177,东亚药业,0
2026-04-16,2026-04-17,1,605166,聚合顺,0
2026-06-16,2026-06-17,1,605166,聚合顺,0
2026-02-04,2026-02-05,1,002441,众业达,0
2026-01-26,2026-01-27,1,600789,鲁抗医药,0
2026-01-30,2026-02-02,1,605289,罗曼股份,0
2026-02-13,2026-02-24,1,605289,罗曼股份,1
2026-02-24,2026-02-25,2,605289,罗曼股份,1
2026-02-25,2026-02-26,3,605289,罗曼股份,0
2026-04-01,2026-04-02,1,605289,罗曼股份,0
2026-04-08,2026-04-09,1,605289,罗曼股份,0
2026-04-15,2026-04-16,1,605289,罗曼股份,0
2026-04-27,2026-04-28,1,605289,罗曼股份,1
2026-04-28,2026-04-29,2,605289,罗曼股份,0
2026-05-08,2026-05-11,1,605289,罗曼股份,0
2026-05-27,2026-05-28,1,605289,罗曼股份,0
2026-06-15,2026-06-16,1,605289,罗曼股份,1
2026-06-16,2026-06-17,2,605289,罗曼股份,0
2026-07-01,2026-07-02,1,605289,罗曼股份,0
2026-07-31,2026-08-03,1,605289,罗曼股份,0
2026-08-07,2026-08-10,1,605289,罗曼股份,0
2026-08-12,2026-08-13,1,605289,罗曼股份,0
2026-06-22,2026-06-23,1,601066,中信建投,0
2026-03-03,2026-03-04,1,603689,皖天然气,0
2026-01-29,2026-01-30,1,002304,洋河股份,0
2026-03-27,2026-03-30,1,600727,鲁北化工,0
2026-04-17,2026-04-20,1,600727,鲁北化工,0
2026-06-01,2026-06-02,1,600727,鲁北化工,0
2026-06-25,2026-06-26,1,600668,尖峰集团,0
2025-12-29,2025-12-30,1,000987,越秀资本,0
2026-01-09,2026-01-12,1,000987,越秀资本,0
2026-01-19,2026-01-20,1,000987,越秀资本,0
2026-06-22,2026-06-23,1,000987,越秀资本,0
2026-04-29,2026-04-30,1,603013,亚普股份,0
2026-07-03,2026-07-06,1,603013,亚普股份,0
2026-02-24,2026-02-25,1,600096,云天化,1
2026-02-25,2026-02-26,2,600096,云天化,0
2026-06-22,2026-06-23,1,600096,云天化,0
2026-01-16,2026-01-19,1,002830,名雕股份,0
2026-01-30,2026-02-02,1,002830,名雕股份,1
2026-02-02,2026-02-03,2,002830,名雕股份,1
2026-02-03,2026-02-04,3,002830,名雕股份,1
2026-02-04,2026-02-05,4,002830,名雕股份,0
2026-02-06,2026-02-09,1,002830,名雕股份,1
2026-02-09,2026-02-10,2,002830,名雕股份,0
2026-06-01,2026-06-02,1,002830,名雕股份,0
2026-06-10,2026-06-11,1,002830,名雕股份,0
2026-06-12,2026-06-15,1,002830,名雕股份,0
2026-06-22,2026-06-23,1,002830,名雕股份,1
2026-06-23,2026-06-24,2,002830,名雕股份,0
2026-06-30,2026-07-01,1,002830,名雕股份,0
2026-08-31,2026-09-01,1,002830,名雕股份,0
2026-01-14,2026-01-15,1,605222,起帆电缆,0
2026-03-13,2026-03-16,1,605222,起帆电缆,0
2026-03-30,2026-03-31,1,605222,起帆电缆,0
2026-04-15,2026-04-16,1,605222,起帆电缆,0
2026-04-20,2026-04-21,1,605222,起帆电缆,0
2026-04-30,2026-05-06,1,605222,起帆电缆,0
2026-04-07,2026-04-08,1,002037,保利联合,0
2026-07-29,2026-07-30,1,002037,保利联合,0
2026-08-07,2026-08-10,1,002037,保利联合,0
2026-03-03,2026-03-04,1,002267,陕天然气,0
2026-03-27,2026-03-30,1,603399,永杉锂业,0
2026-04-28,2026-04-29,1,603399,永杉锂业,1
2026-04-29,2026-04-30,2,603399,永杉锂业,1
2026-04-30,2026-05-06,3,603399,永杉锂业,1
2026-05-06,2026-05-07,4,603399,永杉锂业,0
2026-06-11,2026-06-12,1,603399,永杉锂业,0
2026-06-22,2026-06-23,1,603399,永杉锂业,0
2026-06-24,2026-06-25,1,603399,永杉锂业,0
2026-07-23,2026-07-24,1,603399,永杉锂业,0
2026-07-29,2026-07-30,1,603399,永杉锂业,0
2026-05-22,2026-05-25,1,605180,华生科技,0
2026-08-17,2026-08-18,1,605180,华生科技,0
2026-01-19,2026-01-20,1,603239,浙江仙通,0
2026-03-30,2026-03-31,1,603239,浙江仙通,0
2026-01-30,2026-02-02,1,603391,力聚热能,0
2026-07-21,2026-07-22,1,603391,力聚热能,0
2026-01-06,2026-01-07,1,603617,君禾股份,0
2026-08-03,2026-08-04,1,603617,君禾股份,0
2025-12-26,2025-12-29,2,002763,汇洁股份,0
2026-04-30,2026-05-06,1,002763,汇洁股份,0
2026-01-12,2026-01-13,1,600729,重百集团,0
2026-01-05,2026-01-06,1,002195,岩山科技,1
2026-01-06,2026-01-07,2,002195,岩山科技,1
2026-01-07,2026-01-08,3,002195,岩山科技,1
2026-01-08,2026-01-09,4,002195,岩山科技,0
2026-01-12,2026-01-13,1,002195,岩山科技,0
2026-01-14,2026-01-15,1,002195,岩山科技,0
2026-03-05,2026-03-06,1,002195,岩山科技,0
2026-07-28,2026-07-29,1,002195,岩山科技,0
2026-08-10,2026-08-11,1,002748,世龙实业,0
2026-01-19,2026-01-20,1,601965,中国汽研,0
2026-06-22,2026-06-23,1,603668,天马科技,0
2026-09-07,2026-09-08,1,603668,天马科技,0
2026-01-12,2026-01-13,1,600877,电科芯片,1
2026-01-13,2026-01-14,2,600877,电科芯片,0
2026-01-27,2026-01-28,1,600877,电科芯片,0
2026-06-24,2026-06-25,1,600877,电科芯片,0
2025-12-26,2025-12-29,1,601698,中国卫通,0
2025-12-31,2026-01-05,1,601698,中国卫通,1
2026-01-05,2026-01-06,2,601698,中国卫通,1
2026-01-06,2026-01-07,3,601698,中国卫通,0
2026-01-09,2026-01-12,1,601698,中国卫通,1
2026-01-12,2026-01-13,2,601698,中国卫通,0
2026-01-23,2026-01-26,1,601698,中国卫通,0
2026-04-20,2026-04-21,1,601698,中国卫通,0
2026-07-10,2026-07-13,1,601698,中国卫通,0
2026-03-25,2026-03-26,1,002038,双鹭药业,0
2026-03-27,2026-03-30,1,002038,双鹭药业,1
2026-03-30,2026-03-31,2,002038,双鹭药业,0
2026-04-02,2026-04-03,1,002038,双鹭药业,0
2026-04-15,2026-04-16,1,002038,双鹭药业,0
2026-06-23,2026-06-24,1,002038,双鹭药业,0
2026-06-29,2026-06-30,1,002038,双鹭药业,0
2026-07-10,2026-07-13,1,002038,双鹭药业,0
2026-08-20,2026-08-21,1,002038,双鹭药业,1
2026-08-21,2026-08-24,2,002038,双鹭药业,0
2026-07-16,2026-07-17,1,600436,片仔癀,0
2026-02-11,2026-02-12,1,600292,电投水电,0
2026-06-12,2026-06-15,1,600292,电投水电,0
2026-03-11,2026-03-12,1,600328,中盐化工,0
2026-08-12,2026-08-13,1,603277,银都股份,0
2026-05-08,2026-05-11,1,603758,秦安股份,0
2026-07-01,2026-07-02,1,603758,秦安股份,0
2026-08-07,2026-08-10,1,603758,秦安股份,1
2026-08-10,2026-08-11,2,603758,秦安股份,1
2026-08-11,2026-08-12,3,603758,秦安股份,1
2026-08-12,2026-08-13,4,603758,秦安股份,1
2026-08-13,2026-08-14,5,603758,秦安股份,0
2026-08-21,2026-08-24,1,603758,秦安股份,0
2026-08-25,2026-08-26,1,603758,秦安股份,0
2026-02-25,2026-02-26,1,002725,跃岭股份,0
2026-05-22,2026-05-25,1,002725,跃岭股份,0
2026-07-23,2026-07-24,1,002725,跃岭股份,0
2026-07-03,2026-07-06,1,600580,卧龙电驱,0
2026-07-31,2026-08-03,1,600580,卧龙电驱,0
2026-06-01,2026-06-02,1,603725,天安新材,0
2026-06-05,2026-06-08,1,603725,天安新材,0
2026-06-23,2026-06-24,1,603725,天安新材,0
2026-07-01,2026-07-02,1,603725,天安新材,0
2026-07-03,2026-07-06,1,603725,天安新材,0
2026-07-15,2026-07-16,1,603725,天安新材,0
2026-07-22,2026-07-23,1,603725,天安新材,0
2026-08-10,2026-08-11,1,603725,天安新材,0
2026-08-14,2026-08-17,1,603725,天安新材,0
2026-09-18,2026-09-21,1,603725,天安新材,0
2026-05-06,2026-05-07,1,000338,潍柴动力,0
2025-12-31,2026-01-05,1,600363,联创光电,0
2026-06-29,2026-06-30,1,600363,联创光电,1
2026-06-30,2026-07-01,2,600363,联创光电,0
2026-02-26,2026-02-27,1,600522,中天科技,0
2026-04-20,2026-04-21,1,600522,中天科技,0
2026-05-07,2026-05-08,1,600522,中天科技,0
2026-06-09,2026-06-10,1,600522,中天科技,0
2026-06-25,2026-06-26,1,600522,中天科技,0
2026-03-10,2026-03-11,1,600726,华电能源,1
2026-03-11,2026-03-12,2,600726,华电能源,1
2026-03-12,2026-03-13,3,600726,华电能源,1
2026-03-13,2026-03-16,4,600726,华电能源,0
2026-03-19,2026-03-20,1,600726,华电能源,1
2026-03-20,2026-03-23,2,600726,华电能源,0
2026-03-25,2026-03-26,1,600726,华电能源,1
2026-03-26,2026-03-27,2,600726,华电能源,0
2026-04-23,2026-04-24,1,600726,华电能源,1
2026-04-24,2026-04-27,2,600726,华电能源,1
2026-04-27,2026-04-28,3,600726,华电能源,1
2026-04-28,2026-04-29,4,600726,华电能源,0
2026-05-07,2026-05-08,1,600726,华电能源,0
2026-05-13,2026-05-14,1,600726,华电能源,0
2026-05-25,2026-05-26,1,600726,华电能源,1
2026-05-26,2026-05-27,2,600726,华电能源,1
2026-05-27,2026-05-28,3,600726,华电能源,1
2026-05-28,2026-05-29,4,600726,华电能源,1
2026-05-29,2026-06-01,5,600726,华电能源,0
2026-07-20,2026-07-21,1,600726,华电能源,0
2026-07-22,2026-07-23,1,600726,华电能源,0
2026-08-13,2026-08-14,1,600726,华电能源,0
2026-05-28,2026-05-29,1,002688,金河生物,0
2026-02-03,2026-02-04,1,603285,键邦股份,0
2026-03-06,2026-03-09,1,603285,键邦股份,0
2026-04-15,2026-04-16,1,603285,键邦股份,0
2026-05-13,2026-05-14,1,603285,键邦股份,0
2026-06-17,2026-06-18,1,603285,键邦股份,0
2026-07-08,2026-07-09,1,603285,键邦股份,0
2026-08-06,2026-08-07,1,603285,键邦股份,0
2026-08-17,2026-08-18,1,603285,键邦股份,0
2026-08-20,2026-08-21,1,603285,键邦股份,0
2026-09-14,2026-09-15,1,603285,键邦股份,0
2026-05-11,2026-05-12,1,000712,锦龙股份,0
2026-08-05,2026-08-06,1,000712,锦龙股份,0
2026-08-26,2026-08-27,1,000712,锦龙股份,1
2026-08-27,2026-08-28,2,000712,锦龙股份,1
2026-08-28,2026-08-31,3,000712,锦龙股份,1
2026-08-31,2026-09-01,4,000712,锦龙股份,0
2026-02-27,2026-03-02,1,600456,宝钛股份,0
2026-02-05,2026-02-06,1,600796,钱江生化,0
2026-01-08,2026-01-09,1,000159,国际实业,0
2026-01-23,2026-01-26,1,000159,国际实业,0
2026-05-14,2026-05-15,1,000159,国际实业,0
2026-02-03,2026-02-04,1,000811,冰轮环境,0
2026-03-24,2026-03-25,1,000811,冰轮环境,0
2026-04-08,2026-04-09,1,000811,冰轮环境,0
2026-04-22,2026-04-23,1,000811,冰轮环境,0
2026-05-11,2026-05-12,1,000811,冰轮环境,0
2026-05-13,2026-05-14,1,000811,冰轮环境,0
2026-05-19,2026-05-20,1,000811,冰轮环境,0
2026-06-09,2026-06-10,1,000811,冰轮环境,0
2026-06-15,2026-06-16,1,000811,冰轮环境,0
2026-06-17,2026-06-18,1,000811,冰轮环境,1
2026-06-18,2026-06-22,2,000811,冰轮环境,1
2026-06-22,2026-06-23,3,000811,冰轮环境,0
2026-06-25,2026-06-26,1,000811,冰轮环境,0
2026-06-30,2026-07-01,1,000811,冰轮环境,0
2026-07-09,2026-07-10,1,000811,冰轮环境,0
2026-07-21,2026-07-22,1,000811,冰轮环境,0
2026-08-04,2026-08-05,1,000811,冰轮环境,1
2026-08-05,2026-08-06,2,000811,冰轮环境,0
2026-08-17,2026-08-18,1,000811,冰轮环境,0
2026-01-07,2026-01-08,1,601611,中国核建,1
2026-01-08,2026-01-09,2,601611,中国核建,0
2026-01-12,2026-01-13,1,601611,中国核建,0
2026-03-13,2026-03-16,1,601611,中国核建,0
2026-06-29,2026-06-30,1,601611,中国核建,0
2026-08-03,2026-08-04,1,601611,中国核建,0
2026-09-01,2026-09-02,1,603293,埃泰克汽车电子,0
2026-01-05,2026-01-06,1,600775,南京熊猫,1
2026-01-06,2026-01-07,2,600775,南京熊猫,1
2026-01-07,2026-01-08,3,600775,南京熊猫,1
2026-01-08,2026-01-09,4,600775,南京熊猫,0
2026-07-27,2026-07-28,1,600775,南京熊猫,1
2026-07-28,2026-07-29,2,600775,南京熊猫,0
2026-06-30,2026-07-01,1,000938,紫光股份,0
2026-07-06,2026-07-07,1,000938,紫光股份,0
2026-07-21,2026-07-22,1,000938,紫光股份,0
2025-12-29,2025-12-30,1,603879,永悦科技,0
2026-01-14,2026-01-15,1,000875,电投绿能,0
2026-05-25,2026-05-26,1,000875,电投绿能,0
2026-04-16,2026-04-17,1,002595,豪迈科技,0
2026-05-19,2026-05-20,1,600863,华能蒙电,0
2026-05-25,2026-05-26,1,600863,华能蒙电,0
2026-05-27,2026-05-28,1,600863,华能蒙电,0
2026-05-29,2026-06-01,1,600863,华能蒙电,0
2026-07-20,2026-07-21,1,600863,华能蒙电,0
2026-08-11,2026-08-12,1,600863,华能蒙电,0
2026-01-14,2026-01-15,1,002427,尤夫股份,0
2026-03-16,2026-03-17,1,002427,尤夫股份,0
2026-04-07,2026-04-08,1,002427,尤夫股份,0
2026-06-24,2026-06-25,1,002427,尤夫股份,0
2026-07-02,2026-07-03,1,002427,尤夫股份,0
2026-08-28,2026-08-31,1,002427,尤夫股份,0
2026-05-12,2026-05-13,1,603007,顺景科技,1
2026-05-13,2026-05-14,2,603007,顺景科技,1
2026-05-14,2026-05-15,3,603007,顺景科技,0
2026-06-15,2026-06-16,1,603007,顺景科技,0
2026-06-23,2026-06-24,1,603007,顺景科技,0
2026-08-28,2026-08-31,1,603007,顺景科技,0
2026-01-05,2026-01-06,1,002324,普利特,1
2026-01-06,2026-01-07,2,002324,普利特,1
2026-01-07,2026-01-08,3,002324,普利特,1
2026-01-08,2026-01-09,4,002324,普利特,0
2026-04-20,2026-04-21,1,002324,普利特,0
2026-06-23,2026-06-24,1,600171,上海贝岭,0
2026-06-30,2026-07-01,1,002833,弘亚数控,0
2026-07-29,2026-07-30,1,002833,弘亚数控,0
2025-12-26,2025-12-29,1,603069,海汽集团,0
2026-05-13,2026-05-14,1,603069,海汽集团,0
2026-04-20,2026-04-21,1,603025,大豪科技,0
2026-08-14,2026-08-17,1,603025,大豪科技,0
2026-04-13,2026-04-14,1,002436,兴森科技,0
2026-05-07,2026-05-08,1,002436,兴森科技,0
2026-06-16,2026-06-17,1,002436,兴森科技,0
2026-07-09,2026-07-10,1,002436,兴森科技,0
2026-08-17,2026-08-18,1,002436,兴森科技,0
2026-09-07,2026-09-08,1,002436,兴森科技,0
2026-07-06,2026-07-07,1,601368,绿城水务,0
2026-07-17,2026-07-20,1,600095,湘财股份,0
2026-08-26,2026-08-27,1,600095,湘财股份,1
2026-08-27,2026-08-28,2,600095,湘财股份,0
2026-03-09,2026-03-10,1,002930,宏川智慧,0
2026-05-07,2026-05-08,1,002930,宏川智慧,1
2026-05-08,2026-05-11,2,002930,宏川智慧,0
2026-06-26,2026-06-29,1,002930,宏川智慧,0
2026-07-01,2026-07-02,1,002930,宏川智慧,0
2026-03-24,2026-03-25,1,603808,歌力思,1
2026-03-25,2026-03-26,2,603808,歌力思,0
2026-04-09,2026-04-10,1,603808,歌力思,0
2026-06-01,2026-06-02,1,603808,歌力思,0
2026-06-26,2026-06-29,1,001270,铖昌科技,1
2026-06-29,2026-06-30,2,001270,铖昌科技,0
2026-07-03,2026-07-06,1,001270,铖昌科技,0
2025-12-29,2025-12-30,1,002261,拓维信息,0
2026-02-27,2026-03-02,1,002261,拓维信息,0
2026-03-06,2026-03-09,1,002261,拓维信息,1
2026-03-09,2026-03-10,2,002261,拓维信息,0
2026-06-10,2026-06-11,1,002261,拓维信息,0
2026-01-29,2026-01-30,1,600702,舍得酒业,0
2026-07-30,2026-07-31,1,600702,舍得酒业,0
2026-03-18,2026-03-19,1,603489,八方股份,0
2026-04-20,2026-04-21,1,603489,八方股份,0
2026-04-29,2026-04-30,1,603489,八方股份,0
2026-07-14,2026-07-15,1,603489,八方股份,0
2026-04-29,2026-04-30,1,002497,雅化集团,0
2026-06-24,2026-06-25,1,002497,雅化集团,0
2026-07-07,2026-07-08,1,002497,雅化集团,0
2026-08-18,2026-08-19,1,603071,物产环能,0
2026-04-29,2026-04-30,1,603508,思维列控,0
2026-01-28,2026-01-29,1,002578,闽发铝业,0
2026-03-30,2026-03-31,1,002578,闽发铝业,1
2026-03-31,2026-04-01,2,002578,闽发铝业,0
2026-08-17,2026-08-18,1,002578,闽发铝业,0
2026-08-28,2026-08-31,1,002578,闽发铝业,0
2026-03-30,2026-03-31,1,600502,安徽建工,1
2026-03-31,2026-04-01,2,600502,安徽建工,0
2026-01-12,2026-01-13,1,002088,鲁阳节能,0
2026-01-23,2026-01-26,1,002088,鲁阳节能,0
2026-06-12,2026-06-15,1,002088,鲁阳节能,0
2026-07-23,2026-07-24,1,002088,鲁阳节能,0
2025-12-30,2025-12-31,1,603211,晋拓科技股份,0
2026-02-03,2026-02-04,1,603211,晋拓科技股份,0
2026-04-08,2026-04-09,1,603211,晋拓科技股份,0
2026-04-27,2026-04-28,1,603211,晋拓科技股份,0
2026-05-12,2026-05-13,1,603211,晋拓科技股份,0
2026-06-09,2026-06-10,1,603211,晋拓科技股份,0
2026-06-18,2026-06-22,1,603211,晋拓科技股份,0
2026-06-30,2026-07-01,1,603211,晋拓科技股份,0
2026-07-03,2026-07-06,1,603211,晋拓科技股份,1
2026-07-06,2026-07-07,2,603211,晋拓科技股份,0
2026-07-10,2026-07-13,1,603211,晋拓科技股份,0
2026-04-01,2026-04-02,1,603296,华勤技术,0
2026-06-01,2026-06-02,1,603296,华勤技术,0
2026-07-08,2026-07-09,1,603296,华勤技术,0
2026-07-22,2026-07-23,1,603296,华勤技术,0
2026-03-31,2026-04-01,1,000030,富奥股份,0
2026-01-19,2026-01-20,1,600774,汉商集团,1
2026-01-20,2026-01-21,2,600774,汉商集团,0
2026-01-23,2026-01-26,1,600774,汉商集团,0
2026-07-01,2026-07-02,1,002670,国盛证券,0
2026-04-22,2026-04-23,1,601061,中信金属,0
2026-07-23,2026-07-24,1,601061,中信金属,0
2026-03-02,2026-03-03,1,603011,合锻智能,0
2026-05-27,2026-05-28,1,603011,合锻智能,1
2026-05-28,2026-05-29,2,603011,合锻智能,1
2026-05-29,2026-06-01,3,603011,合锻智能,1
2026-06-01,2026-06-02,4,603011,合锻智能,0
2026-06-10,2026-06-11,1,603011,合锻智能,0
2026-06-15,2026-06-16,1,603011,合锻智能,0
2026-06-18,2026-06-22,1,603011,合锻智能,0
2026-08-03,2026-08-04,1,603011,合锻智能,0
2026-08-07,2026-08-10,1,603011,合锻智能,0
2026-08-17,2026-08-18,1,603011,合锻智能,0
2026-08-27,2026-08-28,1,603011,合锻智能,1
2026-08-28,2026-08-31,2,603011,合锻智能,0
2026-04-08,2026-04-09,1,603196,璞源材料,0
2026-06-16,2026-06-17,1,603196,璞源材料,0
2026-07-15,2026-07-16,1,603196,璞源材料,0
2026-02-13,2026-02-24,1,601777,千里科技,0
2026-09-08,2026-09-09,1,603075,热威科技股份,0
2026-02-06,2026-02-09,1,002772,众兴菌业,0
2026-03-12,2026-03-13,1,000600,建投能源,0
2026-05-19,2026-05-20,1,000600,建投能源,0
2026-05-28,2026-05-29,1,000600,建投能源,0
2026-07-20,2026-07-21,1,000600,建投能源,0
2026-01-13,2026-01-14,1,002451,摩恩电气,0
2026-07-23,2026-07-24,1,002451,摩恩电气,0
2026-08-25,2026-08-26,1,002451,摩恩电气,0
2026-03-18,2026-03-19,1,603615,茶花股份,0
2026-07-01,2026-07-02,1,603615,茶花股份,0
2026-08-12,2026-08-13,1,603615,茶花股份,0
2026-08-26,2026-08-27,1,603615,茶花股份,0
2026-04-16,2026-04-17,1,603906,龙蟠科技,0
2026-04-22,2026-04-23,1,603906,龙蟠科技,0
2026-04-29,2026-04-30,1,603906,龙蟠科技,0
2026-06-22,2026-06-23,1,603906,龙蟠科技,0
2026-07-27,2026-07-28,1,603906,龙蟠科技,0
2026-07-29,2026-07-30,1,601003,柳钢股份,1
2026-07-30,2026-07-31,2,601003,柳钢股份,0
2026-08-28,2026-08-31,1,601003,柳钢股份,0
2026-01-13,2026-01-14,1,002589,瑞康医药,0
2026-04-15,2026-04-16,1,002589,瑞康医药,0
2026-08-07,2026-08-10,1,002589,瑞康医药,1
2026-08-10,2026-08-11,2,002589,瑞康医药,0
2026-08-12,2026-08-13,1,002589,瑞康医药,0
2026-09-01,2026-09-02,1,002589,瑞康医药,0
2026-09-18,2026-09-21,1,002589,瑞康医药,1
2026-09-21,2026-09-22,2,002589,瑞康医药,0
2026-03-25,2026-03-26,1,600158,中体产业,0
2026-03-31,2026-04-01,1,600158,中体产业,0
2026-04-07,2026-04-08,1,600158,中体产业,0
2026-04-30,2026-05-06,1,600158,中体产业,0
2026-08-03,2026-08-04,1,002075,沙钢股份,0
2026-08-10,2026-08-11,1,600833,第一医药,1
2026-08-11,2026-08-12,2,600833,第一医药,0
2026-01-16,2026-01-19,1,002953,日丰股份,0
2026-07-22,2026-07-23,1,002953,日丰股份,0
2026-08-18,2026-08-19,1,002953,日丰股份,1
2026-08-19,2026-08-20,2,002953,日丰股份,0
2026-08-27,2026-08-28,1,002953,日丰股份,0
2026-01-20,2026-01-21,1,601117,中国化学,0
2026-06-17,2026-06-18,1,601117,中国化学,0
2026-02-04,2026-02-05,1,601898,中煤能源,0
2026-07-20,2026-07-21,1,601898,中煤能源,0
2026-02-25,2026-02-26,1,000581,威孚高科,0
2026-01-21,2026-01-22,1,603313,梦百合,0
2026-06-18,2026-06-22,1,603313,梦百合,0
2026-06-25,2026-06-26,1,603313,梦百合,0
2026-07-08,2026-07-09,1,603313,梦百合,0
2026-07-13,2026-07-14,1,603313,梦百合,0
2026-08-31,2026-09-01,1,603313,梦百合,0
2025-12-26,2025-12-29,3,600118,中国卫星,1
2025-12-29,2025-12-30,4,600118,中国卫星,0
2025-12-31,2026-01-05,1,600118,中国卫星,0
2026-01-12,2026-01-13,1,600118,中国卫星,0
2026-01-23,2026-01-26,1,600118,中国卫星,0
2026-04-20,2026-04-21,1,600118,中国卫星,0
2026-06-26,2026-06-29,1,600118,中国卫星,0
2026-07-10,2026-07-13,1,600118,中国卫星,0
2026-08-31,2026-09-01,1,002909,集泰股份,1
2026-09-01,2026-09-02,2,002909,集泰股份,1
2026-09-02,2026-09-03,3,002909,集泰股份,1
2026-09-03,2026-09-04,4,002909,集泰股份,0
2026-09-07,2026-09-08,1,002909,集泰股份,1
2026-09-08,2026-09-09,2,002909,集泰股份,0
2026-06-29,2026-06-30,1,000959,首钢股份,0
2026-07-15,2026-07-16,1,000959,首钢股份,0
2026-05-14,2026-05-15,1,605296,神农集团,0
2026-06-26,2026-06-29,1,605296,神农集团,0
2026-04-21,2026-04-22,1,600261,阳光照明,0
2026-09-18,2026-09-21,1,600261,阳光照明,0
2026-04-09,2026-04-10,1,002962,五方光电,1
2026-04-10,2026-04-13,2,002962,五方光电,0
2026-06-02,2026-06-03,1,002962,五方光电,0
2026-06-23,2026-06-24,1,002962,五方光电,0
2026-06-26,2026-06-29,1,002962,五方光电,0
2026-07-09,2026-07-10,1,002829,星网宇达,1
2026-07-10,2026-07-13,2,002829,星网宇达,0
2026-07-16,2026-07-17,1,002829,星网宇达,1
2026-07-17,2026-07-20,2,002829,星网宇达,0
2026-05-28,2026-05-29,1,000068,华控赛格,0
2026-06-05,2026-06-08,1,000068,华控赛格,1
2026-06-08,2026-06-09,2,000068,华控赛格,0
2026-07-01,2026-07-02,1,000068,华控赛格,0
2026-01-15,2026-01-16,1,002775,文科股份,0
2026-07-16,2026-07-17,1,002775,文科股份,0
2026-07-23,2026-07-24,1,002775,文科股份,0
2026-07-27,2026-07-28,1,002775,文科股份,0
2026-07-31,2026-08-03,1,002775,文科股份,0
2026-02-09,2026-02-10,1,000571,新大洲A,0
2026-04-16,2026-04-17,1,000571,新大洲A,0
2026-05-18,2026-05-19,1,000571,新大洲A,0
2026-06-09,2026-06-10,1,000571,新大洲A,0
2026-06-22,2026-06-23,1,000571,新大洲A,1
2026-06-23,2026-06-24,2,000571,新大洲A,0
2026-07-15,2026-07-16,1,000571,新大洲A,0
2026-08-03,2026-08-04,1,000571,新大洲A,0
2026-02-09,2026-02-10,1,601515,衢州东峰,0
2026-03-26,2026-03-27,1,601515,衢州东峰,0
2026-04-01,2026-04-02,1,601515,衢州东峰,0
2026-01-06,2026-01-07,1,000768,中航西飞,0
2026-06-12,2026-06-15,1,000768,中航西飞,0
2026-08-06,2026-08-07,1,600326,西藏天路,0
2026-08-10,2026-08-11,1,600326,西藏天路,0
2026-01-12,2026-01-13,1,600839,四川长虹,0
2026-04-24,2026-04-27,1,603365,水星家纺,0
2026-03-11,2026-03-12,1,600433,冠豪高新,0
2026-03-25,2026-03-26,1,600433,冠豪高新,0
2026-04-20,2026-04-21,1,600433,冠豪高新,0
2026-04-27,2026-04-28,1,600433,冠豪高新,0
2026-04-30,2026-05-06,1,600433,冠豪高新,0
2026-02-06,2026-02-09,1,002015,协鑫能科,1
2026-02-09,2026-02-10,2,002015,协鑫能科,0
2026-02-27,2026-03-02,1,002015,协鑫能科,0
2026-03-06,2026-03-09,1,002015,协鑫能科,1
2026-03-09,2026-03-10,2,002015,协鑫能科,0
2026-03-12,2026-03-13,1,002015,协鑫能科,0
2026-05-06,2026-05-07,1,002015,协鑫能科,0
2026-05-13,2026-05-14,1,002015,协鑫能科,0
2026-07-31,2026-08-03,1,002015,协鑫能科,0
2026-08-24,2026-08-25,1,002015,协鑫能科,0
2026-09-01,2026-09-02,1,002015,协鑫能科,0
2026-01-12,2026-01-13,1,603059,倍加洁,0
2026-01-30,2026-02-02,1,603059,倍加洁,0
2026-04-29,2026-04-30,1,001396,誉帆科技,0
2026-01-06,2026-01-07,1,600273,嘉化能源,0
2026-01-29,2026-01-30,1,600273,嘉化能源,0
2026-05-15,2026-05-18,1,002374,中锐股份,1
2026-05-18,2026-05-19,2,002374,中锐股份,0
2026-06-23,2026-06-24,1,002374,中锐股份,0
2026-07-24,2026-07-27,1,002374,中锐股份,0
2026-04-08,2026-04-09,1,002797,第一创业,0
2026-01-29,2026-01-30,1,000799,酒鬼酒,0
2026-05-29,2026-06-01,1,000799,酒鬼酒,0
2026-05-22,2026-05-25,1,002823,凯中精密,0
2026-01-19,2026-01-20,1,603097,江苏华辰,0
2026-03-06,2026-03-09,1,603097,江苏华辰,0
2026-07-27,2026-07-28,1,603097,江苏华辰,0
2026-07-03,2026-07-06,1,002090,金智科技,0
2026-01-07,2026-01-08,1,000905,厦门港务,0
2026-06-23,2026-06-24,1,000691,亚太实业,0
2026-01-07,2026-01-08,1,002864,盘龙药业,0
2026-06-30,2026-07-01,1,000801,四川九洲,0
2026-01-29,2026-01-30,1,002948,青岛银行,0
2026-05-19,2026-05-20,1,601222,林洋能源,0
2026-08-28,2026-08-31,1,601222,林洋能源,0
2026-05-21,2026-05-22,1,002747,埃斯顿,0
2026-06-08,2026-06-09,1,002747,埃斯顿,1
2026-06-09,2026-06-10,2,002747,埃斯顿,0
2026-06-18,2026-06-22,1,002747,埃斯顿,0
2026-06-30,2026-07-01,1,002747,埃斯顿,1
2026-07-01,2026-07-02,2,002747,埃斯顿,0
2026-07-03,2026-07-06,1,002747,埃斯顿,0
2026-08-18,2026-08-19,1,002747,埃斯顿,0
2026-03-27,2026-03-30,1,603324,盛剑科技,0
2026-05-20,2026-05-21,1,603324,盛剑科技,0
2026-05-28,2026-05-29,1,603324,盛剑科技,1
2026-05-29,2026-06-01,2,603324,盛剑科技,0
2026-06-11,2026-06-12,1,603324,盛剑科技,0
2026-06-17,2026-06-18,1,603324,盛剑科技,1
2026-06-18,2026-06-22,2,603324,盛剑科技,0
2026-06-24,2026-06-25,1,603324,盛剑科技,0
2026-02-27,2026-03-02,1,002182,宝武镁业,0
2026-06-30,2026-07-01,1,002182,宝武镁业,0
2026-08-05,2026-08-06,1,002182,宝武镁业,0
2026-05-22,2026-05-25,1,002826,易明医药,0
2026-07-01,2026-07-02,1,002826,易明医药,1
2026-07-02,2026-07-03,2,002826,易明医药,0
2026-08-06,2026-08-07,1,002826,易明医药,0
2026-04-27,2026-04-28,1,600830,香溢融通,0
2026-09-01,2026-09-02,1,600830,香溢融通,1
2026-09-02,2026-09-03,2,600830,香溢融通,0
2026-01-08,2026-01-09,1,003037,三和管桩,0
2026-04-13,2026-04-14,1,603177,德创环保,0
2026-06-18,2026-06-22,1,603177,德创环保,0
2026-08-14,2026-08-17,1,603177,德创环保,0
2026-08-20,2026-08-21,1,603177,德创环保,0
2025-12-26,2025-12-29,1,002919,名臣健康,0
2026-01-15,2026-01-16,1,002919,名臣健康,0
2026-07-06,2026-07-07,1,002919,名臣健康,0
2026-01-14,2026-01-15,1,603280,南方路面机械,0
2026-03-13,2026-03-16,1,603280,南方路面机械,0
2026-08-18,2026-08-19,1,603280,南方路面机械,0
2026-04-29,2026-04-30,1,603279,景津装备,0
2026-04-30,2026-05-06,1,600322,津投城开,0
2026-06-11,2026-06-12,1,600322,津投城开,0
2026-06-22,2026-06-23,1,600322,津投城开,1
2026-06-23,2026-06-24,2,600322,津投城开,0
2026-03-12,2026-03-13,1,601991,大唐发电,0
2026-05-06,2026-05-07,1,601991,大唐发电,1
2026-05-07,2026-05-08,2,601991,大唐发电,1
2026-05-08,2026-05-11,3,601991,大唐发电,1
2026-05-11,2026-05-12,4,601991,大唐发电,1
2026-05-12,2026-05-13,5,601991,大唐发电,1
2026-05-13,2026-05-14,6,601991,大唐发电,0
2026-05-15,2026-05-18,1,601991,大唐发电,0
2026-06-02,2026-06-03,1,601991,大唐发电,0
2026-07-01,2026-07-02,1,601991,大唐发电,0
2026-07-20,2026-07-21,1,601991,大唐发电,0
2026-08-13,2026-08-14,1,601991,大唐发电,0
2026-01-05,2026-01-06,1,000792,盐湖股份,0
2026-01-14,2026-01-15,1,002429,兆驰股份,0
2026-02-09,2026-02-10,1,002429,兆驰股份,1
2026-02-10,2026-02-11,2,002429,兆驰股份,0
2026-03-05,2026-03-06,1,002429,兆驰股份,0
2026-03-13,2026-03-16,1,002429,兆驰股份,0
2026-04-23,2026-04-24,1,002429,兆驰股份,0
2026-01-26,2026-01-27,1,600961,株冶集团,0
2026-01-28,2026-01-29,1,600961,株冶集团,0
2026-04-16,2026-04-17,1,600961,株冶集团,1
2026-04-17,2026-04-20,2,600961,株冶集团,1
2026-04-20,2026-04-21,3,600961,株冶集团,1
2026-04-21,2026-04-22,4,600961,株冶集团,0
2026-06-12,2026-06-15,1,600961,株冶集团,0
2026-06-22,2026-06-23,1,600961,株冶集团,0
2026-08-05,2026-08-06,1,600961,株冶集团,0
2026-03-27,2026-03-30,1,002460,赣锋锂业,0
2026-06-11,2026-06-12,1,600067,冠城新材,1
2026-06-12,2026-06-15,2,600067,冠城新材,0
2026-03-06,2026-03-09,1,002063,远光软件,0
2026-04-16,2026-04-17,1,000782,恒申新材,0
2026-05-08,2026-05-11,1,000782,恒申新材,0
2026-01-09,2026-01-12,1,600807,济高发展,0
2026-01-06,2026-01-07,1,002795,永和智控,0
2026-01-09,2026-01-12,1,002795,永和智控,0
2026-02-24,2026-02-25,1,002795,永和智控,0
2026-03-24,2026-03-25,1,002795,永和智控,0
2026-04-24,2026-04-27,1,002795,永和智控,0
2026-06-01,2026-06-02,1,002795,永和智控,0
2026-07-28,2026-07-29,1,002795,永和智控,0
2026-09-21,2026-09-22,1,002795,永和智控,0
2026-07-03,2026-07-06,1,002767,先锋电子,1
2026-07-06,2026-07-07,2,002767,先锋电子,0
2026-07-29,2026-07-30,1,605188,国光连锁,0
2026-08-28,2026-08-31,1,605188,国光连锁,0
2026-09-01,2026-09-02,1,605188,国光连锁,0
2026-09-18,2026-09-21,1,605188,国光连锁,0
2026-01-12,2026-01-13,1,601116,三江购物,1
2026-01-13,2026-01-14,2,601116,三江购物,1
2026-01-14,2026-01-15,3,601116,三江购物,0
2026-02-05,2026-02-06,1,601116,三江购物,0
2026-05-29,2026-06-01,1,601116,三江购物,0
2026-08-18,2026-08-19,1,601116,三江购物,0
2026-02-09,2026-02-10,1,603301,振德医疗,1
2026-02-10,2026-02-11,2,603301,振德医疗,0
2025-12-26,2025-12-29,1,600576,祥源文旅,0
2026-06-12,2026-06-15,1,600576,祥源文旅,0
2026-06-29,2026-06-30,1,600576,祥源文旅,0
2026-02-04,2026-02-05,1,600860,京城股份,0
2026-08-17,2026-08-18,1,600860,京城股份,0
2026-03-05,2026-03-06,1,002587,奥拓电子,0
2026-06-30,2026-07-01,1,002587,奥拓电子,0
2026-01-21,2026-01-22,1,000657,中钨高新,0
2026-01-26,2026-01-27,1,000657,中钨高新,0
2026-02-11,2026-02-12,1,000657,中钨高新,0
2026-02-25,2026-02-26,1,000657,中钨高新,0
2026-02-27,2026-03-02,1,000657,中钨高新,0
2026-04-16,2026-04-17,1,000657,中钨高新,0
2026-04-29,2026-04-30,1,000657,中钨高新,0
2026-05-22,2026-05-25,1,000657,中钨高新,0
2026-06-15,2026-06-16,1,000657,中钨高新,0
2026-06-18,2026-06-22,1,000657,中钨高新,1
2026-06-22,2026-06-23,2,000657,中钨高新,0
2026-08-05,2026-08-06,1,000657,中钨高新,0
2026-05-22,2026-05-25,1,600888,新疆众和,0
2026-06-16,2026-06-17,1,600888,新疆众和,0
2026-06-25,2026-06-26,1,600888,新疆众和,0
2025-12-31,2026-01-05,1,603130,云中马股份,0
2026-01-23,2026-01-26,1,603130,云中马股份,0
2026-03-19,2026-03-20,1,603130,云中马股份,0
2026-04-20,2026-04-21,1,603130,云中马股份,0
2026-06-30,2026-07-01,1,603130,云中马股份,0
2026-07-15,2026-07-16,1,603130,云中马股份,0
2026-08-03,2026-08-04,1,603130,云中马股份,0
2026-08-10,2026-08-11,1,603130,云中马股份,0
2026-06-16,2026-06-17,1,002910,庄园牧场,0
2026-06-22,2026-06-23,1,002910,庄园牧场,0
2026-06-26,2026-06-29,1,002910,庄园牧场,0
2026-07-06,2026-07-07,1,002910,庄园牧场,0
2026-07-08,2026-07-09,1,002910,庄园牧场,0
2026-03-31,2026-04-01,1,002454,松芝股份,0
2026-05-13,2026-05-14,1,002454,松芝股份,0
2026-01-12,2026-01-13,1,002574,明牌珠宝,1
2026-01-13,2026-01-14,2,002574,明牌珠宝,1
2026-01-14,2026-01-15,3,002574,明牌珠宝,0
2026-06-30,2026-07-01,1,002472,双环传动,0
2026-07-03,2026-07-06,1,002472,双环传动,0
2026-03-11,2026-03-12,1,600873,梅花生物,0
2026-04-14,2026-04-15,1,600469,风神股份,0
2026-06-16,2026-06-17,1,000541,佛山照明,0
2026-06-24,2026-06-25,1,603948,建业股份,0
2026-07-01,2026-07-02,1,603948,建业股份,0
2026-04-02,2026-04-03,1,000762,西藏矿业,0
2026-04-10,2026-04-13,1,000762,西藏矿业,0
2026-04-16,2026-04-17,1,000762,西藏矿业,0
2026-01-05,2026-01-06,1,002414,高德红外,0
2026-07-09,2026-07-10,1,002414,高德红外,1
2026-07-10,2026-07-13,2,002414,高德红外,0
2026-01-08,2026-01-09,1,603878,武进不锈,0
2026-01-23,2026-01-26,1,603878,武进不锈,0
2026-04-16,2026-04-17,1,603878,武进不锈,0
2026-05-08,2026-05-11,1,603878,武进不锈,0
2026-05-20,2026-05-21,1,603005,晶方科技,0
2026-05-25,2026-05-26,1,603005,晶方科技,0
2026-06-04,2026-06-05,1,603005,晶方科技,0
2026-06-30,2026-07-01,1,603005,晶方科技,0
2026-07-09,2026-07-10,1,603005,晶方科技,0
2026-07-21,2026-07-22,1,603005,晶方科技,0
2026-03-23,2026-03-24,1,002896,中大力德,0
2026-05-26,2026-05-27,1,002896,中大力德,0
2026-06-02,2026-06-03,1,002896,中大力德,0
2026-06-05,2026-06-08,1,002896,中大力德,1
2026-06-08,2026-06-09,2,002896,中大力德,0
2026-07-03,2026-07-06,1,002896,中大力德,0
2026-07-31,2026-08-03,1,002896,中大力德,1
2026-08-03,2026-08-04,2,002896,中大力德,0
2026-01-16,2026-01-19,1,002664,信质集团,0
2026-05-07,2026-05-08,1,002664,信质集团,0
2026-06-15,2026-06-16,1,002664,信质集团,0
2026-07-03,2026-07-06,1,002664,信质集团,0
2026-07-24,2026-07-27,1,002189,中光学,0
2026-07-23,2026-07-24,1,000011,深物业A,1
2026-07-24,2026-07-27,2,000011,深物业A,0
2026-08-28,2026-08-31,1,000011,深物业A,1
2026-08-31,2026-09-01,2,000011,深物业A,0
2026-09-08,2026-09-09,1,000011,深物业A,0
2026-03-13,2026-03-16,1,600746,江苏索普,0
2026-04-01,2026-04-02,1,600746,江苏索普,0
2026-07-14,2026-07-15,1,600746,江苏索普,1
2026-07-15,2026-07-16,2,600746,江苏索普,0
2026-07-20,2026-07-21,1,600746,江苏索普,0
2026-01-08,2026-01-09,1,002250,联化科技,0
2026-07-02,2026-07-03,1,002250,联化科技,0
2026-07-14,2026-07-15,1,002250,联化科技,0
2026-05-12,2026-05-13,1,002346,柘中股份,0
2026-06-16,2026-06-17,1,002346,柘中股份,0
2026-06-22,2026-06-23,1,002346,柘中股份,0
2026-07-09,2026-07-10,1,002346,柘中股份,1
2026-07-10,2026-07-13,2,002346,柘中股份,0
2026-07-31,2026-08-03,1,002346,柘中股份,0
2026-08-05,2026-08-06,1,002346,柘中股份,0
2026-09-14,2026-09-15,1,002346,柘中股份,0
2026-07-23,2026-07-24,1,002566,益盛药业,0
2026-01-28,2026-01-29,1,600219,南山铝业,0
2026-03-30,2026-03-31,1,600219,南山铝业,0
2026-07-23,2026-07-24,1,600219,南山铝业,0
2026-09-08,2026-09-09,1,605077,华康股份,1
2026-09-09,2026-09-10,2,605077,华康股份,0
2026-04-09,2026-04-10,1,605189,富春染织,0
2026-05-08,2026-05-11,1,605189,富春染织,1
2026-05-11,2026-05-12,2,605189,富春染织,0
2026-07-01,2026-07-02,1,605189,富春染织,1
2026-07-02,2026-07-03,2,605189,富春染织,1
2026-07-03,2026-07-06,3,605189,富春染织,0
2026-07-14,2026-07-15,1,605189,富春染织,1
2026-07-15,2026-07-16,2,605189,富春染织,0
2026-07-23,2026-07-24,1,605189,富春染织,0
2026-01-15,2026-01-16,1,000751,锌业股份,0
2026-01-23,2026-01-26,1,000751,锌业股份,1
2026-01-26,2026-01-27,2,000751,锌业股份,0
2026-01-28,2026-01-29,1,000751,锌业股份,0
2026-02-25,2026-02-26,1,000751,锌业股份,0
2026-04-22,2026-04-23,1,000751,锌业股份,0
2026-06-12,2026-06-15,1,000751,锌业股份,0
2026-06-22,2026-06-23,1,000751,锌业股份,0
2026-06-29,2026-06-30,1,000751,锌业股份,0
2026-08-05,2026-08-06,1,000751,锌业股份,0
2026-06-01,2026-06-02,1,600981,苏豪汇鸿,0
2026-06-10,2026-06-11,1,600981,苏豪汇鸿,0
2026-01-26,2026-01-27,1,002378,章源钨业,0
2026-02-11,2026-02-12,1,002378,章源钨业,1
2026-02-12,2026-02-13,2,002378,章源钨业,0
2026-02-25,2026-02-26,1,002378,章源钨业,1
2026-02-26,2026-02-27,2,002378,章源钨业,1
2026-02-27,2026-03-02,3,002378,章源钨业,0
2026-04-29,2026-04-30,1,002378,章源钨业,0
2026-06-11,2026-06-12,1,002378,章源钨业,0
2026-02-27,2026-03-02,1,002216,三全食品,0
2026-01-09,2026-01-12,1,002729,好利科技,0
2026-03-10,2026-03-11,1,002729,好利科技,0
2026-05-07,2026-05-08,1,002729,好利科技,0
2026-05-15,2026-05-18,1,002729,好利科技,0
2026-06-16,2026-06-17,1,002729,好利科技,0
2026-09-17,2026-09-18,1,600822,上海物贸,0
2026-02-24,2026-02-25,1,603727,博迈科,0
2026-03-02,2026-03-03,1,603727,博迈科,1
2026-03-03,2026-03-04,2,603727,博迈科,0
2026-03-23,2026-03-24,1,603727,博迈科,0
2026-04-01,2026-04-02,1,603727,博迈科,0
2026-05-19,2026-05-20,1,603727,博迈科,0
2026-06-15,2026-06-16,1,603727,博迈科,0
2026-06-22,2026-06-23,1,603727,博迈科,0
2026-07-20,2026-07-21,1,603727,博迈科,0
2026-07-23,2026-07-24,1,603727,博迈科,0
2026-08-05,2026-08-06,1,603004,鼎龙科技,0
2025-12-25,2025-12-26,2,002931,锋龙股份,1
2025-12-26,2025-12-29,3,002931,锋龙股份,1
2025-12-29,2025-12-30,4,002931,锋龙股份,1
2025-12-30,2025-12-31,5,002931,锋龙股份,1
2025-12-31,2026-01-05,6,002931,锋龙股份,1
2026-03-13,2026-03-16,1,002931,锋龙股份,0
2026-05-21,2026-05-22,1,002931,锋龙股份,1
2026-05-22,2026-05-25,2,002931,锋龙股份,0
2026-06-04,2026-06-05,1,002931,锋龙股份,0
2026-06-08,2026-06-09,1,002931,锋龙股份,0
2026-06-16,2026-06-17,1,002931,锋龙股份,0
2026-06-30,2026-07-01,1,002931,锋龙股份,0
2026-07-02,2026-07-03,1,002931,锋龙股份,0
2026-07-31,2026-08-03,1,002931,锋龙股份,0
2025-12-26,2025-12-29,3,002363,隆基机械,0
2026-04-10,2026-04-13,1,002363,隆基机械,0
2026-03-31,2026-04-01,1,600528,中铁工业,0
2026-02-04,2026-02-05,1,600188,兖矿能源,0
2026-03-12,2026-03-13,1,600188,兖矿能源,0
2026-06-01,2026-06-02,1,600188,兖矿能源,0
2026-07-20,2026-07-21,1,600188,兖矿能源,0
2026-08-06,2026-08-07,1,600188,兖矿能源,0
2026-06-10,2026-06-11,1,002459,晶澳科技,0
2026-01-23,2026-01-26,1,000565,渝三峡Ａ,0
2026-04-27,2026-04-28,1,000565,渝三峡Ａ,0
2026-08-28,2026-08-31,1,000565,渝三峡Ａ,0
2026-09-09,2026-09-10,1,000565,渝三峡Ａ,1
2026-09-10,2026-09-11,2,000565,渝三峡Ａ,0
2026-01-28,2026-01-29,1,603077,和邦生物,0
2026-02-24,2026-02-25,1,603077,和邦生物,1
2026-02-25,2026-02-26,2,603077,和邦生物,0
2026-03-12,2026-03-13,1,603077,和邦生物,0
2026-07-14,2026-07-15,1,603077,和邦生物,0
2026-09-08,2026-09-09,1,603077,和邦生物,0
2026-01-05,2026-01-06,1,002773,康弘药业,0
2026-03-27,2026-03-30,1,002773,康弘药业,0
2026-03-24,2026-03-25,1,002771,真视通,1
2026-03-25,2026-03-26,2,002771,真视通,0
2026-04-16,2026-04-17,1,002771,真视通,0
2026-05-26,2026-05-27,1,002771,真视通,1
2026-05-27,2026-05-28,2,002771,真视通,0
2026-06-09,2026-06-10,1,002771,真视通,0
2026-07-03,2026-07-06,1,002771,真视通,0
2026-06-04,2026-06-05,1,002570,贝因美,0
2026-05-08,2026-05-11,1,002997,瑞鹄模具,0
2026-06-12,2026-06-15,1,002997,瑞鹄模具,0
2026-03-24,2026-03-25,1,601606,长城军工,1
2026-03-25,2026-03-26,2,601606,长城军工,0
2026-07-23,2026-07-24,1,601606,长城军工,1
2026-07-24,2026-07-27,2,601606,长城军工,1
2026-07-27,2026-07-28,3,601606,长城军工,0
2026-08-10,2026-08-11,1,601606,长城军工,0
2026-09-02,2026-09-03,1,601606,长城军工,0
2026-06-30,2026-07-01,1,603728,鸣志电器,0
2026-09-03,2026-09-04,1,603728,鸣志电器,0
2026-01-05,2026-01-06,1,603163,XD圣晖系统集成集团,0
2026-01-14,2026-01-15,1,603163,XD圣晖系统集成集团,0
2026-01-16,2026-01-19,1,603163,XD圣晖系统集成集团,0
2026-01-27,2026-01-28,1,603163,XD圣晖系统集成集团,0
2026-02-09,2026-02-10,1,603163,XD圣晖系统集成集团,0
2026-02-13,2026-02-24,1,603163,XD圣晖系统集成集团,0
2026-02-26,2026-02-27,1,603163,XD圣晖系统集成集团,0
2026-05-19,2026-05-20,1,603163,XD圣晖系统集成集团,0
2026-06-09,2026-06-10,1,603163,XD圣晖系统集成集团,0
2026-06-26,2026-06-29,1,603163,XD圣晖系统集成集团,1
2026-06-29,2026-06-30,2,603163,XD圣晖系统集成集团,0
2026-07-29,2026-07-30,1,603163,XD圣晖系统集成集团,0
2026-08-04,2026-08-05,1,603163,XD圣晖系统集成集团,0
2026-09-08,2026-09-09,1,603163,XD圣晖系统集成集团,0
2025-12-31,2026-01-05,1,000672,上峰材料,0
2026-05-11,2026-05-12,1,000672,上峰材料,1
2026-05-12,2026-05-13,2,000672,上峰材料,0
2026-05-18,2026-05-19,1,000672,上峰材料,0
2026-06-17,2026-06-18,1,000672,上峰材料,0
2026-07-09,2026-07-10,1,000672,上峰材料,0
2026-08-12,2026-08-13,1,002244,滨江集团,0
2026-01-20,2026-01-21,2,603078,江化微,1
2026-01-21,2026-01-22,3,603078,江化微,1
2026-01-22,2026-01-23,4,603078,江化微,1
2026-01-23,2026-01-26,5,603078,江化微,0
2026-05-15,2026-05-18,1,603078,江化微,0
2026-06-05,2026-06-08,1,603078,江化微,0
2026-06-16,2026-06-17,1,603078,江化微,0
2026-06-30,2026-07-01,1,603078,江化微,0
2026-08-05,2026-08-06,1,603078,江化微,1
2026-08-06,2026-08-07,2,603078,江化微,0
2026-01-21,2026-01-22,1,603257,中国瑞林,0
2026-02-27,2026-03-02,1,603257,中国瑞林,1
2026-03-02,2026-03-03,2,603257,中国瑞林,0
2026-01-14,2026-01-15,1,000591,太阳能,0
2026-01-23,2026-01-26,1,000591,太阳能,0
2026-05-12,2026-05-13,1,000591,太阳能,0
2026-01-09,2026-01-12,1,002017,东信和平,1
2026-01-12,2026-01-13,2,002017,东信和平,0
2026-08-21,2026-08-24,1,002017,东信和平,1
2026-08-24,2026-08-25,2,002017,东信和平,0
2026-05-15,2026-05-18,1,002892,科力尔,0
2026-06-05,2026-06-08,1,002892,科力尔,0
2025-12-30,2025-12-31,1,002905,金逸影视,0
2026-02-05,2026-02-06,1,002905,金逸影视,0
2026-02-10,2026-02-11,1,002905,金逸影视,0
2026-04-07,2026-04-08,1,600810,神马股份,0
2026-02-24,2026-02-25,1,002875,安奈儿,0
2026-04-16,2026-04-17,1,002875,安奈儿,0
2026-04-29,2026-04-30,1,002875,安奈儿,0
2026-06-03,2026-06-04,1,002875,安奈儿,0
2026-08-31,2026-09-01,1,002875,安奈儿,0
2026-01-28,2026-01-29,1,600987,航民股份,0
2026-02-06,2026-02-09,1,600987,航民股份,0
2026-01-06,2026-01-07,1,001223,欧克科技,0
2026-01-23,2026-01-26,1,001223,欧克科技,0
2026-02-04,2026-02-05,1,001223,欧克科技,0
2026-05-13,2026-05-14,1,001223,欧克科技,1
2026-05-14,2026-05-15,2,001223,欧克科技,0
2026-06-03,2026-06-04,1,001223,欧克科技,0
2026-06-17,2026-06-18,1,001223,欧克科技,0
2026-07-27,2026-07-28,1,001223,欧克科技,0
2026-07-31,2026-08-03,1,001223,欧克科技,1
2026-08-03,2026-08-04,2,001223,欧克科技,0
2026-08-07,2026-08-10,1,001223,欧克科技,0
2026-09-15,2026-09-16,1,001223,欧克科技,0
2026-02-12,2026-02-13,1,002520,日发精机,0
2026-03-05,2026-03-06,1,002520,日发精机,0
2026-04-29,2026-04-30,1,002520,日发精机,0
2026-05-08,2026-05-11,1,002520,日发精机,0
2026-06-04,2026-06-05,1,002520,日发精机,0
2026-06-24,2026-06-25,1,002520,日发精机,0
2026-07-03,2026-07-06,1,002520,日发精机,0
2026-08-12,2026-08-13,1,002520,日发精机,0
2026-02-24,2026-02-25,1,601390,中国中铁,0
2026-05-13,2026-05-14,1,601138,工业富联,0
2026-08-05,2026-08-06,1,601138,工业富联,0
2026-06-30,2026-07-01,1,002402,和而泰,0
2026-07-10,2026-07-13,1,002402,和而泰,0
2026-03-02,2026-03-03,1,000637,茂化实华,0
2026-01-12,2026-01-13,1,600694,大商股份,0
2026-06-04,2026-06-05,1,000718,苏宁环球,0
2026-05-13,2026-05-14,1,002034,旺能环境,0
2026-01-12,2026-01-13,1,600094,大名城,0
2026-07-07,2026-07-08,1,600094,大名城,1
2026-07-08,2026-07-09,2,600094,大名城,0
2026-01-16,2026-01-19,1,601096,XD宏盛华源铁塔集团,1
2026-01-19,2026-01-20,2,601096,XD宏盛华源铁塔集团,0
2026-02-04,2026-02-05,1,601096,XD宏盛华源铁塔集团,0
2026-03-04,2026-03-05,1,601096,XD宏盛华源铁塔集团,0
2026-01-08,2026-01-09,1,002843,泰嘉股份,0
2026-02-13,2026-02-24,1,002843,泰嘉股份,0
2026-02-26,2026-02-27,1,002843,泰嘉股份,1
2026-02-27,2026-03-02,2,002843,泰嘉股份,1
2026-03-02,2026-03-03,3,002843,泰嘉股份,0
2026-03-06,2026-03-09,1,002843,泰嘉股份,0
2026-04-09,2026-04-10,1,002843,泰嘉股份,0
2026-04-20,2026-04-21,1,002843,泰嘉股份,0
2026-05-13,2026-05-14,1,002843,泰嘉股份,0
2026-01-06,2026-01-07,1,600078,澄星股份,0
2026-01-26,2026-01-27,1,600078,澄星股份,0
2026-02-24,2026-02-25,1,600078,澄星股份,1
2026-02-25,2026-02-26,2,600078,澄星股份,1
2026-02-26,2026-02-27,3,600078,澄星股份,0
2026-05-08,2026-05-11,1,600078,澄星股份,1
2026-05-11,2026-05-12,2,600078,澄星股份,0
2026-06-03,2026-06-04,1,600078,澄星股份,0
2026-06-22,2026-06-23,1,600078,澄星股份,0
2026-08-05,2026-08-06,1,600078,澄星股份,0
2026-01-13,2026-01-14,1,600089,特变电工,0
2026-01-19,2026-01-20,1,600089,特变电工,0
2025-12-26,2025-12-29,1,002752,昇兴股份,0
2026-04-21,2026-04-22,1,002752,昇兴股份,0
2026-03-30,2026-03-31,1,600359,新农开发,0
2026-08-18,2026-08-19,1,600359,新农开发,0
2026-08-27,2026-08-28,1,600359,新农开发,0
2026-09-09,2026-09-10,1,600359,新农开发,1
2026-09-10,2026-09-11,2,600359,新农开发,0
2026-01-30,2026-02-02,1,605151,西上海,1
2026-02-02,2026-02-03,2,605151,西上海,0
2026-06-24,2026-06-25,1,605151,西上海,0
2026-01-09,2026-01-12,1,002203,海亮股份,0
2026-04-17,2026-04-20,1,002203,海亮股份,0
2026-05-06,2026-05-07,1,002203,海亮股份,0
2026-05-28,2026-05-29,1,002203,海亮股份,0
2026-06-11,2026-06-12,1,002203,海亮股份,1
2026-06-12,2026-06-15,2,002203,海亮股份,0
2026-06-18,2026-06-22,1,002203,海亮股份,0
2026-07-21,2026-07-22,1,002203,海亮股份,0
2026-01-23,2026-01-26,1,600531,豫光金铅,1
2026-01-26,2026-01-27,2,600531,豫光金铅,1
2026-01-27,2026-01-28,3,600531,豫光金铅,1
2026-01-28,2026-01-29,4,600531,豫光金铅,1
2026-01-29,2026-01-30,5,600531,豫光金铅,0
2026-04-08,2026-04-09,1,600531,豫光金铅,0
2026-06-12,2026-06-15,1,600531,豫光金铅,0
2026-06-22,2026-06-23,1,600531,豫光金铅,0
2026-01-14,2026-01-15,1,002235,安妮股份,0
2026-03-05,2026-03-06,1,002235,安妮股份,0
2026-03-16,2026-03-17,1,002235,安妮股份,0
2026-04-30,2026-05-06,1,002235,安妮股份,0
2026-06-01,2026-06-02,1,002235,安妮股份,0
2026-07-27,2026-07-28,1,002235,安妮股份,0
2026-07-31,2026-08-03,1,002235,安妮股份,0
2026-08-11,2026-08-12,1,002235,安妮股份,0
2025-12-30,2025-12-31,1,603119,浙江荣泰股份,0
2026-04-30,2026-05-06,1,603119,浙江荣泰股份,0
2026-09-07,2026-09-08,1,603119,浙江荣泰股份,0
2026-01-08,2026-01-09,1,605116,奥锐特,0
2026-03-31,2026-04-01,1,605116,奥锐特,0
2026-08-20,2026-08-21,1,605116,奥锐特,0
2026-08-28,2026-08-31,1,603086,先达股份,0
2026-06-30,2026-07-01,1,601882,海天精工,0
2026-08-31,2026-09-01,1,601882,海天精工,0
2026-08-10,2026-08-11,1,002399,海普瑞,0
2026-08-20,2026-08-21,1,002399,海普瑞,0
2026-04-30,2026-05-06,1,603131,上海沪工,0
2026-07-01,2026-07-02,1,603131,上海沪工,0
2026-07-10,2026-07-13,1,603131,上海沪工,0
2026-01-09,2026-01-12,1,002046,国机精工,1
2026-01-12,2026-01-13,2,002046,国机精工,0
2026-02-27,2026-03-02,1,002046,国机精工,0
2026-04-08,2026-04-09,1,002046,国机精工,0
2026-05-22,2026-05-25,1,002046,国机精工,0
2026-06-03,2026-06-04,1,002046,国机精工,0
2026-06-08,2026-06-09,1,002046,国机精工,0
2026-06-24,2026-06-25,1,002046,国机精工,0
2026-09-09,2026-09-10,1,002046,国机精工,0
2025-12-26,2025-12-29,3,600783,鲁信创投,1
2025-12-29,2025-12-30,4,600783,鲁信创投,0
2025-12-31,2026-01-05,1,600783,鲁信创投,0
2026-01-06,2026-01-07,1,600783,鲁信创投,1
2026-01-07,2026-01-08,2,600783,鲁信创投,1
2026-01-08,2026-01-09,3,600783,鲁信创投,1
2026-01-09,2026-01-12,4,600783,鲁信创投,1
2026-01-12,2026-01-13,5,600783,鲁信创投,1
2026-01-13,2026-01-14,6,600783,鲁信创投,0
2026-05-08,2026-05-11,1,600783,鲁信创投,0
2026-06-30,2026-07-01,1,600783,鲁信创投,1
2026-07-01,2026-07-02,2,600783,鲁信创投,0
2026-08-19,2026-08-20,1,600783,鲁信创投,0
2026-09-11,2026-09-14,1,002848,高斯贝尔,0
2026-02-24,2026-02-25,1,600470,六国化工,1
2026-02-25,2026-02-26,2,600470,六国化工,0
2026-03-06,2026-03-09,1,600470,六国化工,0
2026-03-27,2026-03-30,1,600470,六国化工,0
2026-04-07,2026-04-08,1,600470,六国化工,0
2026-06-11,2026-06-12,1,600470,六国化工,0
2026-06-22,2026-06-23,1,600470,六国化工,1
2026-06-23,2026-06-24,2,600470,六国化工,0
2026-07-01,2026-07-02,1,600470,六国化工,0
2026-07-06,2026-07-07,1,600470,六国化工,0
2026-08-25,2026-08-26,1,600470,六国化工,0
2026-03-18,2026-03-19,1,603168,莎普爱思,0
2026-06-10,2026-06-11,1,603155,新亚强,1
2026-06-11,2026-06-12,2,603155,新亚强,0
2026-06-26,2026-06-29,1,603155,新亚强,1
2026-06-29,2026-06-30,2,603155,新亚强,0
2026-07-06,2026-07-07,1,603155,新亚强,0
2026-07-10,2026-07-13,1,603155,新亚强,0
2026-09-16,2026-09-17,1,603155,新亚强,0
2026-03-20,2026-03-23,1,603026,石大胜华,0
2026-03-26,2026-03-27,1,603026,石大胜华,1
2026-03-27,2026-03-30,2,603026,石大胜华,0
2026-04-10,2026-04-13,1,603026,石大胜华,0
2026-04-14,2026-04-15,1,603026,石大胜华,0
2026-04-29,2026-04-30,1,603026,石大胜华,0
2026-07-23,2026-07-24,1,603026,石大胜华,0
2026-03-13,2026-03-16,1,001366,播恩集团,0
2026-04-20,2026-04-21,1,001366,播恩集团,0
2026-05-22,2026-05-25,1,001366,播恩集团,0
2026-05-26,2026-05-27,1,001366,播恩集团,0
2026-08-18,2026-08-19,1,001366,播恩集团,0
2026-09-02,2026-09-03,1,001366,播恩集团,0
2026-09-04,2026-09-07,1,001366,播恩集团,1
2026-09-07,2026-09-08,2,001366,播恩集团,0
2026-07-09,2026-07-10,1,003020,立方制药,1
2026-07-10,2026-07-13,2,003020,立方制药,1
2026-07-13,2026-07-14,3,003020,立方制药,0
2026-07-27,2026-07-28,1,003020,立方制药,0
2026-01-08,2026-01-09,1,605298,必得科技,0
2026-03-05,2026-03-06,1,605298,必得科技,0
2026-04-17,2026-04-20,1,605298,必得科技,0
2026-04-21,2026-04-22,1,605298,必得科技,0
2026-06-01,2026-06-02,1,605298,必得科技,0
2026-06-12,2026-06-15,1,605298,必得科技,0
2026-01-26,2026-01-27,1,601869,长飞光纤,0
2026-01-30,2026-02-02,1,601869,长飞光纤,0
2026-02-09,2026-02-10,1,601869,长飞光纤,1
2026-02-10,2026-02-11,2,601869,长飞光纤,0
2026-02-24,2026-02-25,1,601869,长飞光纤,0
2026-03-10,2026-03-11,1,601869,长飞光纤,0
2026-03-24,2026-03-25,1,601869,长飞光纤,1
2026-03-25,2026-03-26,2,601869,长飞光纤,0
2026-03-30,2026-03-31,1,601869,长飞光纤,0
2026-04-09,2026-04-10,1,601869,长飞光纤,0
2026-06-02,2026-06-03,1,601869,长飞光纤,0
2026-06-09,2026-06-10,1,601869,长飞光纤,0
2026-06-22,2026-06-23,1,601869,长飞光纤,1
2026-06-23,2026-06-24,2,601869,长飞光纤,0
2026-08-05,2026-08-06,1,601869,长飞光纤,0
2026-08-27,2026-08-28,1,601869,长飞光纤,0
2026-07-15,2026-07-16,1,600257,大湖股份,0
2026-02-25,2026-02-26,1,000012,南 玻Ａ,0
2026-05-21,2026-05-22,1,000012,南 玻Ａ,1
2026-05-22,2026-05-25,2,000012,南 玻Ａ,0
2026-06-16,2026-06-17,1,000012,南 玻Ａ,0
2026-06-22,2026-06-23,1,000012,南 玻Ａ,0
2026-06-30,2026-07-01,1,000012,南 玻Ａ,0
2025-12-26,2025-12-29,2,600345,长江通信,0
2025-12-31,2026-01-05,1,600345,长江通信,0
2026-01-30,2026-02-02,1,600345,长江通信,0
2026-02-06,2026-02-09,1,600345,长江通信,0
2026-02-24,2026-02-25,1,600345,长江通信,0
2026-03-10,2026-03-11,1,600345,长江通信,0
2026-03-25,2026-03-26,1,600345,长江通信,0
2026-03-30,2026-03-31,1,600345,长江通信,0
2026-04-09,2026-04-10,1,600345,长江通信,1
2026-04-10,2026-04-13,2,600345,长江通信,0
2026-05-08,2026-05-11,1,600345,长江通信,0
2026-06-02,2026-06-03,1,600345,长江通信,0
2026-06-09,2026-06-10,1,600345,长江通信,0
2026-06-22,2026-06-23,1,600345,长江通信,0
2026-08-27,2026-08-28,1,600345,长江通信,0
2026-09-07,2026-09-08,1,600345,长江通信,0
2026-01-19,2026-01-20,1,603861,白云电器,0
2026-01-30,2026-02-02,1,603861,白云电器,1
2026-02-02,2026-02-03,2,603861,白云电器,0
2026-02-24,2026-02-25,1,603861,白云电器,0
2026-03-02,2026-03-03,1,603861,白云电器,0
2026-05-28,2026-05-29,1,603861,白云电器,0
2026-06-16,2026-06-17,1,603861,白云电器,0
2026-06-26,2026-06-29,1,603861,白云电器,0
2026-07-06,2026-07-07,1,603861,白云电器,1
2026-07-07,2026-07-08,2,603861,白云电器,0
2026-07-23,2026-07-24,1,603861,白云电器,0
2025-12-22,2025-12-23,1,601969,海南矿业,0
2025-12-26,2025-12-29,1,601969,海南矿业,0
2026-03-09,2026-03-10,1,601969,海南矿业,0
2026-03-12,2026-03-13,1,601969,海南矿业,0
2026-07-14,2026-07-15,1,601969,海南矿业,0
2026-06-01,2026-06-02,1,000055,方大集团,1
2026-06-02,2026-06-03,2,000055,方大集团,0
2026-09-16,2026-09-17,1,000055,方大集团,0
2026-05-08,2026-05-11,1,002091,江苏国泰,0
2025-12-26,2025-12-29,1,002805,丰元股份,0
2026-04-29,2026-04-30,1,002805,丰元股份,1
2026-04-30,2026-05-06,2,002805,丰元股份,1
2026-05-06,2026-05-07,3,002805,丰元股份,0
2026-05-13,2026-05-14,1,002805,丰元股份,0
2026-06-16,2026-06-17,1,002805,丰元股份,0
2026-06-18,2026-06-22,1,002805,丰元股份,1
2026-06-22,2026-06-23,2,002805,丰元股份,0
2026-06-30,2026-07-01,1,002805,丰元股份,0
2026-01-23,2026-01-26,1,600916,中国黄金,1
2026-01-26,2026-01-27,2,600916,中国黄金,1
2026-01-27,2026-01-28,3,600916,中国黄金,1
2026-01-28,2026-01-29,4,600916,中国黄金,1
2026-01-29,2026-01-30,5,600916,中国黄金,0
2026-01-19,2026-01-20,1,600114,东睦股份,0
2026-04-08,2026-04-09,1,600114,东睦股份,0
2026-06-02,2026-06-03,1,600114,东睦股份,0
2026-06-15,2026-06-16,1,600375,汉马科技,0
2026-01-23,2026-01-26,1,002658,雪迪龙,0
2026-05-13,2026-05-14,1,002658,雪迪龙,0
2026-08-14,2026-08-17,1,002658,雪迪龙,0
2025-12-26,2025-12-29,1,002865,钧达股份,0
2026-01-06,2026-01-07,1,002865,钧达股份,0
2026-01-08,2026-01-09,1,002865,钧达股份,0
2026-01-13,2026-01-14,1,002865,钧达股份,0
2026-01-22,2026-01-23,1,002865,钧达股份,1
2026-01-23,2026-01-26,2,002865,钧达股份,0
2026-02-03,2026-02-04,1,002865,钧达股份,0
2026-02-27,2026-03-02,1,002865,钧达股份,0
2026-05-08,2026-05-11,1,002865,钧达股份,1
2026-05-11,2026-05-12,2,002865,钧达股份,0
2026-07-10,2026-07-13,1,002865,钧达股份,0
2026-01-09,2026-01-12,1,002029,七 匹 狼,0
2026-04-27,2026-04-28,1,002029,七 匹 狼,0
2026-07-02,2026-07-03,1,002029,七 匹 狼,0
2026-07-27,2026-07-28,1,002029,七 匹 狼,0
2026-09-18,2026-09-21,1,002029,七 匹 狼,0
2026-01-07,2026-01-08,1,002112,三变科技,0
2026-01-13,2026-01-14,1,002112,三变科技,1
2026-01-14,2026-01-15,2,002112,三变科技,1
2026-01-15,2026-01-16,3,002112,三变科技,0
2026-01-19,2026-01-20,1,002112,三变科技,0
2026-01-23,2026-01-26,1,002112,三变科技,0
2026-02-02,2026-02-03,1,002112,三变科技,1
2026-02-03,2026-02-04,2,002112,三变科技,0
2026-02-06,2026-02-09,1,002112,三变科技,0
2026-03-09,2026-03-10,1,002112,三变科技,0
2026-07-23,2026-07-24,1,002112,三变科技,0
2026-07-29,2026-07-30,1,002112,三变科技,0
2026-08-10,2026-08-11,1,002112,三变科技,0
2026-07-21,2026-07-22,1,002371,北方华创,0
2026-01-14,2026-01-15,1,603988,中电电机,0
2026-01-28,2026-01-29,1,603988,中电电机,0
2026-04-07,2026-04-08,1,603988,中电电机,0
2026-05-28,2026-05-29,1,603988,中电电机,0
2026-07-22,2026-07-23,1,603988,中电电机,1
2026-07-23,2026-07-24,2,603988,中电电机,0
2026-07-27,2026-07-28,1,603988,中电电机,0
2026-08-05,2026-08-06,1,603988,中电电机,1
2026-08-06,2026-08-07,2,603988,中电电机,0
2026-08-20,2026-08-21,1,603988,中电电机,0
2026-06-23,2026-06-24,1,002014,永新股份,0
2026-04-21,2026-04-22,1,000715,中兴商业,0
2026-04-23,2026-04-24,1,000715,中兴商业,0
2026-08-12,2026-08-13,1,000715,中兴商业,0
2026-03-13,2026-03-16,1,002543,万和电气,0
2026-08-13,2026-08-14,1,002543,万和电气,0
2026-08-19,2026-08-20,1,002543,万和电气,0
2026-09-10,2026-09-11,1,002543,万和电气,0
2026-05-28,2026-05-29,1,601369,陕鼓动力,0
2026-07-17,2026-07-20,1,601369,陕鼓动力,0
2026-01-28,2026-01-29,1,600313,农发种业,0
2026-01-30,2026-02-02,1,600313,农发种业,0
2026-03-04,2026-03-05,1,600313,农发种业,0
2026-03-16,2026-03-17,1,600313,农发种业,0
2026-08-17,2026-08-18,1,600313,农发种业,1
2026-08-18,2026-08-19,2,600313,农发种业,0
2026-09-01,2026-09-02,1,600313,农发种业,0
2026-07-10,2026-07-13,1,002544,普天科技,0
2026-01-29,2026-01-30,1,600684,珠江股份,0
2026-09-01,2026-09-02,1,600318,新力金融,0
2026-09-10,2026-09-11,1,600318,新力金融,0
2026-06-16,2026-06-17,1,002058,紫竹高科,0
2026-08-03,2026-08-04,1,002058,紫竹高科,0
2026-04-03,2026-04-07,1,600056,中国医药,0
2026-06-03,2026-06-04,1,603135,中重科技,1
2026-06-04,2026-06-05,2,603135,中重科技,1
2026-06-05,2026-06-08,3,603135,中重科技,1
2026-06-08,2026-06-09,4,603135,中重科技,0
2026-07-02,2026-07-03,1,603135,中重科技,0
2026-06-01,2026-06-02,1,002657,中科金财,0
2026-06-10,2026-06-11,1,002657,中科金财,0
2026-06-22,2026-06-23,1,002657,中科金财,0
2026-02-13,2026-02-24,1,000021,深科技,0
2026-05-18,2026-05-19,1,000021,深科技,0
2026-06-24,2026-06-25,1,000021,深科技,0
2026-06-29,2026-06-30,1,000021,深科技,0
2026-07-09,2026-07-10,1,000021,深科技,0
2026-07-21,2026-07-22,1,000021,深科技,0
2026-03-30,2026-03-31,1,603122,合富中国,0
2026-04-02,2026-04-03,1,603122,合富中国,0
2026-06-23,2026-06-24,1,603122,合富中国,0
2026-08-06,2026-08-07,1,603122,合富中国,0
2026-09-04,2026-09-07,1,603122,合富中国,0
2026-09-16,2026-09-17,1,603122,合富中国,0
2026-09-18,2026-09-21,1,603122,合富中国,0
2026-03-19,2026-03-20,1,605389,长龄液压,0
2026-04-30,2026-05-06,1,605389,长龄液压,0
2026-03-06,2026-03-09,1,600761,安徽合力,0
2026-02-04,2026-02-05,1,600971,恒源煤电,0
2026-03-02,2026-03-03,1,603393,新天然气,0
2026-03-26,2026-03-27,1,000965,天保基建,0
2026-08-31,2026-09-01,1,000965,天保基建,0
2026-01-19,2026-01-20,1,000506,招金黄金,1
2026-01-20,2026-01-21,2,000506,招金黄金,1
2026-01-21,2026-01-22,3,000506,招金黄金,0
2026-01-26,2026-01-27,1,000506,招金黄金,1
2026-01-27,2026-01-28,2,000506,招金黄金,1
2026-01-28,2026-01-29,3,000506,招金黄金,1
2026-01-29,2026-01-30,4,000506,招金黄金,0
2026-03-02,2026-03-03,1,000506,招金黄金,0
2026-04-08,2026-04-09,1,000506,招金黄金,0
2026-05-26,2026-05-27,1,000506,招金黄金,0
2026-06-12,2026-06-15,1,000506,招金黄金,1
2026-06-15,2026-06-16,2,000506,招金黄金,0
2026-07-02,2026-07-03,1,000506,招金黄金,1
2026-07-03,2026-07-06,2,000506,招金黄金,0
2026-07-08,2026-07-09,1,000506,招金黄金,0
2026-07-22,2026-07-23,1,000506,招金黄金,0
2026-07-31,2026-08-03,1,000506,招金黄金,0
2026-08-07,2026-08-10,1,000506,招金黄金,1
2026-08-10,2026-08-11,2,000506,招金黄金,0
2026-04-07,2026-04-08,1,600195,中牧股份,0
2026-02-10,2026-02-11,1,600482,中国动力,0
2026-03-06,2026-03-09,1,600482,中国动力,0
2026-04-10,2026-04-13,1,600482,中国动力,0
2026-05-13,2026-05-14,1,600482,中国动力,0
2026-06-04,2026-06-05,1,600482,中国动力,0
2026-05-15,2026-05-18,1,603767,中马传动,0
2026-05-21,2026-05-22,1,603767,中马传动,0
2026-05-22,2026-05-25,1,603223,恒通股份,0
2026-06-18,2026-06-22,1,603223,恒通股份,0
2026-07-10,2026-07-13,1,603223,恒通股份,0
2026-01-23,2026-01-26,1,603612,索通发展,0
2026-02-03,2026-02-04,1,603612,索通发展,0
2026-06-22,2026-06-23,1,605020,永和股份,0
2026-06-24,2026-06-25,1,605020,永和股份,0
2026-07-02,2026-07-03,1,605020,永和股份,0
2025-12-29,2025-12-30,1,002413,雷科防务,1
2025-12-30,2025-12-31,2,002413,雷科防务,1
2025-12-31,2026-01-05,3,002413,雷科防务,1
2026-01-05,2026-01-06,4,002413,雷科防务,1
2026-01-06,2026-01-07,5,002413,雷科防务,1
2026-01-07,2026-01-08,6,002413,雷科防务,0
2026-01-12,2026-01-13,1,002413,雷科防务,0
2026-03-02,2026-03-03,1,002413,雷科防务,0
2026-08-17,2026-08-18,1,002476,新叶股份,0
2026-07-01,2026-07-02,1,002184,海得控制,0
2026-01-26,2026-01-27,1,600489,中金黄金,0
2026-01-28,2026-01-29,1,600489,中金黄金,0
2026-03-02,2026-03-03,1,600489,中金黄金,0
2026-07-23,2026-07-24,1,001382,新亚电缆,0
2026-03-27,2026-03-30,1,000155,川能动力,0
2026-04-02,2026-04-03,1,000155,川能动力,0
2026-07-23,2026-07-24,1,000155,川能动力,0
2026-02-03,2026-02-04,1,600683,京投发展,1
2026-02-04,2026-02-05,2,600683,京投发展,1
2026-02-05,2026-02-06,3,600683,京投发展,0
2026-02-09,2026-02-10,1,600683,京投发展,0
2026-03-13,2026-03-16,1,600683,京投发展,1
2026-03-16,2026-03-17,2,600683,京投发展,1
2026-03-17,2026-03-18,3,600683,京投发展,0
2026-03-20,2026-03-23,1,600683,京投发展,0
2026-04-15,2026-04-16,1,600683,京投发展,1
2026-04-16,2026-04-17,2,600683,京投发展,1
2026-04-17,2026-04-20,3,600683,京投发展,0
2026-04-22,2026-04-23,1,600683,京投发展,0
2026-05-08,2026-05-11,1,600683,京投发展,1
2026-05-11,2026-05-12,2,600683,京投发展,1
2026-05-12,2026-05-13,3,600683,京投发展,0
2026-05-22,2026-05-25,1,600683,京投发展,0
2026-06-03,2026-06-04,1,600683,京投发展,0
2026-07-27,2026-07-28,1,600683,京投发展,0
2026-08-10,2026-08-11,1,600683,京投发展,1
2026-08-11,2026-08-12,2,600683,京投发展,1
2026-08-12,2026-08-13,3,600683,京投发展,1
2026-08-13,2026-08-14,4,600683,京投发展,0
2026-08-20,2026-08-21,1,600683,京投发展,0
2026-08-27,2026-08-28,1,600683,京投发展,0
2026-03-03,2026-03-04,1,600617,国新能源,0
2026-03-19,2026-03-20,1,600617,国新能源,1
2026-03-20,2026-03-23,2,600617,国新能源,0
2026-06-01,2026-06-02,1,600617,国新能源,0
2026-07-24,2026-07-27,1,600617,国新能源,1
2026-07-27,2026-07-28,2,600617,国新能源,0
2026-05-15,2026-05-18,1,603310,巍华新材,0
2026-06-22,2026-06-23,1,605377,华旺科技,1
2026-06-23,2026-06-24,2,605377,华旺科技,0
2026-06-29,2026-06-30,1,605377,华旺科技,0
2026-07-06,2026-07-07,1,605377,华旺科技,0
2026-05-12,2026-05-13,1,603070,万控智造,1
2026-05-13,2026-05-14,2,603070,万控智造,0
2026-06-05,2026-06-08,1,603070,万控智造,0
2026-06-15,2026-06-16,1,603070,万控智造,0
2026-06-16,2026-06-17,1,000679,大连友谊,1
2026-06-17,2026-06-18,2,000679,大连友谊,0
2026-09-08,2026-09-09,1,000679,大连友谊,0
2026-08-10,2026-08-11,1,002783,凯龙股份,0
2026-02-26,2026-02-27,1,600744,华银电力,1
2026-02-27,2026-03-02,2,600744,华银电力,0
2026-03-05,2026-03-06,1,600744,华银电力,0
2026-03-24,2026-03-25,1,600744,华银电力,0
2026-04-28,2026-04-29,1,600744,华银电力,0
2026-05-27,2026-05-28,1,600744,华银电力,0
2026-07-17,2026-07-20,1,600744,华银电力,1
2026-07-20,2026-07-21,2,600744,华银电力,1
2026-07-21,2026-07-22,3,600744,华银电力,1
2026-07-22,2026-07-23,4,600744,华银电力,0
2026-08-07,2026-08-10,1,600744,华银电力,0
2026-09-10,2026-09-11,1,600744,华银电力,0
2026-03-03,2026-03-04,1,600917,重庆燃气,0
2026-01-23,2026-01-26,1,603920,世运电路,0
2026-02-03,2026-02-04,1,603920,世运电路,0
2026-04-08,2026-04-09,1,603920,世运电路,0
2026-04-16,2026-04-17,1,603920,世运电路,0
2026-06-04,2026-06-05,1,603920,世运电路,0
2025-12-09,2025-12-10,1,002445,中南文化,0
2026-03-09,2026-03-10,1,002445,中南文化,1
2026-03-10,2026-03-11,2,002445,中南文化,1
2026-03-11,2026-03-12,3,002445,中南文化,1
2026-03-12,2026-03-13,4,002445,中南文化,1
2026-03-13,2026-03-16,5,002445,中南文化,0
2026-03-18,2026-03-19,1,002445,中南文化,0
2026-03-24,2026-03-25,1,002445,中南文化,0
2026-03-27,2026-03-30,1,002445,中南文化,0
2026-05-15,2026-05-18,1,002445,中南文化,0
2026-08-24,2026-08-25,1,002445,中南文化,1
2026-08-25,2026-08-26,2,002445,中南文化,0
2026-05-08,2026-05-11,1,002979,雷赛智能,0
2026-05-15,2026-05-18,1,002979,雷赛智能,0
2026-07-02,2026-07-03,1,002979,雷赛智能,1
2026-07-03,2026-07-06,2,002979,雷赛智能,0
2026-07-31,2026-08-03,1,002979,雷赛智能,0
2026-01-29,2026-01-30,1,000554,泰山石油,0
2026-02-24,2026-02-25,1,000554,泰山石油,0
2026-03-02,2026-03-03,1,000554,泰山石油,1
2026-03-03,2026-03-04,2,000554,泰山石油,0
2026-07-14,2026-07-15,1,000554,泰山石油,0
2026-01-27,2026-01-28,1,603120,肯特催化材料,0
2026-05-13,2026-05-14,1,603120,肯特催化材料,0
2026-06-03,2026-06-04,1,603120,肯特催化材料,0
2026-06-12,2026-06-15,1,603120,肯特催化材料,0
2026-06-30,2026-07-01,1,603120,肯特催化材料,1
2026-07-01,2026-07-02,2,603120,肯特催化材料,0
2026-07-13,2026-07-14,1,603120,肯特催化材料,0
2026-07-31,2026-08-03,1,603120,肯特催化材料,0
2026-09-18,2026-09-21,1,603120,肯特催化材料,0
2026-06-16,2026-06-17,1,000736,中交发展,0
2026-07-29,2026-07-30,1,000736,中交发展,0
2026-08-12,2026-08-13,1,000736,中交发展,0
2026-08-19,2026-08-20,1,000736,中交发展,0
2026-08-12,2026-08-13,1,002573,清新环境,0
2026-03-03,2026-03-04,1,601139,深圳燃气,0
2026-04-23,2026-04-24,1,000925,众合科技,1
2026-04-24,2026-04-27,2,000925,众合科技,1
2026-04-27,2026-04-28,3,000925,众合科技,0
2026-05-12,2026-05-13,1,000925,众合科技,1
2026-05-13,2026-05-14,2,000925,众合科技,0
2026-06-24,2026-06-25,1,000925,众合科技,0
2026-07-01,2026-07-02,1,000925,众合科技,0
2026-08-24,2026-08-25,1,000925,众合科技,0
2026-08-28,2026-08-31,1,000925,众合科技,0
2026-07-01,2026-07-02,1,603173,福斯达深冷,0
2026-05-21,2026-05-22,1,600303,曙光股份,1
2026-05-22,2026-05-25,2,600303,曙光股份,0
2026-06-05,2026-06-08,1,600303,曙光股份,0
2026-07-28,2026-07-29,1,600303,曙光股份,0
2026-07-10,2026-07-13,1,603556,海兴电力,0
2026-07-29,2026-07-30,1,603556,海兴电力,1
2026-07-30,2026-07-31,2,603556,海兴电力,0
2026-01-06,2026-01-07,1,002978,安宁股份,0
2026-02-25,2026-02-26,1,002978,安宁股份,0
2026-06-29,2026-06-30,1,600129,太极集团,0
2026-07-08,2026-07-09,1,600129,太极集团,0
2026-01-08,2026-01-09,1,000901,航天科技,0
2026-01-29,2026-01-30,1,000901,航天科技,0
2026-04-29,2026-04-30,1,000901,航天科技,0
2026-07-10,2026-07-13,1,000901,航天科技,0
2026-01-09,2026-01-12,1,002296,辉煌科技,0
2026-02-09,2026-02-10,1,002296,辉煌科技,0
2026-04-24,2026-04-27,1,000906,浙商中拓,0
2026-07-01,2026-07-02,1,601933,永辉超市,0
2026-07-29,2026-07-30,1,600429,三元股份,0
2026-06-03,2026-06-04,1,601798,蓝科高新,0
2026-06-25,2026-06-26,1,601798,蓝科高新,0
2026-06-04,2026-06-05,1,000733,振华科技,0
2026-06-15,2026-06-16,1,000733,振华科技,0
2026-07-01,2026-07-02,1,000733,振华科技,0
2026-02-12,2026-02-13,1,600821,金开新能,0
2026-02-27,2026-03-02,1,600821,金开新能,0
2026-03-04,2026-03-05,1,600821,金开新能,0
2026-03-06,2026-03-09,1,600821,金开新能,1
2026-03-09,2026-03-10,2,600821,金开新能,0
2026-03-12,2026-03-13,1,600821,金开新能,0
2026-03-24,2026-03-25,1,600821,金开新能,0
2026-05-06,2026-05-07,1,600821,金开新能,0
2026-07-10,2026-07-13,1,600821,金开新能,0
2026-07-20,2026-07-21,1,600821,金开新能,0
2026-08-13,2026-08-14,1,600821,金开新能,0
2026-03-13,2026-03-16,1,601669,中国电建,0
2026-02-09,2026-02-10,1,600875,东方电气,0
2026-02-12,2026-02-13,1,600875,东方电气,0
2026-02-26,2026-02-27,1,600875,东方电气,0
2026-03-05,2026-03-06,1,600875,东方电气,0
2026-04-08,2026-04-09,1,600875,东方电气,0
2026-04-16,2026-04-17,1,600875,东方电气,0
2025-12-30,2025-12-31,1,600776,东方通信,0
2026-01-05,2026-01-06,1,600776,东方通信,0
2026-01-09,2026-01-12,1,600776,东方通信,1
2026-01-12,2026-01-13,2,600776,东方通信,1
2026-01-13,2026-01-14,3,600776,东方通信,0
2026-06-05,2026-06-08,1,600776,东方通信,0
2026-03-09,2026-03-10,1,603165,荣晟环保,0
2026-03-20,2026-03-23,1,603165,荣晟环保,0
2026-03-24,2026-03-25,1,603165,荣晟环保,0
2026-07-03,2026-07-06,1,603165,荣晟环保,0
2026-04-10,2026-04-13,1,603101,汇嘉时代,0
2026-03-10,2026-03-11,1,000537,绿发电力,1
2026-03-11,2026-03-12,2,000537,绿发电力,1
2026-03-12,2026-03-13,3,000537,绿发电力,0
2026-03-24,2026-03-25,1,000537,绿发电力,0
2026-04-23,2026-04-24,1,000537,绿发电力,0
2026-08-10,2026-08-11,1,000537,绿发电力,0
2026-01-07,2026-01-08,1,603516,淳中科技,0
2026-04-08,2026-04-09,1,603516,淳中科技,0
2026-04-29,2026-04-30,1,603516,淳中科技,0
2026-06-04,2026-06-05,1,603516,淳中科技,0
2026-06-15,2026-06-16,1,603516,淳中科技,1
2026-06-16,2026-06-17,2,603516,淳中科技,0
2026-06-29,2026-06-30,1,603516,淳中科技,0
2026-07-14,2026-07-15,1,603516,淳中科技,0
2026-07-21,2026-07-22,1,603516,淳中科技,0
2026-03-13,2026-03-16,1,002382,蓝帆医疗,0
2026-07-15,2026-07-16,1,002382,蓝帆医疗,0
2026-03-27,2026-03-30,1,001313,粤海饲料,0
2026-05-13,2026-05-14,1,001313,粤海饲料,0
2026-05-20,2026-05-21,1,001313,粤海饲料,0
2026-07-01,2026-07-02,1,001313,粤海饲料,1
2026-07-02,2026-07-03,2,001313,粤海饲料,0
2026-08-12,2026-08-13,1,001313,粤海饲料,0
2026-08-03,2026-08-04,1,002695,煌上煌,0
2026-01-19,2026-01-20,1,002258,利尔化学,0
2026-06-22,2026-06-23,1,002258,利尔化学,0
2026-07-02,2026-07-03,1,002258,利尔化学,0
2026-07-30,2026-07-31,1,002258,利尔化学,0
2026-08-17,2026-08-18,1,002258,利尔化学,0
2026-01-14,2026-01-15,1,002004,华邦健康,0
2026-04-30,2026-05-06,1,603717,天域生物,0
2026-05-14,2026-05-15,1,603717,天域生物,0
2026-06-23,2026-06-24,1,603717,天域生物,0
2026-07-02,2026-07-03,1,603717,天域生物,1
2026-07-03,2026-07-06,2,603717,天域生物,0
2026-03-10,2026-03-11,1,002294,信立泰,0
2026-03-27,2026-03-30,1,002294,信立泰,0
2026-07-03,2026-07-06,1,002294,信立泰,0
2026-04-07,2026-04-08,1,000830,鲁西化工,0
2026-01-06,2026-01-07,1,600459,贵研铂业,0
2026-01-28,2026-01-29,1,600459,贵研铂业,0
2026-02-27,2026-03-02,1,600459,贵研铂业,0
2026-05-28,2026-05-29,1,600459,贵研铂业,0
2026-06-02,2026-06-03,1,600459,贵研铂业,0
2026-06-11,2026-06-12,1,600459,贵研铂业,0
2026-06-22,2026-06-23,1,600459,贵研铂业,0
2026-08-17,2026-08-18,1,600459,贵研铂业,0
2026-03-26,2026-03-27,1,601908,京运通,0
2026-03-31,2026-04-01,1,601908,京运通,0
2026-04-13,2026-04-14,1,601908,京运通,0
2026-04-29,2026-04-30,1,002832,比音勒芬,0
2026-02-09,2026-02-10,1,002309,中利集团,0
2026-03-20,2026-03-23,1,002309,中利集团,1
2026-03-23,2026-03-24,2,002309,中利集团,1
2026-03-24,2026-03-25,3,002309,中利集团,1
2026-03-25,2026-03-26,4,002309,中利集团,0
2026-03-30,2026-03-31,1,002309,中利集团,0
2026-04-02,2026-04-03,1,002309,中利集团,0
2026-04-20,2026-04-21,1,002309,中利集团,0
2026-05-14,2026-05-15,1,002309,中利集团,0
2026-07-15,2026-07-16,1,002309,中利集团,0
2026-07-27,2026-07-28,1,002309,中利集团,1
2026-07-28,2026-07-29,2,002309,中利集团,0
2026-01-23,2026-01-26,1,002780,三夫户外,0
2026-02-02,2026-02-03,1,002780,三夫户外,0
2026-09-16,2026-09-17,1,002780,三夫户外,0
2025-12-29,2025-12-30,1,605086,龙高股份,1
2025-12-30,2025-12-31,2,605086,龙高股份,0
2026-01-08,2026-01-09,1,605086,龙高股份,0
2026-05-08,2026-05-11,1,605086,龙高股份,0
2026-05-14,2026-05-15,1,605086,龙高股份,0
2026-06-18,2026-06-22,1,605086,龙高股份,0
2026-06-01,2026-06-02,1,002404,嘉欣丝绸,1
2026-06-02,2026-06-03,2,002404,嘉欣丝绸,0
2026-06-17,2026-06-18,1,002404,嘉欣丝绸,0
2025-12-26,2025-12-29,2,002347,泰尔股份,1
2025-12-29,2025-12-30,3,002347,泰尔股份,1
2025-12-30,2025-12-31,4,002347,泰尔股份,1
2025-12-31,2026-01-05,5,002347,泰尔股份,0
2026-06-29,2026-06-30,1,000521,长虹美菱,0
2026-07-01,2026-07-02,1,000521,长虹美菱,0
2026-01-06,2026-01-07,1,601068,中铝国际,0
2026-01-28,2026-01-29,1,601068,中铝国际,0
2026-02-25,2026-02-26,1,601068,中铝国际,0
2026-03-30,2026-03-31,1,601068,中铝国际,0
2025-12-31,2026-01-05,1,600879,航天电子,0
2026-01-06,2026-01-07,1,600879,航天电子,0
2026-01-08,2026-01-09,1,600879,航天电子,1
2026-01-09,2026-01-12,2,600879,航天电子,1
2026-01-12,2026-01-13,3,600879,航天电子,0
2026-01-23,2026-01-26,1,600879,航天电子,0
2026-07-10,2026-07-13,1,600879,航天电子,0
2026-04-01,2026-04-02,1,002940,昂利康,0
2026-04-16,2026-04-17,1,002940,昂利康,1
2026-04-17,2026-04-20,2,002940,昂利康,0
2026-05-13,2026-05-14,1,002940,昂利康,1
2026-05-14,2026-05-15,2,002940,昂利康,0
2026-05-21,2026-05-22,1,002940,昂利康,0
2026-07-01,2026-07-02,1,002940,昂利康,0
2026-07-15,2026-07-16,1,002940,昂利康,0
2026-08-20,2026-08-21,1,002940,昂利康,0
2026-02-03,2026-02-04,1,000856,冀东装备,0
2026-04-29,2026-04-30,1,002867,周大生,0
2026-02-26,2026-02-27,1,002463,沪电股份,0
2026-04-08,2026-04-09,1,002463,沪电股份,0
2026-04-14,2026-04-15,1,002463,沪电股份,0
2026-05-22,2026-05-25,1,002463,沪电股份,0
2026-07-14,2026-07-15,1,002463,沪电股份,0
2026-08-04,2026-08-05,1,002463,沪电股份,0
2026-09-07,2026-09-08,1,002463,沪电股份,0
2026-01-08,2026-01-09,1,002510,天汽模,0
2026-02-13,2026-02-24,1,002510,天汽模,0
2026-05-22,2026-05-25,1,600160,巨化股份,0
2026-06-01,2026-06-02,1,600160,巨化股份,0
2026-06-15,2026-06-16,1,600160,巨化股份,0
2026-06-22,2026-06-23,1,600160,巨化股份,0
2026-01-06,2026-01-07,1,000629,钒钛股份,0
2026-01-26,2026-01-27,1,000629,钒钛股份,0
2026-01-23,2026-01-26,1,603806,福斯特,0
2026-02-03,2026-02-04,1,603806,福斯特,0
2026-04-08,2026-04-09,1,603806,福斯特,0
2026-05-22,2026-05-25,1,603806,福斯特,0
2026-06-15,2026-06-16,1,603806,福斯特,0
2026-07-14,2026-07-15,1,603806,福斯特,0
2026-02-10,2026-02-11,1,002739,儒意电影,0
2026-07-15,2026-07-16,1,002739,儒意电影,1
2026-07-16,2026-07-17,2,002739,儒意电影,0
2026-08-10,2026-08-11,1,002739,儒意电影,0
2025-12-29,2025-12-30,1,002177,御银股份,1
2025-12-30,2025-12-31,2,002177,御银股份,1
2025-12-31,2026-01-05,3,002177,御银股份,0
2026-01-06,2026-01-07,1,002177,御银股份,0
2026-02-27,2026-03-02,1,002177,御银股份,0
2026-03-11,2026-03-12,1,002177,御银股份,0
2026-04-10,2026-04-13,1,002177,御银股份,0
2026-06-18,2026-06-22,1,001296,长江材料,1
2026-06-22,2026-06-23,2,001296,长江材料,0
2026-08-07,2026-08-10,1,001296,长江材料,0
2026-09-07,2026-09-08,1,001296,长江材料,0
2025-12-26,2025-12-29,1,002326,永太科技,0
2026-07-01,2026-07-02,1,002326,永太科技,0
2026-01-14,2026-01-15,1,002054,德美化工,0
2026-01-27,2026-01-28,1,002054,德美化工,0
2026-02-06,2026-02-09,1,002054,德美化工,1
2026-02-09,2026-02-10,2,002054,德美化工,0
2026-04-28,2026-04-29,1,600248,陕建股份,0
2026-06-25,2026-06-26,1,603690,至纯科技,0
2026-07-24,2026-07-27,1,603690,至纯科技,1
2026-07-27,2026-07-28,2,603690,至纯科技,0
2026-08-12,2026-08-13,1,603690,至纯科技,0
2026-04-27,2026-04-28,1,603726,朗迪集团,0
2026-04-30,2026-05-06,1,603726,朗迪集团,0
2026-05-18,2026-05-19,1,603726,朗迪集团,0
2026-06-15,2026-06-16,1,603726,朗迪集团,0
2026-06-29,2026-06-30,1,603726,朗迪集团,0
2026-07-03,2026-07-06,1,603726,朗迪集团,0
2026-07-09,2026-07-10,1,603726,朗迪集团,0
2026-07-24,2026-07-27,1,603726,朗迪集团,0
2026-01-06,2026-01-07,1,600618,氯碱化工,0
2026-01-29,2026-01-30,1,605080,浙江自然,0
2026-08-20,2026-08-21,1,605080,浙江自然,0
2026-04-07,2026-04-08,1,600623,华谊集团,0
2026-04-28,2026-04-29,1,600623,华谊集团,0
2026-02-06,2026-02-09,1,600063,皖维高新,0
2026-04-07,2026-04-08,1,600063,皖维高新,0
2026-05-28,2026-05-29,1,600063,皖维高新,0
2026-06-05,2026-06-08,1,600063,皖维高新,0
2026-05-14,2026-05-15,1,600819,耀皮玻璃,0
2026-06-05,2026-06-08,1,600819,耀皮玻璃,0
2026-06-30,2026-07-01,1,600819,耀皮玻璃,0
2026-01-22,2026-01-23,1,000407,胜利股份,0
2026-03-03,2026-03-04,1,000407,胜利股份,0
2026-01-26,2026-01-27,1,002030,达安基因,1
2026-01-27,2026-01-28,2,002030,达安基因,0
2026-05-08,2026-05-11,1,002030,达安基因,1
2026-05-11,2026-05-12,2,002030,达安基因,0
2026-05-18,2026-05-19,1,002030,达安基因,0
2026-08-20,2026-08-21,1,002030,达安基因,0
2026-07-01,2026-07-02,1,600658,电子城,0
2026-01-15,2026-01-16,2,002554,惠博普,0
2026-01-21,2026-01-22,1,002554,惠博普,0
2026-02-24,2026-02-25,1,002554,惠博普,0
2026-03-02,2026-03-03,1,002554,惠博普,1
2026-03-03,2026-03-04,2,002554,惠博普,0
2026-01-13,2026-01-14,1,001330,博纳影业,0
2026-02-09,2026-02-10,1,001330,博纳影业,1
2026-02-10,2026-02-11,2,001330,博纳影业,0
2026-04-17,2026-04-20,1,001330,博纳影业,0
2026-06-12,2026-06-15,1,001330,博纳影业,0
2026-06-25,2026-06-26,1,001330,博纳影业,0
2026-08-31,2026-09-01,1,001330,博纳影业,1
2026-09-01,2026-09-02,2,001330,博纳影业,0
2026-09-07,2026-09-08,1,001330,博纳影业,0
2026-01-26,2026-01-27,1,601020,华钰矿业,0
2026-06-16,2026-06-17,1,601020,华钰矿业,0
2026-06-22,2026-06-23,1,601020,华钰矿业,0
2026-08-10,2026-08-11,1,601020,华钰矿业,0
2026-02-25,2026-02-26,1,000661,长春高新,0
2026-01-29,2026-01-30,1,603919,金徽酒,0
2026-02-02,2026-02-03,1,603919,金徽酒,0
2026-05-20,2026-05-21,1,603919,金徽酒,0
2026-05-25,2026-05-26,1,603919,金徽酒,0
2026-07-30,2026-07-31,1,603919,金徽酒,0
2026-04-21,2026-04-22,1,600699,均胜电子,0
2026-09-17,2026-09-18,1,600699,均胜电子,0
2026-03-05,2026-03-06,1,600516,方大炭素,0
2026-06-03,2026-06-04,1,600516,方大炭素,0
2026-06-05,2026-06-08,1,600516,方大炭素,0
2026-06-25,2026-06-26,1,600516,方大炭素,0
2026-05-28,2026-05-29,1,000063,中兴通讯,0
2026-04-23,2026-04-24,1,603060,国检集团,1
2026-04-24,2026-04-27,2,603060,国检集团,0
2026-05-18,2026-05-19,1,603060,国检集团,0
2026-05-29,2026-06-01,1,603060,国检集团,0
2026-06-05,2026-06-08,1,001256,炜冈科技,0
2026-06-15,2026-06-16,1,001256,炜冈科技,0
2026-07-01,2026-07-02,1,001256,炜冈科技,0
2025-12-24,2025-12-25,1,603311,金海高科,0
2026-01-21,2026-01-22,1,603311,金海高科,0
2026-03-18,2026-03-19,1,603311,金海高科,0
2026-04-08,2026-04-09,1,603311,金海高科,0
2026-05-18,2026-05-19,2,603311,金海高科,1
2026-05-19,2026-05-20,3,603311,金海高科,0
2026-06-02,2026-06-03,1,603311,金海高科,1
2026-06-03,2026-06-04,2,603311,金海高科,0
2026-07-21,2026-07-22,1,603311,金海高科,0
2026-09-07,2026-09-08,1,603311,金海高科,0
2026-01-12,2026-01-13,1,600586,金晶科技,0
2026-01-23,2026-01-26,1,600586,金晶科技,0
2026-02-03,2026-02-04,1,600586,金晶科技,0
2026-02-09,2026-02-10,1,600586,金晶科技,0
2026-06-05,2026-06-08,1,600586,金晶科技,0
2026-04-28,2026-04-29,1,601177,杭齿前进,0
2026-07-03,2026-07-06,1,601177,杭齿前进,0
2026-08-21,2026-08-24,1,601177,杭齿前进,0
2026-01-09,2026-01-12,1,600676,久事动娱,1
2026-01-12,2026-01-13,2,600676,久事动娱,1
2026-01-13,2026-01-14,3,600676,久事动娱,1
2026-01-14,2026-01-15,4,600676,久事动娱,0
2026-01-21,2026-01-22,1,600676,久事动娱,0
2026-03-06,2026-03-09,1,600676,久事动娱,0
2026-05-18,2026-05-19,1,600676,久事动娱,0
2026-06-17,2026-06-18,1,600676,久事动娱,0
2025-12-26,2025-12-29,1,000036,华联控股,0
2026-01-21,2026-01-22,1,000036,华联控股,1
2026-01-22,2026-01-23,2,000036,华联控股,0
2026-02-25,2026-02-26,1,000036,华联控股,0
2026-05-08,2026-05-11,1,000036,华联控股,0
2026-07-14,2026-07-15,1,000036,华联控股,0
2026-05-25,2026-05-26,1,000966,长源电力,0
2026-03-03,2026-03-04,1,605368,蓝天燃气,0
2026-05-13,2026-05-14,1,600578,京能电力,1
2026-05-14,2026-05-15,2,600578,京能电力,1
2026-05-15,2026-05-18,3,600578,京能电力,1
2026-05-18,2026-05-19,4,600578,京能电力,0
2026-05-21,2026-05-22,1,600578,京能电力,0
2026-05-25,2026-05-26,1,600578,京能电力,0
2026-06-03,2026-06-04,1,600578,京能电力,0
2026-06-15,2026-06-16,1,600578,京能电力,0
2026-07-20,2026-07-21,1,600578,京能电力,0
2026-07-29,2026-07-30,1,600578,京能电力,0
2026-08-13,2026-08-14,1,600578,京能电力,0
2026-03-02,2026-03-03,1,000096,广聚能源,1
2026-03-03,2026-03-04,2,000096,广聚能源,0
2026-03-05,2026-03-06,1,002449,国星光电,0
2026-04-08,2026-04-09,1,002449,国星光电,0
2026-06-16,2026-06-17,1,002449,国星光电,0
2026-08-21,2026-08-24,1,002449,国星光电,0
2026-02-25,2026-02-26,1,000899,赣能股份,1
2026-02-26,2026-02-27,2,000899,赣能股份,1
2026-02-27,2026-03-02,3,000899,赣能股份,0
2026-03-11,2026-03-12,1,000899,赣能股份,0
2026-05-19,2026-05-20,1,000899,赣能股份,0
2026-05-28,2026-05-29,1,000899,赣能股份,0
2026-07-17,2026-07-20,1,000899,赣能股份,1
2026-07-20,2026-07-21,2,000899,赣能股份,0
2026-01-23,2026-01-26,1,002993,奥海科技,0
2026-03-10,2026-03-11,1,002993,奥海科技,0
2026-05-13,2026-05-14,1,002993,奥海科技,0
2026-05-22,2026-05-25,1,002993,奥海科技,0
2026-06-09,2026-06-10,1,002993,奥海科技,0
2026-06-16,2026-06-17,1,002993,奥海科技,0
2026-04-16,2026-04-17,1,000570,苏常柴Ａ,0
2026-01-09,2026-01-12,1,002278,神开股份,0
2026-02-04,2026-02-05,1,002278,神开股份,0
2026-03-16,2026-03-17,1,002278,神开股份,0
2026-01-09,2026-01-12,1,002838,道恩股份,0
2026-01-21,2026-01-22,1,002838,道恩股份,0
2026-07-14,2026-07-15,1,002838,道恩股份,0
2026-08-17,2026-08-18,1,002838,道恩股份,0
2026-05-13,2026-05-14,1,603290,斯达半导,0
2026-06-30,2026-07-01,1,603290,斯达半导,0
2026-08-19,2026-08-20,1,603290,斯达半导,0
2026-01-14,2026-01-15,1,603829,洛凯股份,0
2026-02-09,2026-02-10,1,603829,洛凯股份,0
2026-03-25,2026-03-26,1,603829,洛凯股份,0
2025-12-29,2025-12-30,1,603876,鼎胜新材,0
2026-01-29,2026-01-30,1,603876,鼎胜新材,0
2026-02-06,2026-02-09,1,603876,鼎胜新材,0
2026-04-24,2026-04-27,1,603876,鼎胜新材,0
2026-07-23,2026-07-24,1,603876,鼎胜新材,0
2026-02-25,2026-02-26,1,002949,华阳国际,0
2026-08-25,2026-08-26,1,002949,华阳国际,1
2026-08-26,2026-08-27,2,002949,华阳国际,0
2026-08-28,2026-08-31,1,002949,华阳国际,0
2026-09-04,2026-09-07,1,002949,华阳国际,0
2026-02-09,2026-02-10,1,603191,望变电气,0
2026-02-12,2026-02-13,1,603191,望变电气,0
2026-05-18,2026-05-19,1,603191,望变电气,0
2026-06-16,2026-06-17,1,603191,望变电气,0
2026-07-23,2026-07-24,1,603191,望变电气,0
2026-08-12,2026-08-13,1,603191,望变电气,1
2026-08-13,2026-08-14,2,603191,望变电气,0
2026-01-12,2026-01-13,1,600152,维科技术,0
2026-03-16,2026-03-17,1,600152,维科技术,0
2026-03-25,2026-03-26,1,600152,维科技术,0
2026-04-13,2026-04-14,1,600152,维科技术,1
2026-04-14,2026-04-15,2,600152,维科技术,0
2026-04-17,2026-04-20,1,600152,维科技术,0
2026-04-24,2026-04-27,1,600152,维科技术,1
2026-04-27,2026-04-28,2,600152,维科技术,1
2026-04-28,2026-04-29,3,600152,维科技术,0
2026-06-01,2026-06-02,1,600152,维科技术,0
2026-06-25,2026-06-26,1,600152,维科技术,0
2026-06-24,2026-06-25,1,002550,千红制药,0
2026-07-01,2026-07-02,1,002550,千红制药,0
2026-03-04,2026-03-05,1,603316,诚邦股份,0
2026-03-06,2026-03-09,1,603316,诚邦股份,0
2026-03-18,2026-03-19,1,603316,诚邦股份,0
2026-05-06,2026-05-07,1,603316,诚邦股份,1
2026-05-07,2026-05-08,2,603316,诚邦股份,0
2026-05-18,2026-05-19,1,603316,诚邦股份,1
2026-05-19,2026-05-20,2,603316,诚邦股份,1
2026-05-20,2026-05-21,3,603316,诚邦股份,1
2026-05-21,2026-05-22,4,603316,诚邦股份,0
2026-07-31,2026-08-03,1,603316,诚邦股份,0
2026-09-10,2026-09-11,1,603316,诚邦股份,0
2026-09-18,2026-09-21,1,603316,诚邦股份,1
2026-09-21,2026-09-22,2,603316,诚邦股份,0
2026-07-03,2026-07-06,1,002249,大洋电机,0
2026-06-12,2026-06-15,1,600862,中航高科,0
2026-06-12,2026-06-15,1,600906,财达证券,0
2026-04-10,2026-04-13,1,600480,凌云股份,0
2026-05-08,2026-05-11,1,600480,凌云股份,0
2026-07-02,2026-07-03,1,600480,凌云股份,0
2026-04-01,2026-04-02,1,603193,润本生物技术股份,0
2026-06-01,2026-06-02,1,603193,润本生物技术股份,0
2025-12-29,2025-12-30,1,002465,海格通信,0
2026-01-05,2026-01-06,1,002465,海格通信,1
2026-01-06,2026-01-07,2,002465,海格通信,0
2026-01-12,2026-01-13,1,002465,海格通信,1
2026-01-13,2026-01-14,2,002465,海格通信,1
2026-01-14,2026-01-15,3,002465,海格通信,0
2026-08-18,2026-08-19,1,000998,隆平高科,0
2026-09-01,2026-09-02,1,000998,隆平高科,0
2026-06-29,2026-06-30,1,002255,海陆重工,0
2026-08-12,2026-08-13,1,600216,浙江医药,0
2026-05-28,2026-05-29,1,603977,国泰集团,0
2026-06-26,2026-06-29,1,603977,国泰集团,0
2026-02-24,2026-02-25,1,600141,兴发集团,0
2026-06-11,2026-06-12,1,600141,兴发集团,0
2026-06-24,2026-06-25,1,600141,兴发集团,1
2026-06-25,2026-06-26,2,600141,兴发集团,0
2026-01-19,2026-01-20,1,600268,国电南自,0
2026-03-09,2026-03-10,1,600268,国电南自,0
2026-03-27,2026-03-30,1,600268,国电南自,0
2026-07-23,2026-07-24,1,600268,国电南自,0
2026-06-05,2026-06-08,1,002960,青鸟智控,0
2026-06-10,2026-06-11,1,002960,青鸟智控,0
2026-01-21,2026-01-22,1,605299,舒华体育,0
2026-03-16,2026-03-17,1,605299,舒华体育,0
2026-03-20,2026-03-23,1,605299,舒华体育,0
2026-03-24,2026-03-25,1,605299,舒华体育,1
2026-03-25,2026-03-26,2,605299,舒华体育,0
2026-03-27,2026-03-30,1,605299,舒华体育,0
2026-03-31,2026-04-01,1,605299,舒华体育,0
2026-04-07,2026-04-08,1,605299,舒华体育,0
2026-04-20,2026-04-21,1,605299,舒华体育,0
2026-04-30,2026-05-06,1,605299,舒华体育,0
2026-07-23,2026-07-24,1,605299,舒华体育,0
2026-01-14,2026-01-15,1,600724,宁波富达,0
2026-03-30,2026-03-31,1,600724,宁波富达,0
2026-04-01,2026-04-02,1,600724,宁波富达,0
2026-05-08,2026-05-11,1,600724,宁波富达,0
2026-07-01,2026-07-02,1,600724,宁波富达,0
2025-12-29,2025-12-30,1,605090,九丰能源,0
2026-05-11,2026-05-12,1,605090,九丰能源,0
2026-07-10,2026-07-13,1,605090,九丰能源,1
2026-07-13,2026-07-14,2,605090,九丰能源,0
2026-01-15,2026-01-16,1,002546,新联电子,0
2026-01-19,2026-01-20,1,002546,新联电子,1
2026-01-20,2026-01-21,2,002546,新联电子,0
2026-02-26,2026-02-27,1,002546,新联电子,0
2026-06-22,2026-06-23,1,002546,新联电子,0
2026-07-08,2026-07-09,1,002546,新联电子,0
2026-07-23,2026-07-24,1,002546,新联电子,0
2026-03-03,2026-03-04,1,603053,成都燃气,0
2026-04-22,2026-04-23,1,600052,东望时代,1
2026-04-23,2026-04-24,2,600052,东望时代,0
2026-04-30,2026-05-06,1,600052,东望时代,0
2026-06-16,2026-06-17,1,600052,东望时代,0
2026-01-05,2026-01-06,1,603052,可川科技,0
2026-01-07,2026-01-08,1,603052,可川科技,0
2026-01-16,2026-01-19,1,603052,可川科技,0
2026-01-21,2026-01-22,1,603052,可川科技,0
2026-01-27,2026-01-28,1,603052,可川科技,1
2026-01-28,2026-01-29,2,603052,可川科技,0
2026-03-16,2026-03-17,1,603052,可川科技,0
2026-03-18,2026-03-19,1,603052,可川科技,0
2026-03-25,2026-03-26,1,603052,可川科技,0
2026-04-16,2026-04-17,1,603052,可川科技,1
2026-04-17,2026-04-20,2,603052,可川科技,1
2026-04-20,2026-04-21,3,603052,可川科技,0
2026-05-12,2026-05-13,1,603052,可川科技,1
2026-05-13,2026-05-14,2,603052,可川科技,1
2026-05-14,2026-05-15,3,603052,可川科技,0
2026-06-15,2026-06-16,1,603052,可川科技,0
2026-08-12,2026-08-13,1,603052,可川科技,0
2026-08-21,2026-08-24,1,603052,可川科技,0
2026-09-16,2026-09-17,1,603052,可川科技,0
2026-01-22,2026-01-23,1,000927,中国铁物,0
2026-03-25,2026-03-26,1,000927,中国铁物,1
2026-03-26,2026-03-27,2,000927,中国铁物,0
2026-03-31,2026-04-01,1,000927,中国铁物,0
2026-01-21,2026-01-22,1,001203,大中矿业,0
2026-01-23,2026-01-26,1,001203,大中矿业,0
2026-02-25,2026-02-26,1,001203,大中矿业,0
2026-03-24,2026-03-25,1,001203,大中矿业,0
2026-04-13,2026-04-14,1,001203,大中矿业,0
2026-04-16,2026-04-17,1,001203,大中矿业,0
2026-04-29,2026-04-30,1,001203,大中矿业,0
2026-03-25,2026-03-26,1,003043,华亚智能,0
2026-06-04,2026-06-05,1,003043,华亚智能,0
2026-06-09,2026-06-10,1,003043,华亚智能,1
2026-06-10,2026-06-11,2,003043,华亚智能,0
2026-06-24,2026-06-25,1,003043,华亚智能,0
2026-06-29,2026-06-30,1,003043,华亚智能,1
2026-06-30,2026-07-01,2,003043,华亚智能,0
2026-08-10,2026-08-11,1,003043,华亚智能,0
2026-08-18,2026-08-19,1,003043,华亚智能,0
2026-04-02,2026-04-03,1,603477,巨星农牧,0
2026-06-29,2026-06-30,1,603477,巨星农牧,0
2026-07-06,2026-07-07,1,603477,巨星农牧,0
2026-01-15,2026-01-16,1,601366,利群股份,0
2026-08-17,2026-08-18,1,601366,利群股份,0
2026-01-19,2026-01-20,1,002270,华明装备,0
2026-02-11,2026-02-12,1,002270,华明装备,0
2026-06-12,2026-06-15,1,002270,华明装备,0
2026-07-03,2026-07-06,1,002270,华明装备,0
2026-07-27,2026-07-28,1,002270,华明装备,0
2026-01-06,2026-01-07,1,000008,神州高铁,0
2026-03-30,2026-03-31,1,000008,神州高铁,1
2026-03-31,2026-04-01,2,000008,神州高铁,0
2026-07-14,2026-07-15,1,000008,神州高铁,0
2026-06-26,2026-06-29,1,603928,兴业股份,1
2026-06-29,2026-06-30,2,603928,兴业股份,1
2026-06-30,2026-07-01,3,603928,兴业股份,0
2026-07-02,2026-07-03,1,603928,兴业股份,0
2026-07-08,2026-07-09,1,603928,兴业股份,1
2026-07-09,2026-07-10,2,603928,兴业股份,0
2026-07-28,2026-07-29,1,603928,兴业股份,0
2026-08-05,2026-08-06,1,603928,兴业股份,0
2026-04-23,2026-04-24,1,002793,罗欣药业,0
2026-07-06,2026-07-07,1,002793,罗欣药业,0
2026-07-22,2026-07-23,1,002793,罗欣药业,0
2026-08-04,2026-08-05,1,002793,罗欣药业,0
2026-03-27,2026-03-30,1,002386,天原股份,0
2026-06-22,2026-06-23,1,002386,天原股份,0
2026-03-06,2026-03-09,1,601868,中国能建,0
2026-03-11,2026-03-12,1,601868,中国能建,1
2026-03-12,2026-03-13,2,601868,中国能建,0
2026-05-07,2026-05-08,1,601868,中国能建,0
2026-07-01,2026-07-02,1,600885,宏发股份,0
2026-02-11,2026-02-12,1,601121,宝地矿业,0
2026-07-07,2026-07-08,1,601121,宝地矿业,0
2026-07-01,2026-07-02,1,000876,新 希 望,0
2026-09-04,2026-09-07,1,000876,新 希 望,0
2026-05-27,2026-05-28,1,000608,阳光股份,0
2026-05-29,2026-06-01,1,000608,阳光股份,0
2026-06-05,2026-06-08,1,000608,阳光股份,0
2026-06-09,2026-06-10,1,000608,阳光股份,0
2026-06-16,2026-06-17,1,000608,阳光股份,0
2026-06-18,2026-06-22,1,000608,阳光股份,0
2026-07-23,2026-07-24,1,000608,阳光股份,0
2026-08-03,2026-08-04,1,000608,阳光股份,0
2026-07-01,2026-07-02,1,002232,启明信息,0
2026-09-14,2026-09-15,1,002232,启明信息,1
2026-09-15,2026-09-16,2,002232,启明信息,0
2026-06-01,2026-06-02,1,002955,鸿合科技,0
2026-06-30,2026-07-01,1,002955,鸿合科技,0
2026-09-01,2026-09-02,1,002955,鸿合科技,0
2025-12-26,2025-12-29,1,001309,德明利,0
2026-03-04,2026-03-05,1,001309,德明利,0
2026-03-16,2026-03-17,1,001309,德明利,0
2026-04-10,2026-04-13,1,001309,德明利,0
2026-05-06,2026-05-07,1,001309,德明利,0
2026-05-13,2026-05-14,1,001309,德明利,0
2026-06-04,2026-06-05,1,001309,德明利,0
2026-06-25,2026-06-26,1,001309,德明利,0
2026-07-30,2026-07-31,1,001309,德明利,0
2026-08-27,2026-08-28,1,001309,德明利,0
2025-12-30,2025-12-31,1,000703,恒逸石化,0
2026-03-05,2026-03-06,1,000703,恒逸石化,0
2026-03-23,2026-03-24,1,000703,恒逸石化,0
2026-04-07,2026-04-08,1,000703,恒逸石化,0
2026-07-14,2026-07-15,1,000703,恒逸石化,0
2026-04-28,2026-04-29,1,001358,兴欣新材,0
2026-06-30,2026-07-01,1,001358,兴欣新材,0
2026-07-27,2026-07-28,1,001358,兴欣新材,1
2026-07-28,2026-07-29,2,001358,兴欣新材,1
2026-07-29,2026-07-30,3,001358,兴欣新材,0
2026-08-17,2026-08-18,1,001358,兴欣新材,0
2026-05-11,2026-05-12,1,603275,上海众辰科技,0
2026-05-26,2026-05-27,1,002251,步步高,1
2026-05-27,2026-05-28,2,002251,步步高,0
2026-05-29,2026-06-01,1,002251,步步高,0
2026-06-05,2026-06-08,1,002251,步步高,0
2025-12-26,2025-12-29,2,000777,中核科技,0
2026-06-15,2026-06-16,1,000777,中核科技,1
2026-06-16,2026-06-17,2,000777,中核科技,1
2026-06-17,2026-06-18,3,000777,中核科技,0
2026-06-29,2026-06-30,1,000777,中核科技,0
2026-02-12,2026-02-13,1,002518,科士达,0
2026-05-13,2026-05-14,1,002518,科士达,0
2026-06-25,2026-06-26,1,002518,科士达,0
2026-06-30,2026-07-01,1,002518,科士达,0
2026-03-18,2026-03-19,1,603098,森特股份,0
2025-12-30,2025-12-31,1,603009,北特科技,0
2026-07-31,2026-08-03,1,603009,北特科技,0
2026-08-11,2026-08-12,1,603009,北特科技,0
2026-09-07,2026-09-08,1,603009,北特科技,0
2026-09-17,2026-09-18,1,603009,北特科技,0
2026-01-29,2026-01-30,1,603369,今世缘,0
2026-08-12,2026-08-13,1,603369,今世缘,0
2026-04-16,2026-04-17,1,002062,宏润建设,0
2026-06-01,2026-06-02,1,002062,宏润建设,0
2026-07-15,2026-07-16,1,002062,宏润建设,0
2026-02-10,2026-02-11,1,002302,西部建设,0
2026-08-06,2026-08-07,1,002302,西部建设,0
2026-01-29,2026-01-30,1,000860,顺鑫农业,0
2026-07-07,2026-07-08,1,600120,浙江东方,0
2026-08-31,2026-09-01,1,002098,浔兴股份,0
2025-12-31,2026-01-05,1,603331,百达精工,0
2026-01-26,2026-01-27,1,603331,百达精工,0
2026-01-30,2026-02-02,1,603331,百达精工,0
2026-02-06,2026-02-09,1,603331,百达精工,0
2026-02-13,2026-02-24,1,603331,百达精工,0
2026-05-12,2026-05-13,1,603331,百达精工,0
2026-07-23,2026-07-24,1,603331,百达精工,0
2026-01-16,2026-01-19,1,600703,三安光电,0
2026-03-05,2026-03-06,1,600703,三安光电,0
2026-03-12,2026-03-13,1,600703,三安光电,0
2026-04-17,2026-04-20,1,600703,三安光电,0
2026-04-22,2026-04-23,1,600703,三安光电,0
2026-06-04,2026-06-05,1,600703,三安光电,0
2026-06-15,2026-06-16,1,600703,三安光电,1
2026-06-16,2026-06-17,2,600703,三安光电,0
2026-06-22,2026-06-23,1,600703,三安光电,0
2026-06-24,2026-06-25,1,600703,三安光电,0
2026-09-03,2026-09-04,1,600703,三安光电,0
2026-04-03,2026-04-07,1,605133,嵘泰股份,0
2026-06-30,2026-07-01,1,605133,嵘泰股份,0
2026-07-14,2026-07-15,1,605133,嵘泰股份,0
2026-07-21,2026-07-22,1,605133,嵘泰股份,0
2026-01-28,2026-01-29,1,605599,菜百股份,0
2026-02-03,2026-02-04,1,605599,菜百股份,0
2026-02-05,2026-02-06,1,603630,拉芳家化,0
2026-06-23,2026-06-24,1,603630,拉芳家化,0
2026-07-27,2026-07-28,1,603630,拉芳家化,0
2026-03-10,2026-03-11,1,603949,雪龙集团,0
2026-04-01,2026-04-02,1,603949,雪龙集团,0
2026-06-16,2026-06-17,1,603949,雪龙集团,0
2026-02-03,2026-02-04,1,600984,建设机械,0
2026-02-13,2026-02-24,1,600984,建设机械,0
2026-04-08,2026-04-09,1,600984,建设机械,0
2026-05-08,2026-05-11,1,600984,建设机械,0
2026-07-23,2026-07-24,1,600984,建设机械,1
2026-07-24,2026-07-27,2,600984,建设机械,0
2026-08-25,2026-08-26,2,600984,建设机械,0
2026-03-05,2026-03-06,1,000920,沃顿科技,0
2026-05-28,2026-05-29,1,000920,沃顿科技,0
2026-06-09,2026-06-10,1,000920,沃顿科技,0
2026-06-29,2026-06-30,1,000920,沃顿科技,0
2026-07-10,2026-07-13,1,000920,沃顿科技,1
2026-07-13,2026-07-14,2,000920,沃顿科技,0
2026-07-16,2026-07-17,1,000920,沃顿科技,0
2026-09-17,2026-09-18,1,000920,沃顿科技,0
2026-01-16,2026-01-19,1,600841,动力新科,0
2026-01-21,2026-01-22,1,600841,动力新科,0
2026-02-09,2026-02-10,1,600841,动力新科,0
2026-02-26,2026-02-27,1,600841,动力新科,0
2026-04-08,2026-04-09,1,600841,动力新科,0
2026-06-01,2026-06-02,1,600841,动力新科,0
2026-07-03,2026-07-06,1,600841,动力新科,0
2026-01-22,2026-01-23,1,002283,天润工业,0
2026-02-24,2026-02-25,1,002283,天润工业,0
2026-02-26,2026-02-27,1,002283,天润工业,0
2026-05-06,2026-05-07,1,002283,天润工业,0
2026-06-18,2026-06-22,1,002283,天润工业,0
2026-07-03,2026-07-06,1,002283,天润工业,0
2026-02-09,2026-02-10,1,002438,江苏神通,0
2026-03-13,2026-03-16,1,002438,江苏神通,0
2026-05-25,2026-05-26,1,002438,江苏神通,0
2026-08-03,2026-08-04,1,002438,江苏神通,0
2026-05-12,2026-05-13,1,002190,成飞集成,0
2026-06-12,2026-06-15,1,002190,成飞集成,0
2026-08-27,2026-08-28,1,002190,成飞集成,0
2026-08-19,2026-08-20,1,000059,华锦股份,0
2026-08-28,2026-08-31,1,000059,华锦股份,0
2026-09-08,2026-09-09,1,000059,华锦股份,0
2026-03-25,2026-03-26,1,600251,冠农股份,0
2026-08-28,2026-08-31,1,600251,冠农股份,0
2026-01-19,2026-01-20,1,605488,福莱新材,0
2026-01-22,2026-01-23,1,605488,福莱新材,0
2026-02-06,2026-02-09,1,605488,福莱新材,0
2026-05-19,2026-05-20,1,605488,福莱新材,0
2026-07-01,2026-07-02,1,605488,福莱新材,1
2026-07-02,2026-07-03,2,605488,福莱新材,0
2026-08-03,2026-08-04,1,605488,福莱新材,0
2026-09-07,2026-09-08,1,605488,福莱新材,0
2026-01-09,2026-01-12,1,600133,东湖高新,0
2026-01-14,2026-01-15,1,600133,东湖高新,0
2026-04-07,2026-04-08,1,000652,泰达股份,0
2026-01-16,2026-01-19,1,603058,永吉股份,0
2026-01-21,2026-01-22,1,603058,永吉股份,0
2026-02-10,2026-02-11,1,603058,永吉股份,0
2026-03-05,2026-03-06,1,603058,永吉股份,0
2026-08-04,2026-08-05,1,603058,永吉股份,0
2026-08-31,2026-09-01,1,603058,永吉股份,0
2026-04-09,2026-04-10,1,002039,黔源电力,0
2026-02-11,2026-02-12,1,600176,中国巨石,0
2026-02-24,2026-02-25,1,600176,中国巨石,0
2026-04-13,2026-04-14,1,600176,中国巨石,0
2026-05-28,2026-05-29,1,600176,中国巨石,0
2026-06-09,2026-06-10,1,600176,中国巨石,0
2026-06-15,2026-06-16,1,600176,中国巨石,0
2026-06-17,2026-06-18,1,600176,中国巨石,0
2026-06-24,2026-06-25,1,600176,中国巨石,0
2026-07-27,2026-07-28,1,600176,中国巨石,0
2026-08-18,2026-08-19,1,002553,南方精工,0
2026-01-06,2026-01-07,1,600936,北投科技,0
2026-05-07,2026-05-08,1,600936,北投科技,1
2026-05-08,2026-05-11,2,600936,北投科技,0
2026-05-19,2026-05-20,1,600936,北投科技,0
2026-05-21,2026-05-22,1,600936,北投科技,0
2026-06-02,2026-06-03,1,600936,北投科技,1
2026-06-03,2026-06-04,2,600936,北投科技,0
2026-08-03,2026-08-04,1,600936,北投科技,0
2026-08-10,2026-08-11,1,600936,北投科技,0
2026-08-25,2026-08-26,1,600936,北投科技,0
2025-12-29,2025-12-30,1,002202,金风科技,0
2026-01-06,2026-01-07,1,002202,金风科技,1
2026-01-07,2026-01-08,2,002202,金风科技,1
2026-01-08,2026-01-09,3,002202,金风科技,1
2026-01-09,2026-01-12,4,002202,金风科技,1
2026-01-12,2026-01-13,5,002202,金风科技,0
2026-01-23,2026-01-26,1,002202,金风科技,0
2026-06-30,2026-07-01,1,002202,金风科技,0
2026-07-10,2026-07-13,1,002202,金风科技,0
2026-03-24,2026-03-25,1,000065,北方国际,0
2026-08-24,2026-08-25,1,000065,北方国际,0
2026-06-11,2026-06-12,1,002549,凯美特气,0
2026-06-23,2026-06-24,1,002549,凯美特气,0
2026-06-29,2026-06-30,1,002549,凯美特气,0
2026-07-13,2026-07-14,1,002549,凯美特气,0
2026-01-13,2026-01-14,1,600170,上海建工,0
2026-01-28,2026-01-29,1,600170,上海建工,0
2025-12-30,2025-12-31,1,600552,凯盛科技,0
2026-01-12,2026-01-13,1,600552,凯盛科技,0
2026-01-23,2026-01-26,1,600552,凯盛科技,0
2026-04-17,2026-04-20,1,600552,凯盛科技,0
2026-06-05,2026-06-08,1,600552,凯盛科技,0
2026-06-17,2026-06-18,1,600552,凯盛科技,0
2026-06-22,2026-06-23,1,600552,凯盛科技,0
2026-06-26,2026-06-29,1,600552,凯盛科技,0
2026-07-21,2026-07-22,1,600552,凯盛科技,0
2026-01-05,2026-01-06,1,000952,广济药业,0
2026-04-27,2026-04-28,1,000952,广济药业,0
2026-08-21,2026-08-24,1,600577,精达股份,0
2026-09-18,2026-09-21,1,600577,精达股份,0
2025-12-30,2025-12-31,1,000411,英特集团,0
2026-06-15,2026-06-16,1,000411,英特集团,0
2026-01-09,2026-01-12,1,603496,恒为科技,1
2026-01-12,2026-01-13,2,603496,恒为科技,0
2026-04-22,2026-04-23,1,603496,恒为科技,0
2026-06-18,2026-06-22,1,603496,恒为科技,0
2026-07-08,2026-07-09,1,603496,恒为科技,0
2026-07-16,2026-07-17,1,603496,恒为科技,0
2026-05-25,2026-05-26,1,603990,麦迪科技,0
2026-06-12,2026-06-15,1,603990,麦迪科技,0
2026-08-04,2026-08-05,1,603990,麦迪科技,0
2026-01-15,2026-01-16,1,600725,云维股份,0
2026-02-27,2026-03-02,1,600725,云维股份,0
2026-07-01,2026-07-02,1,600725,云维股份,0
2026-03-03,2026-03-04,1,601919,中远海控,0
2026-07-01,2026-07-02,1,603567,珍宝岛,0
2026-07-16,2026-07-17,1,603567,珍宝岛,1
2026-07-17,2026-07-20,2,603567,珍宝岛,0
2026-07-23,2026-07-24,1,603567,珍宝岛,0
2026-07-27,2026-07-28,1,603567,珍宝岛,0
2026-08-04,2026-08-05,1,603567,珍宝岛,0
2026-08-07,2026-08-10,1,603567,珍宝岛,0
2026-06-10,2026-06-11,1,600573,惠泉啤酒,0
2026-08-18,2026-08-19,1,000852,石化机械,0
2026-09-02,2026-09-03,1,000852,石化机械,0
2026-08-18,2026-08-19,1,002284,亚太股份,0
2026-01-06,2026-01-07,1,600620,天宸股份,0
2026-02-09,2026-02-10,1,000014,沙河股份,0
2026-03-10,2026-03-11,1,000014,沙河股份,0
2026-07-16,2026-07-17,1,000014,沙河股份,0
2026-02-06,2026-02-09,1,002345,潮宏基,0
2026-06-12,2026-06-15,1,002345,潮宏基,0
2026-08-10,2026-08-11,1,002345,潮宏基,0
2026-03-18,2026-03-19,1,001287,中电港,0
2026-04-08,2026-04-09,1,001287,中电港,0
2026-05-06,2026-05-07,1,001287,中电港,0
2026-07-06,2026-07-07,1,001287,中电港,0
2026-03-17,2026-03-18,1,002256,兆新股份,0
2026-03-20,2026-03-23,1,002256,兆新股份,0
2026-04-22,2026-04-23,1,002256,兆新股份,0
2026-05-08,2026-05-11,1,002256,兆新股份,0
2026-06-10,2026-06-11,1,002256,兆新股份,0
2026-08-11,2026-08-12,1,002256,兆新股份,0
2026-01-13,2026-01-14,1,002219,新里程,1
2026-01-14,2026-01-15,2,002219,新里程,0
2026-01-19,2026-01-20,1,002219,新里程,0
2026-07-10,2026-07-13,1,002219,新里程,0
2026-08-13,2026-08-14,1,002219,新里程,0
2026-07-27,2026-07-28,1,000428,华天酒店,1
2026-07-28,2026-07-29,2,000428,华天酒店,1
2026-07-29,2026-07-30,3,000428,华天酒店,0
2026-07-31,2026-08-03,1,000428,华天酒店,0
2026-08-10,2026-08-11,1,000428,华天酒店,0
2026-08-25,2026-08-26,1,000428,华天酒店,1
2026-08-26,2026-08-27,2,000428,华天酒店,0
2026-09-04,2026-09-07,1,000428,华天酒店,1
2026-09-07,2026-09-08,2,000428,华天酒店,0
2026-06-04,2026-06-05,1,002590,万安科技,0
2026-03-03,2026-03-04,1,002700,万憬能源,0
2026-06-01,2026-06-02,1,002700,万憬能源,0
2026-06-16,2026-06-17,1,002700,万憬能源,0
2026-07-03,2026-07-06,1,002700,万憬能源,0
2026-06-30,2026-07-01,1,603577,汇金通,0
2026-07-14,2026-07-15,1,603577,汇金通,0
2026-08-03,2026-08-04,1,603577,汇金通,0
2026-07-03,2026-07-06,1,002496,辉丰股份,0
2026-01-06,2026-01-07,1,601615,明阳智能,0
2026-01-23,2026-01-26,2,601615,明阳智能,1
2026-01-26,2026-01-27,3,601615,明阳智能,0
2026-04-15,2026-04-16,1,600267,海正药业,0
2026-07-20,2026-07-21,1,600267,海正药业,0
2026-08-07,2026-08-10,1,600267,海正药业,0
2026-03-30,2026-03-31,1,002370,亚太药业,0
2026-06-23,2026-06-24,1,002370,亚太药业,0
2026-06-29,2026-06-30,1,002370,亚太药业,0
2026-08-10,2026-08-11,1,002370,亚太药业,0
2025-12-29,2025-12-30,1,600178,东安动力,0
2026-06-10,2026-06-11,1,600178,东安动力,1
2026-06-11,2026-06-12,2,600178,东安动力,0
2026-06-22,2026-06-23,1,600178,东安动力,0
2026-07-24,2026-07-27,1,600178,东安动力,0
2026-04-29,2026-04-30,1,002847,盐津铺子,0
2026-07-28,2026-07-29,1,002847,盐津铺子,0
2025-12-31,2026-01-05,1,603967,中创物流,0
2026-04-24,2026-04-27,1,603967,中创物流,0
2026-01-21,2026-01-22,1,600714,金瑞矿业,0
2026-02-24,2026-02-25,1,600714,金瑞矿业,0
2026-03-02,2026-03-03,1,600714,金瑞矿业,1
2026-03-03,2026-03-04,2,600714,金瑞矿业,0
2026-03-12,2026-03-13,1,600714,金瑞矿业,0
2026-04-29,2026-04-30,1,600714,金瑞矿业,1
2026-04-30,2026-05-06,2,600714,金瑞矿业,0
2026-05-18,2026-05-19,1,600714,金瑞矿业,0
2026-05-22,2026-05-25,1,600714,金瑞矿业,0
2026-06-05,2026-06-08,1,600714,金瑞矿业,0
2026-08-25,2026-08-26,1,600714,金瑞矿业,0
2026-08-28,2026-08-31,1,600714,金瑞矿业,0
2026-09-21,2026-09-22,1,600714,金瑞矿业,0
2026-07-01,2026-07-02,1,600975,新五丰,0
2026-09-04,2026-09-07,1,600975,新五丰,0
2026-04-02,2026-04-03,1,000950,重药控股,1
2026-04-03,2026-04-07,2,000950,重药控股,0
2026-05-12,2026-05-13,1,000950,重药控股,0
2026-08-14,2026-08-17,1,000950,重药控股,0
2026-02-11,2026-02-12,1,002470,金正大,0
2026-02-24,2026-02-25,1,002470,金正大,1
2026-02-25,2026-02-26,2,002470,金正大,1
2026-02-26,2026-02-27,3,002470,金正大,1
2026-02-27,2026-03-02,4,002470,金正大,0
2026-03-06,2026-03-09,1,002470,金正大,0
2026-03-13,2026-03-16,1,002470,金正大,0
2026-03-17,2026-03-18,1,002470,金正大,0
2026-03-27,2026-03-30,1,002470,金正大,0
2026-04-07,2026-04-08,1,002470,金正大,0
2026-09-01,2026-09-02,1,002470,金正大,0
2026-09-07,2026-09-08,1,002470,金正大,1
2026-09-08,2026-09-09,2,002470,金正大,1
2026-09-09,2026-09-10,3,002470,金正大,0
2026-05-19,2026-05-20,1,600353,旭光电子,0
2026-05-27,2026-05-28,1,600353,旭光电子,0
2026-06-04,2026-06-05,1,600353,旭光电子,0
2026-06-11,2026-06-12,1,600353,旭光电子,0
2026-06-15,2026-06-16,1,600353,旭光电子,1
2026-06-16,2026-06-17,2,600353,旭光电子,1
2026-06-17,2026-06-18,3,600353,旭光电子,1
2026-06-18,2026-06-22,4,600353,旭光电子,1
2026-06-22,2026-06-23,5,600353,旭光电子,0
2026-07-09,2026-07-10,1,600353,旭光电子,0
2026-08-04,2026-08-05,1,600353,旭光电子,1
2026-08-05,2026-08-06,2,600353,旭光电子,0
2026-08-14,2026-08-17,1,600353,旭光电子,1
2026-08-17,2026-08-18,2,600353,旭光电子,1
2026-08-18,2026-08-19,3,600353,旭光电子,0
2026-08-21,2026-08-24,1,600353,旭光电子,0
2026-06-05,2026-06-08,1,603270,金帝精密科技股份,0
2026-06-26,2026-06-29,1,603270,金帝精密科技股份,0
2026-07-10,2026-07-13,1,603270,金帝精密科技股份,0
2026-08-31,2026-09-01,1,603270,金帝精密科技股份,0
2026-09-02,2026-09-03,1,603270,金帝精密科技股份,1
2026-09-03,2026-09-04,2,603270,金帝精密科技股份,0
2026-08-03,2026-08-04,1,601865,福莱特,0
2026-08-07,2026-08-10,1,601865,福莱特,0
2026-01-30,2026-02-02,1,002041,登海种业,0
2026-08-18,2026-08-19,1,002041,登海种业,0
2026-08-24,2026-08-25,1,002041,登海种业,1
2026-08-25,2026-08-26,2,002041,登海种业,0
2026-09-01,2026-09-02,1,002041,登海种业,0
2026-03-18,2026-03-19,1,000037,深南电A,0
2026-03-26,2026-03-27,1,000037,深南电A,0
2026-03-31,2026-04-01,1,000037,深南电A,0
2026-04-17,2026-04-20,1,000037,深南电A,0
2026-05-29,2026-06-01,1,000037,深南电A,1
2026-06-01,2026-06-02,2,000037,深南电A,0
2026-06-09,2026-06-10,1,000037,深南电A,0
2026-07-17,2026-07-20,1,000037,深南电A,1
2026-07-20,2026-07-21,2,000037,深南电A,0
2026-08-03,2026-08-04,1,000037,深南电A,0
2026-01-21,2026-01-22,1,002662,峰璟股份,0
2026-04-03,2026-04-07,1,600654,中安科,1
2026-04-07,2026-04-08,2,600654,中安科,1
2026-04-08,2026-04-09,3,600654,中安科,0
2026-04-13,2026-04-14,1,600654,中安科,0
2026-04-29,2026-04-30,1,600654,中安科,0
2026-08-27,2026-08-28,1,600654,中安科,1
2026-08-28,2026-08-31,2,600654,中安科,0
2026-04-28,2026-04-29,1,603338,浙江鼎力,0
2026-07-02,2026-07-03,1,603338,浙江鼎力,1
2026-07-03,2026-07-06,2,603338,浙江鼎力,0
2026-01-19,2026-01-20,1,601126,四方股份,0
2026-02-12,2026-02-13,1,601126,四方股份,0
2026-04-08,2026-04-09,1,601126,四方股份,0
2026-05-13,2026-05-14,1,601126,四方股份,0
2026-05-18,2026-05-19,1,601126,四方股份,0
2026-08-04,2026-08-05,1,601126,四方股份,0
2026-08-20,2026-08-21,1,600211,西藏药业,0
2026-03-18,2026-03-19,1,000539,粤电力Ａ,1
2026-03-19,2026-03-20,2,000539,粤电力Ａ,0
2026-03-24,2026-03-25,1,000539,粤电力Ａ,1
2026-03-25,2026-03-26,2,000539,粤电力Ａ,0
2026-04-21,2026-04-22,1,000539,粤电力Ａ,0
2026-05-27,2026-05-28,1,000539,粤电力Ａ,1
2026-05-28,2026-05-29,2,000539,粤电力Ａ,1
2026-05-29,2026-06-01,3,000539,粤电力Ａ,1
2026-06-01,2026-06-02,4,000539,粤电力Ａ,0
2026-07-20,2026-07-21,1,000539,粤电力Ａ,0
2026-04-08,2026-04-09,1,000551,创元科技,0
2026-04-29,2026-04-30,1,000551,创元科技,0
2026-06-23,2026-06-24,1,000551,创元科技,0
2026-06-29,2026-06-30,1,000551,创元科技,0
2026-08-17,2026-08-18,1,000551,创元科技,0
2026-02-10,2026-02-11,1,000818,航锦科技,0
2026-03-06,2026-03-09,1,000818,航锦科技,0
2026-04-29,2026-04-30,1,000818,航锦科技,0
2026-05-06,2026-05-07,1,000818,航锦科技,1
2026-05-07,2026-05-08,2,000818,航锦科技,0
2026-05-22,2026-05-25,1,000818,航锦科技,0
2026-06-24,2026-06-25,1,000818,航锦科技,1
2026-06-25,2026-06-26,2,000818,航锦科技,0
2026-06-30,2026-07-01,1,000818,航锦科技,0
2026-02-04,2026-02-05,1,000517,荣安地产,0
2026-06-05,2026-06-08,1,000517,荣安地产,1
2026-06-08,2026-06-09,2,000517,荣安地产,0
2026-07-28,2026-07-29,1,000517,荣安地产,0
2026-01-20,2026-01-21,1,600649,城投控股,0
2026-01-29,2026-01-30,1,600649,城投控股,0
2026-02-25,2026-02-26,1,600649,城投控股,0
2026-08-20,2026-08-21,1,600649,城投控股,0
2026-01-19,2026-01-20,1,600312,平高电气,0
2026-07-27,2026-07-28,1,605108,同庆楼,0
2026-05-25,2026-05-26,1,603871,嘉友国际,0
2026-02-12,2026-02-13,1,601619,嘉泽新能,0
2026-02-24,2026-02-25,1,601619,嘉泽新能,0
2026-04-17,2026-04-20,1,601619,嘉泽新能,0
2026-01-22,2026-01-23,1,000968,蓝焰控股,0
2026-02-24,2026-02-25,1,000968,蓝焰控股,0
2026-03-02,2026-03-03,1,000968,蓝焰控股,1
2026-03-03,2026-03-04,2,000968,蓝焰控股,0
2026-03-19,2026-03-20,1,000968,蓝焰控股,0
2026-03-26,2026-03-27,1,000968,蓝焰控股,0
2026-04-02,2026-04-03,1,000968,蓝焰控股,0
2026-04-13,2026-04-14,1,000968,蓝焰控股,0
2026-07-14,2026-07-15,1,000968,蓝焰控股,0
2026-06-17,2026-06-18,1,000100,TCL科技,0
2026-06-25,2026-06-26,1,000100,TCL科技,0
2026-06-30,2026-07-01,1,000100,TCL科技,0
2026-04-10,2026-04-13,1,603889,新澳股份,0
2026-06-18,2026-06-22,1,002907,华森制药,0
2026-07-09,2026-07-10,1,002907,华森制药,0
2026-08-14,2026-08-17,1,002907,华森制药,1
2026-08-17,2026-08-18,2,002907,华森制药,0
2026-08-25,2026-08-26,1,002907,华森制药,0
2026-09-21,2026-09-22,1,002907,华森制药,0
2026-03-19,2026-03-20,1,600996,贵广网络,0
2026-03-27,2026-03-30,1,600996,贵广网络,1
2026-03-30,2026-03-31,2,600996,贵广网络,0
2026-05-18,2026-05-19,1,600996,贵广网络,0
2026-05-25,2026-05-26,1,600996,贵广网络,0
2026-06-05,2026-06-08,1,600996,贵广网络,0
2026-04-16,2026-04-17,1,600507,方大特钢,0
2026-08-27,2026-08-28,1,603435,嘉德利,0
2026-01-12,2026-01-13,1,603708,家家悦,0
2026-08-18,2026-08-19,1,603708,家家悦,0
2026-03-06,2026-03-09,1,002648,卫星化学,0
2026-06-23,2026-06-24,1,002648,卫星化学,0
2026-07-06,2026-07-07,1,603087,甘李药业,0
2026-08-11,2026-08-12,1,603087,甘李药业,0
2026-01-23,2026-01-26,1,002679,福建金森,0
2026-08-28,2026-08-31,1,002679,福建金森,1
2026-08-31,2026-09-01,2,002679,福建金森,1
2026-09-01,2026-09-02,3,002679,福建金森,0
2026-09-16,2026-09-17,1,002679,福建金森,0
2026-01-23,2026-01-26,1,600732,爱旭股份,0
2026-02-09,2026-02-10,1,600732,爱旭股份,0
2026-06-10,2026-06-11,1,600732,爱旭股份,0
2026-07-15,2026-07-16,1,600732,爱旭股份,0
2026-01-29,2026-01-30,1,000568,泸州老窖,0
2026-04-22,2026-04-23,1,600446,金证股份,0
2026-05-18,2026-05-19,1,600446,金证股份,0
2026-07-01,2026-07-02,1,600446,金证股份,0
2026-08-19,2026-08-20,1,603113,金能科技,0
2026-08-25,2026-08-26,1,603113,金能科技,0
2026-08-31,2026-09-01,1,603113,金能科技,0
2025-12-30,2025-12-31,1,600682,南京新百,0
2026-03-26,2026-03-27,1,600682,南京新百,0
2026-06-09,2026-06-10,1,600682,南京新百,0
2026-03-16,2026-03-17,1,000617,中油资本,0
2026-03-19,2026-03-20,1,000617,中油资本,0
2026-03-02,2026-03-03,1,600256,广汇能源,1
2026-03-03,2026-03-04,2,600256,广汇能源,0
2026-01-12,2026-01-13,1,603090,宏盛股份,0
2026-01-21,2026-01-22,1,603090,宏盛股份,0
2026-02-12,2026-02-13,1,603090,宏盛股份,0
2026-03-27,2026-03-30,1,603090,宏盛股份,0
2026-04-07,2026-04-08,1,603090,宏盛股份,0
2026-05-20,2026-05-21,1,603090,宏盛股份,0
2026-06-04,2026-06-05,1,603090,宏盛股份,0
2026-07-06,2026-07-07,1,603090,宏盛股份,0
2026-08-31,2026-09-01,1,603090,宏盛股份,0
2026-09-03,2026-09-04,1,603090,宏盛股份,0
2026-09-14,2026-09-15,1,603090,宏盛股份,1
2026-09-15,2026-09-16,2,603090,宏盛股份,0
2026-03-03,2026-03-04,1,600803,新奥股份,0
2026-08-10,2026-08-11,1,600327,大东方,0
2026-08-20,2026-08-21,1,600327,大东方,0
2025-12-31,2026-01-05,1,603344,星德胜科技,0
2026-05-14,2026-05-15,1,603344,星德胜科技,0
2026-06-01,2026-06-02,1,603344,星德胜科技,0
2026-08-05,2026-08-06,1,002214,大立科技,1
2026-08-06,2026-08-07,2,002214,大立科技,0
2026-01-06,2026-01-07,1,002160,常铝股份,0
2026-01-28,2026-01-29,1,002160,常铝股份,0
2026-03-30,2026-03-31,1,002160,常铝股份,0
2026-06-16,2026-06-17,1,002160,常铝股份,0
2026-05-15,2026-05-18,1,603363,傲农生物,0
2026-07-01,2026-07-02,1,603363,傲农生物,0
2026-02-27,2026-03-02,1,002167,东方锆业,0
2026-03-04,2026-03-05,1,002167,东方锆业,0
2026-06-03,2026-06-04,1,002167,东方锆业,0
2026-06-18,2026-06-22,1,002167,东方锆业,1
2026-06-22,2026-06-23,2,002167,东方锆业,1
2026-06-23,2026-06-24,3,002167,东方锆业,1
2026-06-24,2026-06-25,4,002167,东方锆业,0
2026-06-30,2026-07-01,1,002167,东方锆业,1
2026-07-01,2026-07-02,2,002167,东方锆业,0
2026-07-21,2026-07-22,1,002167,东方锆业,0
2026-08-06,2026-08-07,1,002104,恒宝股份,0
2026-09-01,2026-09-02,1,002104,恒宝股份,1
2026-09-02,2026-09-03,2,002104,恒宝股份,0
2026-01-19,2026-01-20,1,002606,大连电瓷,0
2026-02-02,2026-02-03,1,002606,大连电瓷,0
2026-02-24,2026-02-25,1,002606,大连电瓷,0
2026-03-05,2026-03-06,1,002606,大连电瓷,0
2026-04-08,2026-04-09,1,002606,大连电瓷,0
2026-04-23,2026-04-24,1,002606,大连电瓷,0
2026-05-12,2026-05-13,1,002606,大连电瓷,0
2026-05-22,2026-05-25,1,002606,大连电瓷,0
2026-07-10,2026-07-13,1,002606,大连电瓷,0
2026-07-23,2026-07-24,1,002606,大连电瓷,0
2025-12-30,2025-12-31,1,002527,新时达,0
2026-06-01,2026-06-02,1,002527,新时达,0
2026-07-02,2026-07-03,1,002020,京新药业,0
2026-03-12,2026-03-13,1,605305,中际联合,0
2026-04-08,2026-04-09,1,605305,中际联合,0
2026-06-22,2026-06-23,1,605305,中际联合,0
2026-07-03,2026-07-06,1,605305,中际联合,0
2026-08-31,2026-09-01,1,002133,广宇集团,0
2026-04-03,2026-04-07,1,605589,圣泉集团,1
2026-04-07,2026-04-08,2,605589,圣泉集团,0
2026-05-13,2026-05-14,1,605589,圣泉集团,0
2026-06-02,2026-06-03,1,605589,圣泉集团,0
2026-06-09,2026-06-10,1,605589,圣泉集团,1
2026-06-10,2026-06-11,2,605589,圣泉集团,0
2026-06-15,2026-06-16,1,605589,圣泉集团,0
2026-06-25,2026-06-26,1,605589,圣泉集团,0
2026-08-04,2026-08-05,1,605589,圣泉集团,0
2026-06-08,2026-06-09,1,002362,汉王科技,1
2026-06-09,2026-06-10,2,002362,汉王科技,0
2026-09-15,2026-09-16,1,002362,汉王科技,0
2026-04-27,2026-04-28,1,002154,报 喜 鸟,0
2026-01-05,2026-01-06,1,002716,湖南白银,0
2026-01-14,2026-01-15,1,002716,湖南白银,0
2026-01-20,2026-01-21,1,002716,湖南白银,1
2026-01-21,2026-01-22,2,002716,湖南白银,1
2026-01-22,2026-01-23,3,002716,湖南白银,1
2026-01-23,2026-01-26,4,002716,湖南白银,1
2026-01-26,2026-01-27,5,002716,湖南白银,0
2026-01-28,2026-01-29,1,002716,湖南白银,0
2026-02-09,2026-02-10,1,002716,湖南白银,0
2026-02-24,2026-02-25,1,002716,湖南白银,0
2026-03-02,2026-03-03,1,002716,湖南白银,0
2026-04-08,2026-04-09,1,002716,湖南白银,0
2026-08-21,2026-08-24,1,002716,湖南白银,1
2026-08-24,2026-08-25,2,002716,湖南白银,0
2026-04-24,2026-04-27,1,002407,多氟多,0
2026-05-15,2026-05-18,1,002407,多氟多,0
2026-06-11,2026-06-12,1,002407,多氟多,0
2026-06-22,2026-06-23,1,002407,多氟多,0
2026-06-29,2026-06-30,1,002407,多氟多,1
2026-06-30,2026-07-01,2,002407,多氟多,1
2026-07-01,2026-07-02,3,002407,多氟多,0
2026-07-27,2026-07-28,1,002407,多氟多,0
2026-08-06,2026-08-07,1,002407,多氟多,0
2026-08-18,2026-08-19,1,601952,苏垦农发,0
2026-09-08,2026-09-09,1,601952,苏垦农发,0
2026-06-22,2026-06-23,1,002601,龙佰集团,0
2026-01-14,2026-01-15,1,001360,南矿集团,0
2026-01-21,2026-01-22,1,001360,南矿集团,0
2026-01-28,2026-01-29,1,001360,南矿集团,0
2026-02-06,2026-02-09,1,001360,南矿集团,0
2026-05-27,2026-05-28,1,001360,南矿集团,0
2026-06-12,2026-06-15,1,001360,南矿集团,0
2026-08-20,2026-08-21,1,001360,南矿集团,0
2026-06-24,2026-06-25,1,603713,密尔克卫,1
2026-06-25,2026-06-26,2,603713,密尔克卫,0
2026-07-03,2026-07-06,1,603713,密尔克卫,0
2026-05-07,2026-05-08,1,002915,中欣氟材,0
2026-05-15,2026-05-18,1,002915,中欣氟材,0
2026-06-29,2026-06-30,1,002915,中欣氟材,0
2026-08-06,2026-08-07,1,002915,中欣氟材,0
2026-08-28,2026-08-31,1,002915,中欣氟材,0
2025-12-29,2025-12-30,1,600151,航天机电,0
2026-01-05,2026-01-06,1,600151,航天机电,0
2026-01-12,2026-01-13,1,600151,航天机电,0
2026-05-28,2026-05-29,1,600151,航天机电,0
2026-06-17,2026-06-18,1,000050,深天马Ａ,0
2026-03-27,2026-03-30,1,603585,苏利股份,1
2026-03-30,2026-03-31,2,603585,苏利股份,0
2026-04-03,2026-04-07,1,603585,苏利股份,0
2026-04-14,2026-04-15,1,603585,苏利股份,0
2026-06-15,2026-06-16,1,601636,旗滨集团,1
2026-06-16,2026-06-17,2,601636,旗滨集团,1
2026-06-17,2026-06-18,3,601636,旗滨集团,0
2026-06-25,2026-06-26,1,601636,旗滨集团,0
2026-06-29,2026-06-30,1,601636,旗滨集团,0
2026-03-25,2026-03-26,1,002418,康盛股份,0
2026-04-10,2026-04-13,1,002418,康盛股份,1
2026-04-13,2026-04-14,2,002418,康盛股份,0
2026-04-17,2026-04-20,1,002418,康盛股份,1
2026-04-20,2026-04-21,2,002418,康盛股份,0
2026-04-22,2026-04-23,1,002418,康盛股份,0
2026-05-06,2026-05-07,1,002418,康盛股份,0
2026-06-22,2026-06-23,1,002418,康盛股份,0
2026-08-14,2026-08-17,1,002418,康盛股份,0
2026-08-25,2026-08-26,1,002418,康盛股份,1
2026-08-26,2026-08-27,2,002418,康盛股份,1
2026-08-27,2026-08-28,3,002418,康盛股份,0
2026-08-31,2026-09-01,1,002418,康盛股份,0
2026-01-29,2026-01-30,1,600197,伊力特,0
2026-04-30,2026-05-06,1,002640,跨境通,1
2026-05-06,2026-05-07,2,002640,跨境通,0
2026-05-11,2026-05-12,1,002640,跨境通,0
2026-05-28,2026-05-29,1,002640,跨境通,0
2026-07-15,2026-07-16,1,002640,跨境通,0
2026-07-27,2026-07-28,1,002640,跨境通,0
2026-09-17,2026-09-18,1,002640,跨境通,0
2026-01-06,2026-01-07,1,002882,金龙羽,0
2026-06-12,2026-06-15,1,002882,金龙羽,0
2026-07-29,2026-07-30,1,002882,金龙羽,1
2026-07-30,2026-07-31,2,002882,金龙羽,0
2026-08-24,2026-08-25,1,002882,金龙羽,0
2026-09-01,2026-09-02,1,002882,金龙羽,0
2026-09-15,2026-09-16,1,002882,金龙羽,0
2026-03-06,2026-03-09,1,605399,晨光新材,0
2026-05-14,2026-05-15,1,605399,晨光新材,0
2026-06-26,2026-06-29,1,605399,晨光新材,0
2026-07-07,2026-07-08,1,605399,晨光新材,0
2025-12-26,2025-12-29,1,002756,永兴材料,0
2026-02-27,2026-03-02,1,002756,永兴材料,0
2026-03-27,2026-03-30,1,002756,永兴材料,0
2026-04-24,2026-04-27,1,002756,永兴材料,0
2026-04-29,2026-04-30,1,002756,永兴材料,0
2026-01-14,2026-01-15,1,600785,新华百货,1
2026-01-15,2026-01-16,2,600785,新华百货,1
2026-01-16,2026-01-19,3,600785,新华百货,1
2026-01-19,2026-01-20,4,600785,新华百货,0
2026-01-29,2026-01-30,1,600785,新华百货,0
2026-02-02,2026-02-03,1,600785,新华百货,1
2026-02-03,2026-02-04,2,600785,新华百货,0
2026-07-15,2026-07-16,1,600785,新华百货,1
2026-07-16,2026-07-17,2,600785,新华百货,0
2026-08-21,2026-08-24,1,600785,新华百货,1
2026-08-24,2026-08-25,2,600785,新华百货,1
2026-08-25,2026-08-26,3,600785,新华百货,0
2026-09-01,2026-09-02,1,600785,新华百货,0
2026-09-07,2026-09-08,1,600785,新华百货,0
2026-09-21,2026-09-22,1,600785,新华百货,0
2026-05-06,2026-05-07,1,002052,同洲电子,0
2026-07-01,2026-07-02,1,002052,同洲电子,0
2026-08-06,2026-08-07,1,002052,同洲电子,0
2026-08-24,2026-08-25,1,002052,同洲电子,0
2026-02-09,2026-02-10,1,000525,红太阳,0
2026-03-04,2026-03-05,1,000525,红太阳,0
2026-01-07,2026-01-08,1,002639,雪人集团,1
2026-01-08,2026-01-09,2,002639,雪人集团,0
2026-01-12,2026-01-13,1,002639,雪人集团,0
2026-01-22,2026-01-23,1,002639,雪人集团,0
2026-04-01,2026-04-02,1,002639,雪人集团,0
2026-05-28,2026-05-29,1,002639,雪人集团,0
2026-06-29,2026-06-30,1,002639,雪人集团,0
2026-09-02,2026-09-03,1,002639,雪人集团,0
2026-04-01,2026-04-02,1,600594,益佰制药,1
2026-04-02,2026-04-03,2,600594,益佰制药,0
2026-04-09,2026-04-10,1,600594,益佰制药,0
2026-04-15,2026-04-16,1,600594,益佰制药,0
2026-07-22,2026-07-23,1,600594,益佰制药,0
2026-07-27,2026-07-28,1,600594,益佰制药,0
2026-08-24,2026-08-25,1,600594,益佰制药,0
2026-05-06,2026-05-07,1,600113,浙江东日,0
2026-06-29,2026-06-30,1,600113,浙江东日,1
2026-06-30,2026-07-01,2,600113,浙江东日,1
2026-07-01,2026-07-02,3,600113,浙江东日,0
2026-07-10,2026-07-13,1,600113,浙江东日,0
2026-08-18,2026-08-19,1,600113,浙江东日,0
2026-01-15,2026-01-16,1,601208,东材科技,0
2026-01-30,2026-02-02,1,601208,东材科技,0
2026-02-25,2026-02-26,1,601208,东材科技,0
2026-05-07,2026-05-08,1,601208,东材科技,0
2026-05-22,2026-05-25,1,601208,东材科技,0
2026-06-03,2026-06-04,1,601208,东材科技,0
2026-06-09,2026-06-10,1,601208,东材科技,0
2026-06-16,2026-06-17,1,601208,东材科技,0
2026-08-04,2026-08-05,1,601208,东材科技,1
2026-08-05,2026-08-06,2,601208,东材科技,0
2026-08-07,2026-08-10,1,601208,东材科技,0
2026-08-27,2026-08-28,1,601208,东材科技,0
2026-09-16,2026-09-17,1,601208,东材科技,0
2026-01-28,2026-01-29,1,600655,豫园股份,0
2026-01-29,2026-01-30,1,002828,贝肯能源,0
2026-02-24,2026-02-25,1,002828,贝肯能源,0
2026-03-02,2026-03-03,1,002828,贝肯能源,1
2026-03-03,2026-03-04,2,002828,贝肯能源,0
2026-04-02,2026-04-03,1,002828,贝肯能源,0
2026-06-17,2026-06-18,1,002828,贝肯能源,0
2026-06-29,2026-06-30,1,002828,贝肯能源,0
2026-07-06,2026-07-07,1,002828,贝肯能源,0
2026-07-10,2026-07-13,1,002828,贝肯能源,0
2026-08-10,2026-08-11,1,002828,贝肯能源,0
2026-01-20,2026-01-21,1,002637,赞宇科技,0
2026-03-06,2026-03-09,1,002637,赞宇科技,0
2026-03-13,2026-03-16,1,002637,赞宇科技,0
2026-04-07,2026-04-08,1,002637,赞宇科技,0
2026-06-01,2026-06-02,1,002637,赞宇科技,0
2026-06-12,2026-06-15,1,002637,赞宇科技,0
2026-03-04,2026-03-05,1,000862,银星能源,0
2026-03-09,2026-03-10,1,000862,银星能源,0
2026-03-20,2026-03-23,1,000862,银星能源,0
2026-07-23,2026-07-24,1,000862,银星能源,0
2026-07-27,2026-07-28,1,000862,银星能源,0
2026-07-27,2026-07-28,1,002612,朗姿股份,0
2026-07-30,2026-07-31,1,002612,朗姿股份,0
2026-07-20,2026-07-21,1,601026,道生天合材料科技,0
2026-08-13,2026-08-14,1,601026,道生天合材料科技,0
2026-09-18,2026-09-21,1,601026,道生天合材料科技,0
2026-01-19,2026-01-20,1,603199,九华旅游,0
2026-03-03,2026-03-04,1,600635,大众公用,0
2026-05-26,2026-05-27,1,600635,大众公用,0
2025-12-26,2025-12-29,3,603278,大业股份,1
2025-12-29,2025-12-30,4,603278,大业股份,1
2025-12-30,2025-12-31,5,603278,大业股份,1
2025-12-31,2026-01-05,6,603278,大业股份,0
2026-01-12,2026-01-13,1,603278,大业股份,0
2026-04-17,2026-04-20,1,603278,大业股份,0
2026-05-06,2026-05-07,1,603278,大业股份,1
2026-05-07,2026-05-08,2,603278,大业股份,1
2026-05-08,2026-05-11,3,603278,大业股份,0
2026-05-15,2026-05-18,1,603278,大业股份,0
2026-06-08,2026-06-09,1,603278,大业股份,0
2026-07-03,2026-07-06,1,603278,大业股份,0
2026-01-28,2026-01-29,1,000599,青岛双星,0
2026-01-26,2026-01-27,1,002237,恒邦股份,0
2026-01-28,2026-01-29,1,002237,恒邦股份,0
2026-04-16,2026-04-17,1,002237,恒邦股份,0
2026-06-29,2026-06-30,1,002237,恒邦股份,0
2026-01-19,2026-01-20,1,601968,宝钢包装,0
2026-04-14,2026-04-15,1,000967,盈峰环境,0
2026-04-16,2026-04-17,1,000967,盈峰环境,0
2026-04-28,2026-04-29,1,000967,盈峰环境,0
2026-05-06,2026-05-07,1,000967,盈峰环境,1
2026-05-07,2026-05-08,2,000967,盈峰环境,0
2026-06-24,2026-06-25,1,000967,盈峰环境,0
2026-06-30,2026-07-01,1,000967,盈峰环境,0
2026-07-31,2026-08-03,1,000967,盈峰环境,1
2026-08-03,2026-08-04,2,000967,盈峰环境,0
2026-01-15,2026-01-16,2,600058,五矿发展,1
2026-01-16,2026-01-19,3,600058,五矿发展,0
2026-01-22,2026-01-23,1,600058,五矿发展,0
2026-06-10,2026-06-11,1,600058,五矿发展,0
2026-06-22,2026-06-23,1,600058,五矿发展,0
2026-06-25,2026-06-26,1,600058,五矿发展,0
2026-02-02,2026-02-03,1,000533,顺钠股份,1
2026-02-03,2026-02-04,2,000533,顺钠股份,1
2026-02-04,2026-02-05,3,000533,顺钠股份,0
2026-02-12,2026-02-13,1,000533,顺钠股份,0
2026-03-04,2026-03-05,1,000533,顺钠股份,1
2026-03-05,2026-03-06,2,000533,顺钠股份,1
2026-03-06,2026-03-09,3,000533,顺钠股份,1
2026-03-09,2026-03-10,4,000533,顺钠股份,0
2026-03-16,2026-03-17,1,000533,顺钠股份,1
2026-03-17,2026-03-18,2,000533,顺钠股份,0
2026-05-13,2026-05-14,1,000533,顺钠股份,0
2026-06-01,2026-06-02,1,000533,顺钠股份,0
2026-07-23,2026-07-24,1,000533,顺钠股份,1
2026-07-24,2026-07-27,2,000533,顺钠股份,1
2026-07-27,2026-07-28,3,000533,顺钠股份,1
2026-07-28,2026-07-29,4,000533,顺钠股份,0
2026-08-03,2026-08-04,1,000533,顺钠股份,1
2026-08-04,2026-08-05,2,000533,顺钠股份,0
2026-08-26,2026-08-27,1,000533,顺钠股份,0
2026-02-06,2026-02-09,1,002812,恩捷股份,0
2026-04-24,2026-04-27,1,002812,恩捷股份,0
2026-06-12,2026-06-15,1,002812,恩捷股份,0
2026-06-09,2026-06-10,1,002513,蓝丰生化,0
2026-01-12,2026-01-13,1,000803,山高环能,0
2026-01-19,2026-01-20,1,000803,山高环能,0
2026-02-24,2026-02-25,1,000803,山高环能,0
2026-07-23,2026-07-24,1,000803,山高环能,0
2026-01-21,2026-01-22,1,002782,可立克,0
2026-03-11,2026-03-12,1,002782,可立克,0
2026-03-26,2026-03-27,1,002782,可立克,0
2026-05-13,2026-05-14,1,002782,可立克,1
2026-05-14,2026-05-15,2,002782,可立克,0
2026-05-19,2026-05-20,1,002782,可立克,1
2026-05-20,2026-05-21,2,002782,可立克,0
2026-06-16,2026-06-17,1,002782,可立克,0
2026-03-24,2026-03-25,1,000722,湖南发展,1
2026-03-25,2026-03-26,2,000722,湖南发展,1
2026-03-26,2026-03-27,3,000722,湖南发展,0
2026-06-01,2026-06-02,1,000722,湖南发展,0
2026-07-15,2026-07-16,1,000722,湖南发展,0
2026-07-17,2026-07-20,1,000722,湖南发展,1
2026-07-20,2026-07-21,2,000722,湖南发展,0
2026-09-10,2026-09-11,1,000722,湖南发展,0
2026-07-10,2026-07-13,1,600685,中船防务,0
2026-07-30,2026-07-31,1,000820,神雾节能,1
2026-07-31,2026-08-03,2,000820,神雾节能,1
2026-08-03,2026-08-04,3,000820,神雾节能,1
2026-08-04,2026-08-05,4,000820,神雾节能,0
2026-07-03,2026-07-06,1,001306,夏厦精密,0
2026-04-17,2026-04-20,1,002108,沧州明珠,0
2026-05-11,2026-05-12,1,002108,沧州明珠,0
2026-06-05,2026-06-08,1,002387,维信诺,0
2026-06-25,2026-06-26,1,002387,维信诺,0
2026-07-28,2026-07-29,1,002387,维信诺,0
2026-05-14,2026-05-15,1,600449,宁夏建材,0
2026-07-02,2026-07-03,1,600449,宁夏建材,0
2026-07-23,2026-07-24,1,600449,宁夏建材,0
2026-07-31,2026-08-03,1,600449,宁夏建材,0
2026-08-07,2026-08-10,1,600449,宁夏建材,0
2026-02-09,2026-02-10,1,600666,奥瑞德,0
2026-03-05,2026-03-06,1,600666,奥瑞德,0
2026-03-18,2026-03-19,1,600666,奥瑞德,1
2026-03-19,2026-03-20,2,600666,奥瑞德,0
2026-03-24,2026-03-25,1,600666,奥瑞德,1
2026-03-25,2026-03-26,2,600666,奥瑞德,0
2026-03-27,2026-03-30,1,600666,奥瑞德,0
2026-04-01,2026-04-02,1,600666,奥瑞德,0
2026-04-08,2026-04-09,1,600666,奥瑞德,0
2026-04-16,2026-04-17,1,600666,奥瑞德,0
2026-05-06,2026-05-07,1,600666,奥瑞德,0
2026-05-13,2026-05-14,1,600666,奥瑞德,0
2026-08-04,2026-08-05,1,600666,奥瑞德,0
2026-06-29,2026-06-30,1,002422,科伦药业,0
2026-06-29,2026-06-30,1,600867,通化东宝,0
2026-04-16,2026-04-17,1,603032,德新科技,0
2026-05-27,2026-05-28,1,603032,德新科技,1
2026-05-28,2026-05-29,2,603032,德新科技,0
2026-06-29,2026-06-30,1,603032,德新科技,0
2026-08-24,2026-08-25,1,603032,德新科技,0
2025-12-29,2025-12-30,1,601113,华鼎股份,0
2025-12-26,2025-12-29,1,000523,红棉股份,0
2026-01-20,2026-01-21,1,000523,红棉股份,0
2026-08-20,2026-08-21,1,000523,红棉股份,0
2026-09-08,2026-09-09,1,000523,红棉股份,1
2026-09-09,2026-09-10,2,000523,红棉股份,0
2025-12-31,2026-01-05,1,003009,中天火箭,0
2026-03-02,2026-03-03,1,003009,中天火箭,0
2026-06-05,2026-06-08,1,003009,中天火箭,1
2026-06-08,2026-06-09,2,003009,中天火箭,0
2026-06-12,2026-06-15,1,003009,中天火箭,0
2026-06-30,2026-07-01,1,003009,中天火箭,0
2026-07-10,2026-07-13,1,003009,中天火箭,0
2026-01-06,2026-01-07,1,000949,新乡化纤,0
2026-01-19,2026-01-20,1,000949,新乡化纤,1
2026-01-20,2026-01-21,2,000949,新乡化纤,0
2026-03-10,2026-03-11,1,000949,新乡化纤,0
2026-04-20,2026-04-21,1,000949,新乡化纤,0
2026-02-12,2026-02-13,1,002837,英维克,0
2026-06-09,2026-06-10,1,002837,英维克,0
2026-08-25,2026-08-26,1,002837,英维克,0
2026-01-14,2026-01-15,1,002707,众信旅游,1
2026-01-15,2026-01-16,2,002707,众信旅游,0
2026-06-09,2026-06-10,1,600458,时代新材,0
2026-06-16,2026-06-17,1,600458,时代新材,0
2026-06-25,2026-06-26,1,600458,时代新材,0
2026-03-05,2026-03-06,1,002456,欧菲光,0
2026-01-26,2026-01-27,1,002155,湖南黄金,1
2026-01-27,2026-01-28,2,002155,湖南黄金,1
2026-01-28,2026-01-29,3,002155,湖南黄金,1
2026-01-29,2026-01-30,4,002155,湖南黄金,1
2026-01-30,2026-02-02,5,002155,湖南黄金,0
2026-02-03,2026-02-04,1,002155,湖南黄金,0
2026-02-06,2026-02-09,1,002155,湖南黄金,0
2026-02-27,2026-03-02,1,002155,湖南黄金,1
2026-03-02,2026-03-03,2,002155,湖南黄金,0
2026-04-08,2026-04-09,1,002155,湖南黄金,0
2026-08-27,2026-08-28,1,002155,湖南黄金,0
2026-09-09,2026-09-10,1,002155,湖南黄金,0
2026-02-12,2026-02-13,1,000833,粤桂股份,0
2026-03-06,2026-03-09,1,000833,粤桂股份,0
2026-03-11,2026-03-12,1,000833,粤桂股份,0
2026-04-30,2026-05-06,1,000833,粤桂股份,0
2026-06-08,2026-06-09,1,000833,粤桂股份,0
2026-06-22,2026-06-23,1,000833,粤桂股份,0
2026-09-08,2026-09-09,1,000833,粤桂股份,0
2026-04-01,2026-04-02,1,002923,润都股份,0
2026-04-28,2026-04-29,1,002923,润都股份,0
2026-07-01,2026-07-02,1,002923,润都股份,0
2026-04-22,2026-04-23,1,002588,史丹利,0
2026-01-23,2026-01-26,1,603200,上海洗霸,0
2026-04-10,2026-04-13,1,603200,上海洗霸,0
2026-08-24,2026-08-25,1,603200,上海洗霸,0
2026-08-26,2026-08-27,1,603200,上海洗霸,0
2026-09-15,2026-09-16,1,603200,上海洗霸,0
2026-03-23,2026-03-24,1,603529,爱玛科技,0
2026-05-13,2026-05-14,1,002409,雅克科技,0
2026-05-25,2026-05-26,1,002409,雅克科技,0
2026-06-10,2026-06-11,1,002409,雅克科技,1
2026-06-11,2026-06-12,2,002409,雅克科技,0
2026-06-22,2026-06-23,1,002409,雅克科技,0
2026-06-24,2026-06-25,1,002409,雅克科技,0
2026-06-29,2026-06-30,1,002409,雅克科技,0
2026-07-09,2026-07-10,1,002409,雅克科技,0
2026-07-21,2026-07-22,1,002409,雅克科技,0
2026-07-27,2026-07-28,1,002409,雅克科技,0
2026-07-30,2026-07-31,1,603376,大明电子,0
2026-08-20,2026-08-21,1,603376,大明电子,0
2026-09-01,2026-09-02,1,603376,大明电子,0
2026-02-06,2026-02-09,1,000767,晋控电力,0
2026-02-12,2026-02-13,1,000767,晋控电力,0
2026-03-26,2026-03-27,1,000767,晋控电力,1
2026-03-27,2026-03-30,2,000767,晋控电力,0
2026-05-12,2026-05-13,1,000767,晋控电力,1
2026-05-13,2026-05-14,2,000767,晋控电力,0
2026-05-29,2026-06-01,1,000767,晋控电力,1
2026-06-01,2026-06-02,2,000767,晋控电力,0
2026-07-20,2026-07-21,1,000767,晋控电力,0
2026-03-13,2026-03-16,1,600226,亨通股份,0
2026-06-04,2026-06-05,1,600226,亨通股份,0
2026-06-09,2026-06-10,1,600226,亨通股份,0
2026-06-15,2026-06-16,1,600226,亨通股份,0
2026-06-18,2026-06-22,1,600226,亨通股份,0
2026-06-24,2026-06-25,1,600226,亨通股份,0
2026-04-20,2026-04-21,1,603268,松发股份,0
2026-07-06,2026-07-07,1,603268,松发股份,0
2026-08-05,2026-08-06,1,603268,松发股份,0
2026-08-18,2026-08-19,1,000713,国投丰乐,0
2026-09-01,2026-09-02,1,000713,国投丰乐,0
2026-05-21,2026-05-22,1,000725,京东方Ａ,1
2026-05-22,2026-05-25,2,000725,京东方Ａ,0
2026-06-04,2026-06-05,1,000725,京东方Ａ,0
2026-06-17,2026-06-18,1,000725,京东方Ａ,0
2026-01-30,2026-02-02,1,002137,实益达,0
2026-06-02,2026-06-03,1,002137,实益达,1
2026-06-03,2026-06-04,2,002137,实益达,0
2026-06-09,2026-06-10,1,002137,实益达,0
2026-06-15,2026-06-16,1,002137,实益达,0
2026-07-07,2026-07-08,1,002137,实益达,0
2026-09-16,2026-09-17,1,002137,实益达,0
2026-04-28,2026-04-29,1,603317,天味食品,1
2026-04-29,2026-04-30,2,603317,天味食品,0
2026-06-24,2026-06-25,1,603317,天味食品,0
2026-04-29,2026-04-30,1,002174,游族网络,0
2026-06-15,2026-06-16,1,002174,游族网络,0
2026-07-27,2026-07-28,1,002174,游族网络,0
2026-08-13,2026-08-14,1,002174,游族网络,0
2026-09-10,2026-09-11,1,002174,游族网络,0
2026-01-15,2026-01-16,1,002119,康强电子,1
2026-01-16,2026-01-19,2,002119,康强电子,0
2026-01-27,2026-01-28,1,002119,康强电子,1
2026-01-28,2026-01-29,2,002119,康强电子,0
2026-04-07,2026-04-08,1,002119,康强电子,0
2026-06-03,2026-06-04,1,002119,康强电子,0
2026-06-10,2026-06-11,1,002119,康强电子,1
2026-06-11,2026-06-12,2,002119,康强电子,0
2026-06-26,2026-06-29,1,002119,康强电子,0
2026-06-30,2026-07-01,1,002119,康强电子,0
2026-08-05,2026-08-06,1,002119,康强电子,0
2026-01-22,2026-01-23,1,605277,新亚电子,0
2026-03-17,2026-03-18,1,605277,新亚电子,0
2026-05-29,2026-06-01,1,605277,新亚电子,0
2026-06-24,2026-06-25,1,605277,新亚电子,0
2026-08-26,2026-08-27,1,605277,新亚电子,0
2026-06-01,2026-06-02,1,603330,天洋新材,1
2026-06-02,2026-06-03,2,603330,天洋新材,1
2026-06-03,2026-06-04,3,603330,天洋新材,1
2026-06-04,2026-06-05,4,603330,天洋新材,0
2026-06-09,2026-06-10,1,603330,天洋新材,0
2026-07-01,2026-07-02,1,603330,天洋新材,0
2026-07-27,2026-07-28,1,603330,天洋新材,0
2026-08-12,2026-08-13,1,603330,天洋新材,1
2026-08-13,2026-08-14,2,603330,天洋新材,1
2026-08-14,2026-08-17,3,603330,天洋新材,1
2026-08-17,2026-08-18,4,603330,天洋新材,0
2026-08-21,2026-08-24,1,603330,天洋新材,1
2026-08-24,2026-08-25,2,603330,天洋新材,0
2026-01-05,2026-01-06,1,002254,泰和新材,0
2026-02-11,2026-02-12,1,002254,泰和新材,0
2026-03-12,2026-03-13,1,002254,泰和新材,0
2026-05-12,2026-05-13,1,002254,泰和新材,0
2026-05-14,2026-05-15,1,002254,泰和新材,0
2026-05-22,2026-05-25,1,002254,泰和新材,0
2026-06-05,2026-06-08,1,002254,泰和新材,1
2026-06-08,2026-06-09,2,002254,泰和新材,1
2026-06-09,2026-06-10,3,002254,泰和新材,0
2026-06-11,2026-06-12,1,002254,泰和新材,0
2026-06-17,2026-06-18,1,002254,泰和新材,0
2026-06-24,2026-06-25,1,002254,泰和新材,1
2026-06-25,2026-06-26,2,002254,泰和新材,0
2026-01-12,2026-01-13,1,002935,天奥电子,0
2026-04-20,2026-04-21,1,002935,天奥电子,0
2026-06-12,2026-06-15,1,002935,天奥电子,0
2026-01-21,2026-01-22,1,600173,卧龙新能,0
2026-01-26,2026-01-27,1,600173,卧龙新能,0
2026-04-14,2026-04-15,1,600173,卧龙新能,0
2026-05-26,2026-05-27,1,600173,卧龙新能,0
2026-07-23,2026-07-24,1,600173,卧龙新能,0
2026-04-10,2026-04-13,1,600713,南京医药,0
2026-05-26,2026-05-27,1,000759,中百集团,1
2026-05-27,2026-05-28,2,000759,中百集团,0
2026-06-05,2026-06-08,1,000759,中百集团,1
2026-06-08,2026-06-09,2,000759,中百集团,0
2026-06-12,2026-06-15,1,000759,中百集团,0
2026-06-29,2026-06-30,1,000759,中百集团,0
2026-07-08,2026-07-09,1,000759,中百集团,0
2026-07-14,2026-07-15,1,000759,中百集团,0
2026-09-07,2026-09-08,1,000759,中百集团,1
2026-09-08,2026-09-09,2,000759,中百集团,1
2026-09-09,2026-09-10,3,000759,中百集团,0
2026-06-02,2026-06-03,1,601686,友发集团,0
2026-04-22,2026-04-23,1,603606,东方电缆,0
2026-06-29,2026-06-30,1,603606,东方电缆,0
2026-03-06,2026-03-09,1,603158,腾龙股份,0
2026-03-11,2026-03-12,1,603158,腾龙股份,0
2026-04-01,2026-04-02,1,603158,腾龙股份,0
2026-05-06,2026-05-07,1,603158,腾龙股份,1
2026-05-07,2026-05-08,2,603158,腾龙股份,0
2025-12-26,2025-12-29,1,600858,银座股份,0
2026-01-09,2026-01-12,1,600858,银座股份,0
2025-12-26,2025-12-29,1,002506,协鑫集成,0
2026-01-23,2026-01-26,1,002506,协鑫集成,1
2026-01-26,2026-01-27,2,002506,协鑫集成,0
2026-02-04,2026-02-05,1,002506,协鑫集成,1
2026-02-05,2026-02-06,2,002506,协鑫集成,1
2026-02-06,2026-02-09,3,002506,协鑫集成,1
2026-02-09,2026-02-10,4,002506,协鑫集成,0
2026-02-24,2026-02-25,1,002506,协鑫集成,0
2026-03-03,2026-03-04,1,002506,协鑫集成,0
2026-03-06,2026-03-09,1,002506,协鑫集成,0
2026-03-17,2026-03-18,1,002506,协鑫集成,0
2026-05-14,2026-05-15,1,002506,协鑫集成,0
2026-08-19,2026-08-20,1,001338,永顺泰,0
2026-07-01,2026-07-02,1,002458,益生股份,1
2026-07-02,2026-07-03,2,002458,益生股份,0
2026-08-10,2026-08-11,1,002458,益生股份,0
2026-04-28,2026-04-29,1,600496,精工钢构,0
2026-05-14,2026-05-15,1,002976,瑞玛精密,0
2026-05-25,2026-05-26,1,002976,瑞玛精密,0
2026-06-09,2026-06-10,1,002976,瑞玛精密,0
2026-06-12,2026-06-15,1,002976,瑞玛精密,0
2026-06-23,2026-06-24,1,002976,瑞玛精密,0
2026-09-14,2026-09-15,1,002976,瑞玛精密,0
2026-09-16,2026-09-17,1,002976,瑞玛精密,0
2026-07-03,2026-07-06,1,601100,恒立液压,0
2026-04-28,2026-04-29,1,603779,威龙股份,0
2026-05-13,2026-05-14,1,603779,威龙股份,1
2026-05-14,2026-05-15,2,603779,威龙股份,1
2026-05-15,2026-05-18,3,603779,威龙股份,1
2026-05-18,2026-05-19,4,603779,威龙股份,1
2026-05-19,2026-05-20,5,603779,威龙股份,1
2026-05-20,2026-05-21,6,603779,威龙股份,1
2026-07-20,2026-07-21,1,603779,威龙股份,0
2026-07-31,2026-08-03,1,603779,威龙股份,0
2026-01-22,2026-01-23,1,002266,浙富控股,0
2025-12-31,2026-01-05,1,002565,顺灏股份,0
2026-01-08,2026-01-09,1,002565,顺灏股份,0
2026-01-22,2026-01-23,1,002565,顺灏股份,0
2026-03-17,2026-03-18,1,002565,顺灏股份,1
2026-03-18,2026-03-19,2,002565,顺灏股份,0
2026-03-23,2026-03-24,1,002565,顺灏股份,0
2026-03-31,2026-04-01,1,002565,顺灏股份,0
2026-04-21,2026-04-22,1,002565,顺灏股份,0
2026-01-23,2026-01-26,1,000990,诚志股份,0
2026-03-12,2026-03-13,1,000990,诚志股份,0
2026-03-18,2026-03-19,1,000990,诚志股份,0
2026-04-07,2026-04-08,1,000990,诚志股份,0
2026-04-09,2026-04-10,1,000990,诚志股份,0
2026-04-22,2026-04-23,1,000990,诚志股份,0
2026-03-13,2026-03-16,1,603366,日出东方,0
2026-03-19,2026-03-20,1,603366,日出东方,0
2026-06-30,2026-07-01,1,603366,日出东方,0
2026-08-19,2026-08-20,1,603366,日出东方,0
2026-09-04,2026-09-07,1,000702,正虹科技,0
2025-12-26,2025-12-29,2,002009,天奇股份,1
2025-12-29,2025-12-30,3,002009,天奇股份,1
2025-12-30,2025-12-31,4,002009,天奇股份,0
2026-01-26,2026-01-27,1,002009,天奇股份,1
2026-01-27,2026-01-28,2,002009,天奇股份,0
2026-01-30,2026-02-02,1,002009,天奇股份,0
2026-02-06,2026-02-09,1,002009,天奇股份,0
2026-02-13,2026-02-24,1,002009,天奇股份,0
2026-05-08,2026-05-11,1,002009,天奇股份,0
2026-06-30,2026-07-01,1,002009,天奇股份,0
2026-07-03,2026-07-06,1,600990,四创电子,0
2026-07-23,2026-07-24,1,600990,四创电子,0
2026-01-22,2026-01-23,1,002149,西部材料,1
2026-01-23,2026-01-26,2,002149,西部材料,0
2026-03-26,2026-03-27,1,002149,西部材料,0
2026-04-14,2026-04-15,1,002149,西部材料,0
2026-04-20,2026-04-21,1,002149,西部材料,0
2026-04-30,2026-05-06,1,002149,西部材料,1
2026-05-06,2026-05-07,2,002149,西部材料,0
2026-03-12,2026-03-13,1,002221,东华能源,0
2026-05-06,2026-05-07,1,603418,友升股份,0
2026-05-11,2026-05-12,1,000425,徐工机械,0
2025-12-29,2025-12-30,1,600477,杭萧钢构,0
2026-01-08,2026-01-09,1,600477,杭萧钢构,1
2026-01-09,2026-01-12,2,600477,杭萧钢构,1
2026-01-12,2026-01-13,3,600477,杭萧钢构,1
2026-01-13,2026-01-14,4,600477,杭萧钢构,0
2026-01-22,2026-01-23,1,600477,杭萧钢构,0
2026-02-09,2026-02-10,1,600477,杭萧钢构,0
2026-04-28,2026-04-29,1,600379,宝光股份,1
2026-04-29,2026-04-30,2,600379,宝光股份,1
2026-04-30,2026-05-06,3,600379,宝光股份,1
2026-05-06,2026-05-07,4,600379,宝光股份,0
2026-05-11,2026-05-12,1,600379,宝光股份,0
2026-05-13,2026-05-14,1,600379,宝光股份,0
2026-06-23,2026-06-24,1,600379,宝光股份,1
2026-06-24,2026-06-25,2,600379,宝光股份,0
2026-06-30,2026-07-01,1,600379,宝光股份,0
2026-07-23,2026-07-24,1,600379,宝光股份,0
2026-08-04,2026-08-05,1,600379,宝光股份,0
2026-08-12,2026-08-13,1,600379,宝光股份,0
2026-06-24,2026-06-25,1,002452,长高电气,0
2026-02-09,2026-02-10,1,600185,珠免集团,0
2026-09-03,2026-09-04,1,600185,珠免集团,0
2026-03-11,2026-03-12,1,000062,深圳华强,0
2026-04-07,2026-04-08,1,000062,深圳华强,0
2026-04-22,2026-04-23,1,000062,深圳华强,0
2026-04-24,2026-04-27,1,000062,深圳华强,1
2026-04-27,2026-04-28,2,000062,深圳华强,0
2026-05-11,2026-05-12,1,000062,深圳华强,0
2026-06-02,2026-06-03,1,000062,深圳华强,0
2026-08-28,2026-08-31,1,000062,深圳华强,0
2026-01-07,2026-01-08,1,601179,中国西电,0
2026-01-19,2026-01-20,1,601179,中国西电,0
2026-03-05,2026-03-06,1,601179,中国西电,0
2026-06-15,2026-06-16,1,601179,中国西电,1
2026-06-16,2026-06-17,2,601179,中国西电,0
2026-06-22,2026-06-23,1,601179,中国西电,0
2026-07-23,2026-07-24,1,601179,中国西电,0
2026-01-20,2026-01-21,1,600675,中华企业,0
2026-04-16,2026-04-17,1,600719,大连热电,0
2026-05-06,2026-05-07,1,600719,大连热电,1
2026-05-07,2026-05-08,2,600719,大连热电,0
2026-05-12,2026-05-13,1,600719,大连热电,0
2026-05-22,2026-05-25,1,600719,大连热电,0
2026-06-09,2026-06-10,1,600719,大连热电,0
2026-06-23,2026-06-24,1,600719,大连热电,0
2026-09-18,2026-09-21,1,600719,大连热电,0
2026-08-18,2026-08-19,1,000597,东北制药,0
2026-02-04,2026-02-05,1,002928,华夏航空,0
2026-04-08,2026-04-09,1,002928,华夏航空,0
2026-06-25,2026-06-26,1,002928,华夏航空,0
2026-01-15,2026-01-16,1,600520,三佳科技,0
2026-04-17,2026-04-20,1,600520,三佳科技,0
2026-04-21,2026-04-22,1,600520,三佳科技,0
2026-05-25,2026-05-26,1,600520,三佳科技,1
2026-05-26,2026-05-27,2,600520,三佳科技,0
2026-06-15,2026-06-16,1,600520,三佳科技,0
2026-04-29,2026-04-30,1,000831,中国稀土,0
2026-08-07,2026-08-10,1,000831,中国稀土,0
2026-08-14,2026-08-17,1,000831,中国稀土,0
2026-03-12,2026-03-13,1,000553,安道麦A,0
2026-03-27,2026-03-30,1,000553,安道麦A,0
2026-04-30,2026-05-06,1,000553,安道麦A,1
2026-05-06,2026-05-07,2,000553,安道麦A,0
2026-02-11,2026-02-12,1,600583,海油工程,0
2026-03-02,2026-03-03,1,600583,海油工程,1
2026-03-03,2026-03-04,2,600583,海油工程,0
2026-01-12,2026-01-13,1,000612,焦作万方,0
2026-04-13,2026-04-14,1,000612,焦作万方,0
2026-06-22,2026-06-23,1,000612,焦作万方,0
2026-07-02,2026-07-03,1,603818,曲美家居,0
2026-02-26,2026-02-27,1,600979,广安爱众,0
2026-03-19,2026-03-20,1,600979,广安爱众,0
2026-04-20,2026-04-21,1,600979,广安爱众,1
2026-04-21,2026-04-22,2,600979,广安爱众,0
2026-05-29,2026-06-01,1,600979,广安爱众,0
2026-06-11,2026-06-12,1,600979,广安爱众,0
2026-03-25,2026-03-26,1,000791,甘肃能源,0
2026-04-13,2026-04-14,1,000791,甘肃能源,0
2026-05-11,2026-05-12,1,000791,甘肃能源,0
2026-05-28,2026-05-29,1,000791,甘肃能源,0
2026-06-16,2026-06-17,1,000791,甘肃能源,0
2026-05-13,2026-05-14,1,600737,中粮糖业,0
2026-06-01,2026-06-02,1,600737,中粮糖业,0
2026-06-30,2026-07-01,1,600737,中粮糖业,0
2026-08-18,2026-08-19,1,600737,中粮糖业,0
2026-09-08,2026-09-09,1,600737,中粮糖业,0
2026-09-14,2026-09-15,1,000868,安凯客车,0
2026-09-17,2026-09-18,1,000868,安凯客车,0
2026-01-06,2026-01-07,1,601886,江河集团,0
2026-08-10,2026-08-11,1,601886,江河集团,0
2026-08-12,2026-08-13,1,601886,江河集团,1
2026-08-13,2026-08-14,2,601886,江河集团,0
2026-05-25,2026-05-26,1,600603,广汇物流,0
2026-03-06,2026-03-09,1,600319,亚星化学,0
2025-12-26,2025-12-29,1,002136,安 纳 达,0
2026-02-24,2026-02-25,1,002136,安 纳 达,0
2026-04-29,2026-04-30,1,002136,安 纳 达,0
2026-06-15,2026-06-16,1,002136,安 纳 达,0
2026-01-09,2026-01-12,1,000969,安泰科技,1
2026-01-12,2026-01-13,2,000969,安泰科技,0
2026-06-12,2026-06-15,1,000969,安泰科技,0
2026-01-06,2026-01-07,1,600838,上海九百,0
2026-01-08,2026-01-09,1,600838,上海九百,0
2026-01-20,2026-01-21,1,600838,上海九百,0
2026-08-25,2026-08-26,1,600838,上海九百,0
2026-09-18,2026-09-21,1,600838,上海九百,0
2026-05-11,2026-05-12,1,002179,中航光电,0
2025-12-26,2025-12-29,1,600708,光明地产,0
2026-01-15,2026-01-16,1,600708,光明地产,0
2026-04-29,2026-04-30,1,600708,光明地产,0
2026-06-23,2026-06-24,1,600708,光明地产,0
2026-01-15,2026-01-16,1,002545,东方铁塔,0
2026-03-02,2026-03-03,1,002545,东方铁塔,0
2026-07-22,2026-07-23,1,002545,东方铁塔,0
2025-12-30,2025-12-31,1,002196,方正电机,0
2026-01-16,2026-01-19,1,002196,方正电机,0
2026-01-21,2026-01-22,1,002196,方正电机,0
2026-05-15,2026-05-18,1,002196,方正电机,0
2026-06-23,2026-06-24,1,002196,方正电机,0
2026-05-22,2026-05-25,1,600416,湘电股份,0
2025-12-26,2025-12-29,1,002903,宇环数控,0
2026-03-09,2026-03-10,1,002903,宇环数控,1
2026-03-10,2026-03-11,2,002903,宇环数控,0
2026-03-13,2026-03-16,1,002903,宇环数控,0
2026-04-29,2026-04-30,1,002903,宇环数控,0
2026-05-06,2026-05-07,1,002903,宇环数控,1
2026-05-07,2026-05-08,2,002903,宇环数控,0
2026-06-02,2026-06-03,1,002903,宇环数控,0
2026-06-05,2026-06-08,1,002903,宇环数控,0
2026-06-15,2026-06-16,1,002903,宇环数控,0
2026-06-30,2026-07-01,1,002903,宇环数控,0
2026-07-29,2026-07-30,1,002903,宇环数控,0
2026-08-20,2026-08-21,1,002903,宇环数控,1
2026-08-21,2026-08-24,2,002903,宇环数控,0
2026-08-31,2026-09-01,1,002903,宇环数控,0
2026-09-16,2026-09-17,1,002903,宇环数控,0
2026-01-28,2026-01-29,1,601799,星宇股份,0
2026-02-03,2026-02-04,1,601799,星宇股份,0
2026-03-10,2026-03-11,1,603803,瑞斯康达,1
2026-03-11,2026-03-12,2,603803,瑞斯康达,0
2026-03-13,2026-03-16,1,603803,瑞斯康达,0
2026-03-18,2026-03-19,1,603803,瑞斯康达,0
2026-03-23,2026-03-24,1,603803,瑞斯康达,0
2026-04-01,2026-04-02,1,603803,瑞斯康达,0
2026-04-13,2026-04-14,1,603803,瑞斯康达,0
2026-04-29,2026-04-30,1,603803,瑞斯康达,0
2026-05-07,2026-05-08,1,603803,瑞斯康达,0
2026-06-16,2026-06-17,1,603803,瑞斯康达,0
2026-07-22,2026-07-23,1,603803,瑞斯康达,0
2026-08-21,2026-08-24,1,603803,瑞斯康达,0
2026-09-16,2026-09-17,1,002489,浙江永强,0
2026-03-12,2026-03-13,1,603527,众源新材,0
2026-03-24,2026-03-25,1,603527,众源新材,0
2026-04-14,2026-04-15,1,603527,众源新材,0
2026-05-28,2026-05-29,1,603527,众源新材,0
2026-06-25,2026-06-26,1,603527,众源新材,0
2026-01-08,2026-01-09,1,603169,兰石重装,0
2026-03-13,2026-03-16,1,603169,兰石重装,0
2026-06-16,2026-06-17,1,603169,兰石重装,0
2026-07-03,2026-07-06,1,605068,明新旭腾,0
2026-07-27,2026-07-28,1,605068,明新旭腾,1
2026-07-28,2026-07-29,2,605068,明新旭腾,1
2026-07-29,2026-07-30,3,605068,明新旭腾,1
2026-07-30,2026-07-31,4,605068,明新旭腾,0
2026-08-04,2026-08-05,1,605068,明新旭腾,0
2026-09-01,2026-09-02,1,605068,明新旭腾,0
2026-09-03,2026-09-04,1,605068,明新旭腾,0
2026-04-07,2026-04-08,1,002274,华昌化工,0
2026-07-09,2026-07-10,1,002274,华昌化工,0
2026-09-02,2026-09-03,1,002274,华昌化工,0
2026-09-08,2026-09-09,1,002274,华昌化工,0
2026-03-23,2026-03-24,1,600032,浙江新能,1
2026-03-24,2026-03-25,2,600032,浙江新能,1
2026-03-25,2026-03-26,3,600032,浙江新能,0
2026-04-13,2026-04-14,1,600032,浙江新能,0
2026-04-21,2026-04-22,1,600032,浙江新能,0
2026-05-18,2026-05-19,1,600032,浙江新能,0
2026-05-28,2026-05-29,1,600032,浙江新能,0
2026-07-20,2026-07-21,1,600032,浙江新能,0
2026-08-18,2026-08-19,1,000153,丰原药业,0
2026-03-25,2026-03-26,1,600780,通宝能源,1
2026-03-26,2026-03-27,2,600780,通宝能源,0
2026-08-10,2026-08-11,1,001222,源飞宠物,0
2026-09-04,2026-09-07,1,001222,源飞宠物,0
2026-06-09,2026-06-10,1,002676,顺威股份,0
2026-03-03,2026-03-04,1,605169,洪通燃气,0
2026-03-19,2026-03-20,1,605169,洪通燃气,0
2026-05-08,2026-05-11,1,605169,洪通燃气,0
2026-08-26,2026-08-27,1,605169,洪通燃气,0
2026-01-28,2026-01-29,1,000573,粤宏远Ａ,0
2026-07-10,2026-07-13,1,000573,粤宏远Ａ,0
2026-01-16,2026-01-19,1,002358,森源电气,1
2026-01-19,2026-01-20,2,002358,森源电气,1
2026-01-20,2026-01-21,3,002358,森源电气,0
2026-02-02,2026-02-03,1,002358,森源电气,0
2026-02-24,2026-02-25,1,002358,森源电气,0
2026-07-23,2026-07-24,1,002358,森源电气,0
2026-01-20,2026-01-21,1,601212,白银有色,1
2026-01-21,2026-01-22,2,601212,白银有色,1
2026-01-22,2026-01-23,3,601212,白银有色,1
2026-01-23,2026-01-26,4,601212,白银有色,1
2026-01-26,2026-01-27,5,601212,白银有色,1
2026-01-27,2026-01-28,6,601212,白银有色,1
2026-02-24,2026-02-25,1,601212,白银有色,0
2026-03-02,2026-03-03,1,601212,白银有色,0
2026-08-21,2026-08-24,1,601212,白银有色,1
2026-08-24,2026-08-25,2,601212,白银有色,0
2026-08-26,2026-08-27,1,601212,白银有色,0
2026-09-03,2026-09-04,1,601212,白银有色,0
2026-01-05,2026-01-06,1,002488,金固股份,0
2026-05-27,2026-05-28,1,605066,天正电气,0
2025-12-26,2025-12-29,3,605598,上海港湾,0
2026-01-23,2026-01-26,1,605598,上海港湾,0
2026-02-09,2026-02-10,1,605598,上海港湾,0
2026-05-07,2026-05-08,1,605598,上海港湾,0
2026-06-24,2026-06-25,1,605598,上海港湾,0
2026-07-10,2026-07-13,1,605598,上海港湾,0
2026-01-21,2026-01-22,1,600988,赤峰黄金,0
2026-01-26,2026-01-27,1,600988,赤峰黄金,0
2026-01-28,2026-01-29,1,600988,赤峰黄金,0
2026-03-02,2026-03-03,1,600988,赤峰黄金,0
2026-07-02,2026-07-03,1,600988,赤峰黄金,1
2026-07-03,2026-07-06,2,600988,赤峰黄金,0
2026-07-21,2026-07-22,1,600988,赤峰黄金,0
2026-06-03,2026-06-04,1,600505,西昌电力,0
2026-06-08,2026-06-09,1,600505,西昌电力,0
2026-06-25,2026-06-26,1,603733,仙鹤股份,0
2026-01-12,2026-01-13,1,000785,居然智家,1
2026-01-13,2026-01-14,2,000785,居然智家,0
2026-04-15,2026-04-16,1,000785,居然智家,0
2026-06-08,2026-06-09,1,000785,居然智家,0
2026-01-14,2026-01-15,1,002310,东方新能,0
2026-03-16,2026-03-17,1,002310,东方新能,0
2026-03-19,2026-03-20,1,002310,东方新能,1
2026-03-20,2026-03-23,2,002310,东方新能,1
2026-03-23,2026-03-24,3,002310,东方新能,0
2026-03-27,2026-03-30,1,002310,东方新能,0
2026-04-07,2026-04-08,1,002310,东方新能,0
2026-05-13,2026-05-14,1,002310,东方新能,0
2026-06-30,2026-07-01,1,002310,东方新能,0
2026-07-15,2026-07-16,1,002310,东方新能,0
2026-07-27,2026-07-28,1,002310,东方新能,1
2026-07-28,2026-07-29,2,002310,东方新能,0
2026-06-03,2026-06-04,1,603319,XD美湖股份,0
2026-08-27,2026-08-28,1,603319,XD美湖股份,0
2026-09-21,2026-09-22,1,603319,XD美湖股份,0
2026-03-24,2026-03-25,1,002887,绿茵生态,0
2025-12-29,2025-12-30,1,002272,川润股份,0
2026-02-09,2026-02-10,1,002272,川润股份,0
2026-02-12,2026-02-13,1,002272,川润股份,0
2026-02-26,2026-02-27,1,002272,川润股份,0
2026-03-04,2026-03-05,1,002272,川润股份,0
2026-03-27,2026-03-30,1,002272,川润股份,0
2026-05-06,2026-05-07,1,002272,川润股份,0
2026-05-18,2026-05-19,1,002272,川润股份,1
2026-05-19,2026-05-20,2,002272,川润股份,1
2026-05-20,2026-05-21,3,002272,川润股份,0
2026-05-22,2026-05-25,1,002272,川润股份,0
2025-12-12,2025-12-15,1,001331,胜通能源,1
2025-12-15,2025-12-16,2,001331,胜通能源,1
2025-12-16,2025-12-17,3,001331,胜通能源,1
2025-12-17,2025-12-18,4,001331,胜通能源,1
2025-12-18,2025-12-19,5,001331,胜通能源,1
2025-12-19,2025-12-22,6,001331,胜通能源,1
2026-01-19,2026-01-20,1,001331,胜通能源,0
2026-05-11,2026-05-12,1,001331,胜通能源,0
2026-05-26,2026-05-27,1,001331,胜通能源,0
2026-06-30,2026-07-01,1,001331,胜通能源,1
2026-07-01,2026-07-02,2,001331,胜通能源,0
2026-08-03,2026-08-04,1,001331,胜通能源,1
2026-08-04,2026-08-05,2,001331,胜通能源,0
2026-01-21,2026-01-22,1,603040,新坐标,1
2026-01-22,2026-01-23,2,603040,新坐标,0
2026-05-15,2026-05-18,1,603040,新坐标,0
2026-07-01,2026-07-02,1,603040,新坐标,0
2026-01-21,2026-01-22,1,000045,深纺织Ａ,0
2026-03-05,2026-03-06,1,000045,深纺织Ａ,0
2026-07-28,2026-07-29,1,000045,深纺织Ａ,0
2026-05-08,2026-05-11,1,000582,北部湾港,0
2026-05-22,2026-05-25,1,605500,森林包装,0
2026-01-09,2026-01-12,1,603305,旭升集团,1
2026-01-12,2026-01-13,2,603305,旭升集团,0
2026-01-22,2026-01-23,1,603305,旭升集团,0
2026-02-09,2026-02-10,1,002079,苏州固锝,0
2026-04-29,2026-04-30,1,002079,苏州固锝,0
2026-01-05,2026-01-06,1,603127,昭衍新药,0
2026-03-27,2026-03-30,1,603127,昭衍新药,0
2026-05-21,2026-05-22,1,603127,昭衍新药,0
2026-06-18,2026-06-22,1,603127,昭衍新药,0
2026-07-10,2026-07-13,1,603127,昭衍新药,0
2026-07-15,2026-07-16,1,603127,昭衍新药,0
2026-07-27,2026-07-28,1,603127,昭衍新药,0
2026-08-07,2026-08-10,1,603127,昭衍新药,0
2025-12-29,2025-12-30,1,001311,多利科技,0
2026-01-27,2026-01-28,1,001311,多利科技,0
2026-07-07,2026-07-08,1,001311,多利科技,0
2026-06-09,2026-06-10,1,002583,海能达,0
2025-12-31,2026-01-05,1,600501,航天晨光,0
2026-01-08,2026-01-09,1,600501,航天晨光,0
2026-02-26,2026-02-27,1,000546,金圆股份,0
2026-03-27,2026-03-30,1,000546,金圆股份,0
2026-04-16,2026-04-17,1,000546,金圆股份,0
2026-04-24,2026-04-27,1,000546,金圆股份,0
2026-01-06,2026-01-07,1,000545,金浦钛业,0
2026-02-24,2026-02-25,1,000545,金浦钛业,1
2026-02-25,2026-02-26,2,000545,金浦钛业,0
2026-03-06,2026-03-09,1,000545,金浦钛业,0
2026-03-11,2026-03-12,1,000545,金浦钛业,0
2026-06-15,2026-06-16,1,000545,金浦钛业,0
2026-06-22,2026-06-23,1,000545,金浦钛业,0
2026-07-01,2026-07-02,1,000545,金浦钛业,0
2026-07-06,2026-07-07,1,000545,金浦钛业,0
2026-03-24,2026-03-25,1,002645,华宏科技,0
2026-04-01,2026-04-02,1,002645,华宏科技,0
2026-04-09,2026-04-10,1,002645,华宏科技,0
2026-04-29,2026-04-30,1,002645,华宏科技,1
2026-04-30,2026-05-06,2,002645,华宏科技,0
2026-05-11,2026-05-12,1,002645,华宏科技,0
2026-05-20,2026-05-21,1,002645,华宏科技,0
2026-05-25,2026-05-26,1,002645,华宏科技,0
2026-06-04,2026-06-05,1,002645,华宏科技,0
2026-06-16,2026-06-17,1,002645,华宏科技,0
2026-08-14,2026-08-17,1,002645,华宏科技,0
2026-03-02,2026-03-03,1,600938,中国海油,1
2026-03-03,2026-03-04,2,600938,中国海油,0
2026-07-20,2026-07-21,1,600938,中国海油,0
2026-02-04,2026-02-05,1,600778,友好集团,0
2026-09-09,2026-09-10,1,600778,友好集团,0
2026-07-17,2026-07-20,1,605011,杭州热电,0
2026-09-11,2026-09-14,1,605011,杭州热电,0
2026-09-02,2026-09-03,1,603701,德宏股份,0
2026-04-07,2026-04-08,1,000919,金陵药业,1
2026-04-08,2026-04-09,2,000919,金陵药业,0
2026-04-15,2026-04-16,1,000919,金陵药业,0
2026-01-06,2026-01-07,1,600691,潞化科技,0
2026-03-12,2026-03-13,1,600691,潞化科技,1
2026-03-13,2026-03-16,2,600691,潞化科技,0
2026-03-17,2026-03-18,1,600691,潞化科技,0
2026-04-07,2026-04-08,1,600691,潞化科技,0
2026-08-28,2026-08-31,1,600691,潞化科技,1
2026-08-31,2026-09-01,2,600691,潞化科技,0
2026-09-08,2026-09-09,1,600691,潞化科技,0
2026-01-05,2026-01-06,1,000426,兴业银锡,0
2026-01-23,2026-01-26,1,000426,兴业银锡,1
2026-01-26,2026-01-27,2,000426,兴业银锡,0
2026-04-08,2026-04-09,1,000426,兴业银锡,0
2026-07-21,2026-07-22,1,000426,兴业银锡,0
2026-05-25,2026-05-26,1,600969,郴电国际,0
2026-07-20,2026-07-21,1,600969,郴电国际,0
2026-08-26,2026-08-27,1,600969,郴电国际,1
2026-08-27,2026-08-28,2,600969,郴电国际,0
2026-09-03,2026-09-04,1,600969,郴电国际,0
2026-06-30,2026-07-01,1,600846,同济科技,0
2026-07-21,2026-07-22,1,600846,同济科技,0
2026-01-07,2026-01-08,1,002796,世嘉科技,0
2026-01-15,2026-01-16,1,002796,世嘉科技,1
2026-01-16,2026-01-19,2,002796,世嘉科技,0
2026-01-21,2026-01-22,1,002796,世嘉科技,0
2026-01-27,2026-01-28,1,002796,世嘉科技,0
2026-02-12,2026-02-13,1,002796,世嘉科技,0
2026-03-05,2026-03-06,1,002796,世嘉科技,0
2026-04-03,2026-04-07,1,002796,世嘉科技,0
2026-04-17,2026-04-20,1,002796,世嘉科技,0
2026-04-22,2026-04-23,1,002796,世嘉科技,0
2026-05-20,2026-05-21,1,002796,世嘉科技,0
2026-08-04,2026-08-05,1,002796,世嘉科技,0
2026-09-17,2026-09-18,1,002796,世嘉科技,0
2026-07-10,2026-07-13,1,603151,邦基科技股份,0
2026-08-10,2026-08-11,1,603151,邦基科技股份,0
2026-09-04,2026-09-07,1,603151,邦基科技股份,0
2026-09-21,2026-09-22,1,603151,邦基科技股份,0
2026-06-10,2026-06-11,1,000558,天府文旅,0
2026-05-19,2026-05-20,1,002893,京能热力,0
2026-09-02,2026-09-03,1,002893,京能热力,0
2026-06-29,2026-06-30,1,003019,宸展光电,0
2026-04-15,2026-04-16,1,600572,康恩贝,0
2026-08-12,2026-08-13,1,600572,康恩贝,0
2026-01-05,2026-01-06,1,000516,国际医学,1
2026-01-06,2026-01-07,2,000516,国际医学,0
2026-01-13,2026-01-14,1,000516,国际医学,1
2026-01-14,2026-01-15,2,000516,国际医学,0
2026-03-06,2026-03-09,1,000516,国际医学,0
2026-04-10,2026-04-13,1,002988,豪美新材,0
2026-05-19,2026-05-20,1,002988,豪美新材,0
2026-07-03,2026-07-06,1,002988,豪美新材,0
2026-08-14,2026-08-17,1,002988,豪美新材,0
2026-08-21,2026-08-24,1,002988,豪美新材,0
2026-09-07,2026-09-08,1,002988,豪美新材,0
2026-05-28,2026-05-29,1,000090,天健集团,1
2026-05-29,2026-06-01,2,000090,天健集团,0
2026-07-30,2026-07-31,1,603185,弘元绿能,0
2026-05-20,2026-05-21,1,000926,福星股份,0
2026-05-25,2026-05-26,1,000926,福星股份,0
2026-05-29,2026-06-01,1,000926,福星股份,0
2026-01-26,2026-01-27,1,600791,京能置业,0
2026-02-13,2026-02-24,1,600791,京能置业,0
2026-03-17,2026-03-18,1,600791,京能置业,0
2026-04-07,2026-04-08,1,600791,京能置业,0
2026-06-03,2026-06-04,1,600791,京能置业,0
2026-06-22,2026-06-23,1,600791,京能置业,0
2026-07-06,2026-07-07,1,600791,京能置业,0
2026-07-31,2026-08-03,1,600791,京能置业,0
2026-09-07,2026-09-08,1,600791,京能置业,0
2026-09-01,2026-09-02,1,000711,京蓝科技,0
2026-01-22,2026-01-23,1,002938,鹏鼎控股,0
2026-04-22,2026-04-23,1,002938,鹏鼎控股,0
2026-05-13,2026-05-14,1,002938,鹏鼎控股,0
2026-05-22,2026-05-25,1,002938,鹏鼎控股,1
2026-05-25,2026-05-26,2,002938,鹏鼎控股,0
2026-06-17,2026-06-18,1,002938,鹏鼎控股,0
2026-08-04,2026-08-05,1,002938,鹏鼎控股,0
2026-05-08,2026-05-11,1,002965,祥鑫科技,0
2026-06-03,2026-06-04,1,002965,祥鑫科技,0
2026-06-11,2026-06-12,1,002965,祥鑫科技,0
2026-06-25,2026-06-26,1,002965,祥鑫科技,1
2026-06-26,2026-06-29,2,002965,祥鑫科技,0
2026-09-18,2026-09-21,1,002965,祥鑫科技,0
2026-03-06,2026-03-09,1,603063,禾望电气,0
2026-04-15,2026-04-16,1,603063,禾望电气,0
2026-04-17,2026-04-20,1,603063,禾望电气,0
2026-05-06,2026-05-07,1,603063,禾望电气,0
2026-05-11,2026-05-12,1,603063,禾望电气,0
2026-05-13,2026-05-14,1,603063,禾望电气,0
2026-06-25,2026-06-26,1,603063,禾望电气,0
2026-02-25,2026-02-26,1,600010,包钢股份,0
2026-03-10,2026-03-11,1,601778,晶科科技,0
2026-04-14,2026-04-15,1,601778,晶科科技,0
2026-04-16,2026-04-17,1,601778,晶科科技,0
2026-04-23,2026-04-24,1,601778,晶科科技,0
2026-05-06,2026-05-07,1,601778,晶科科技,0
2026-01-12,2026-01-13,1,601992,金隅集团,1
2026-01-13,2026-01-14,2,601992,金隅集团,1
2026-01-14,2026-01-15,3,601992,金隅集团,0
2026-01-22,2026-01-23,1,601992,金隅集团,0
2026-02-03,2026-02-04,1,601992,金隅集团,0
2026-05-22,2026-05-25,1,601992,金隅集团,0
2026-01-06,2026-01-07,1,002025,航天电器,0
2026-01-08,2026-01-09,1,002025,航天电器,0
2026-03-10,2026-03-11,1,002025,航天电器,0
2026-04-07,2026-04-08,1,002025,航天电器,0
2026-04-09,2026-04-10,1,002025,航天电器,0
2026-06-24,2026-06-25,1,002025,航天电器,1
2026-06-25,2026-06-26,2,002025,航天电器,0
2026-07-06,2026-07-07,1,002025,航天电器,0
2026-08-18,2026-08-19,1,002025,航天电器,0
2026-05-07,2026-05-08,1,000697,炼石航空,0
2026-03-17,2026-03-18,1,000042,中洲控股,0
2026-06-23,2026-06-24,1,000042,中洲控股,0
2026-01-19,2026-01-20,1,603926,铁流股份,1
2026-01-20,2026-01-21,2,603926,铁流股份,1
2026-01-21,2026-01-22,3,603926,铁流股份,0
2026-04-17,2026-04-20,1,603926,铁流股份,0
2026-07-02,2026-07-03,1,603926,铁流股份,0
2026-09-07,2026-09-08,1,603926,铁流股份,0
2025-12-30,2025-12-31,1,600192,长城电工,0
2026-01-22,2026-01-23,1,600192,长城电工,0
2026-03-24,2026-03-25,1,600192,长城电工,0
2026-06-16,2026-06-17,1,600192,长城电工,1
2026-06-17,2026-06-18,2,600192,长城电工,0
2026-07-10,2026-07-13,1,600192,长城电工,0
2026-08-03,2026-08-04,1,600192,长城电工,0
2026-08-10,2026-08-11,1,600192,长城电工,0
2026-09-09,2026-09-10,1,600192,长城电工,1
2026-09-10,2026-09-11,2,600192,长城电工,0
2025-12-30,2025-12-31,1,603798,康普顿,0
2026-04-02,2026-04-03,1,603798,康普顿,0
2026-07-03,2026-07-06,1,603798,康普顿,0
2026-08-03,2026-08-04,1,603798,康普顿,0
2026-03-17,2026-03-18,1,000572,海马汽车,0
2026-07-02,2026-07-03,1,000572,海马汽车,0
2026-09-14,2026-09-15,1,000572,海马汽车,0
2026-08-13,2026-08-14,1,002644,佛慈制药,0
2026-07-03,2026-07-06,1,002765,蓝黛科技,0
2026-06-09,2026-06-10,1,001369,双欣材料,0
2026-07-17,2026-07-20,1,001369,双欣材料,0
2026-02-26,2026-02-27,1,603267,鸿远电子,0
2026-05-22,2026-05-25,1,603267,鸿远电子,0
2026-05-28,2026-05-29,1,603267,鸿远电子,0
2026-06-02,2026-06-03,1,603267,鸿远电子,0
2026-06-15,2026-06-16,1,603267,鸿远电子,0
2026-06-25,2026-06-26,1,603267,鸿远电子,0
2026-02-10,2026-02-11,1,600207,安彩高科,0
2026-03-26,2026-03-27,1,600207,安彩高科,0
2026-05-07,2026-05-08,1,600207,安彩高科,0
2026-06-05,2026-06-08,1,600207,安彩高科,0
2026-09-11,2026-09-14,1,600207,安彩高科,0
2026-01-19,2026-01-20,1,600378,昊华科技,0
2026-05-26,2026-05-27,1,600378,昊华科技,0
2026-06-10,2026-06-11,1,600378,昊华科技,1
2026-06-11,2026-06-12,2,600378,昊华科技,0
2026-06-17,2026-06-18,1,600378,昊华科技,0
2026-06-29,2026-06-30,1,600378,昊华科技,1
2026-06-30,2026-07-01,2,600378,昊华科技,0
2026-08-04,2026-08-05,1,600378,昊华科技,0
2026-08-06,2026-08-07,1,600378,昊华科技,0
2026-08-27,2026-08-28,1,600378,昊华科技,1
2026-08-28,2026-08-31,2,600378,昊华科技,0
2026-06-10,2026-06-11,1,002430,杭氧股份,0
2026-07-30,2026-07-31,1,603382,海阳科技,0
2026-08-10,2026-08-11,1,603382,海阳科技,0
2026-08-14,2026-08-17,1,603382,海阳科技,0
2026-01-05,2026-01-06,1,600880,博瑞传播,0
2026-01-09,2026-01-12,1,600880,博瑞传播,1
2026-01-12,2026-01-13,2,600880,博瑞传播,0
2026-09-08,2026-09-09,1,600880,博瑞传播,0
2026-03-16,2026-03-17,1,002086,东方海洋,0
2026-02-03,2026-02-04,1,002126,银轮股份,1
2026-02-04,2026-02-05,2,002126,银轮股份,0
2026-05-20,2026-05-21,1,002126,银轮股份,0
2026-02-04,2026-02-05,1,600072,中船科技,0
2026-04-20,2026-04-21,1,600072,中船科技,0
2026-07-10,2026-07-13,1,600072,中船科技,0
2026-01-08,2026-01-09,1,002248,华东数控,0
2026-02-12,2026-02-13,1,002248,华东数控,0
2026-03-11,2026-03-12,1,002248,华东数控,0
2026-08-10,2026-08-11,1,002248,华东数控,1
2026-08-11,2026-08-12,2,002248,华东数控,1
2026-08-12,2026-08-13,3,002248,华东数控,0
2026-01-16,2026-01-19,1,603283,赛腾股份,0
2026-04-13,2026-04-14,1,603283,赛腾股份,0
2026-04-28,2026-04-29,1,603283,赛腾股份,0
2026-06-17,2026-06-18,1,603283,赛腾股份,0
2026-06-29,2026-06-30,1,603283,赛腾股份,0
2026-03-17,2026-03-18,1,600643,爱建集团,0
2026-04-01,2026-04-02,1,600643,爱建集团,0
2026-03-31,2026-04-01,1,000678,襄阳轴承,0
2026-05-08,2026-05-11,1,000678,襄阳轴承,0
2026-08-18,2026-08-19,1,000678,襄阳轴承,0
2026-03-03,2026-03-04,1,000301,东方盛虹,0
2026-07-06,2026-07-07,1,000301,东方盛虹,0
2026-09-14,2026-09-15,1,600697,欧亚集团,0
2026-05-07,2026-05-08,1,002552,宝鼎科技,1
2026-05-08,2026-05-11,2,002552,宝鼎科技,1
2026-05-11,2026-05-12,3,002552,宝鼎科技,1
2026-05-12,2026-05-13,4,002552,宝鼎科技,0
2026-05-18,2026-05-19,1,002552,宝鼎科技,1
2026-05-19,2026-05-20,2,002552,宝鼎科技,0
2026-05-22,2026-05-25,1,002552,宝鼎科技,1
2026-05-25,2026-05-26,2,002552,宝鼎科技,1
2026-05-26,2026-05-27,3,002552,宝鼎科技,0
2026-05-28,2026-05-29,1,002552,宝鼎科技,0
2026-06-12,2026-06-15,1,002552,宝鼎科技,1
2026-06-15,2026-06-16,2,002552,宝鼎科技,1
2026-06-16,2026-06-17,3,002552,宝鼎科技,0
2026-06-24,2026-06-25,1,002552,宝鼎科技,0
2026-07-09,2026-07-10,1,002552,宝鼎科技,0
2026-07-31,2026-08-03,1,002552,宝鼎科技,0
2026-08-04,2026-08-05,1,002552,宝鼎科技,1
2026-08-05,2026-08-06,2,002552,宝鼎科技,1
2026-08-06,2026-08-07,3,002552,宝鼎科技,1
2026-08-07,2026-08-10,4,002552,宝鼎科技,1
2026-08-10,2026-08-11,5,002552,宝鼎科技,0
2026-08-12,2026-08-13,1,002552,宝鼎科技,0
2026-08-20,2026-08-21,1,002552,宝鼎科技,0
2026-04-16,2026-04-17,1,600749,西藏旅游,0
2026-07-08,2026-07-09,1,600749,西藏旅游,0
2026-01-21,2026-01-22,1,002851,麦格米特,0
2026-04-29,2026-04-30,1,002851,麦格米特,0
2026-05-13,2026-05-14,1,002851,麦格米特,0
2026-05-25,2026-05-26,1,002851,麦格米特,0
2026-06-02,2026-06-03,1,002851,麦格米特,0
2026-06-15,2026-06-16,1,002851,麦格米特,1
2026-06-16,2026-06-17,2,002851,麦格米特,0
2026-07-09,2026-07-10,1,002851,麦格米特,0
2026-07-21,2026-07-22,1,002851,麦格米特,0
2026-07-31,2026-08-03,1,002851,麦格米特,0
2026-03-06,2026-03-09,1,002961,瑞达期货,0
2026-06-15,2026-06-16,1,002961,瑞达期货,0
2026-09-16,2026-09-17,1,002961,瑞达期货,0
2026-05-22,2026-05-25,1,000997,新 大 陆,0
2026-08-26,2026-08-27,1,000997,新 大 陆,0
2026-01-29,2026-01-30,1,603103,横店影视,1
2026-01-30,2026-02-02,2,603103,横店影视,1
2026-02-02,2026-02-03,3,603103,横店影视,1
2026-02-03,2026-02-04,4,603103,横店影视,0
2026-02-05,2026-02-06,1,603103,横店影视,0
2026-02-09,2026-02-10,1,603103,横店影视,1
2026-02-10,2026-02-11,2,603103,横店影视,0
2026-04-21,2026-04-22,1,002846,英联股份,0
2026-07-30,2026-07-31,1,002846,英联股份,0
2026-09-15,2026-09-16,1,002846,英联股份,1
2026-09-16,2026-09-17,2,002846,英联股份,0
2026-01-12,2026-01-13,1,603969,银龙股份,0
2026-07-15,2026-07-16,1,603969,银龙股份,0
2026-04-08,2026-04-09,1,601137,博威合金,0
2026-06-02,2026-06-03,1,601137,博威合金,0
2026-06-11,2026-06-12,1,601137,博威合金,0
2026-05-25,2026-05-26,1,600592,龙溪股份,0
2026-07-03,2026-07-06,1,600592,龙溪股份,0
2025-12-26,2025-12-29,1,000505,京粮控股,0
2026-08-17,2026-08-18,1,000505,京粮控股,1
2026-08-18,2026-08-19,2,000505,京粮控股,1
2026-08-19,2026-08-20,3,000505,京粮控股,0
2026-09-01,2026-09-02,1,000505,京粮控股,0
2026-09-08,2026-09-09,1,000928,中钢国际,0
2026-04-17,2026-04-20,1,002706,良信股份,0
2026-04-27,2026-04-28,1,002706,良信股份,0
2026-05-27,2026-05-28,1,002706,良信股份,0
2026-08-13,2026-08-14,1,002706,良信股份,0
2026-01-21,2026-01-22,1,002185,华天科技,0
2026-01-27,2026-01-28,1,002185,华天科技,0
2026-05-25,2026-05-26,1,002185,华天科技,1
2026-05-26,2026-05-27,2,002185,华天科技,0
2026-07-07,2026-07-08,1,002185,华天科技,0
2026-07-09,2026-07-10,1,002185,华天科技,0
2026-09-18,2026-09-21,1,002185,华天科技,0
2026-01-05,2026-01-06,1,001210,金房能源,1
2026-01-06,2026-01-07,2,001210,金房能源,0
2026-05-13,2026-05-14,1,001210,金房能源,1
2026-05-14,2026-05-15,2,001210,金房能源,0
2026-06-01,2026-06-02,1,001210,金房能源,1
2026-06-02,2026-06-03,2,001210,金房能源,0
2026-06-10,2026-06-11,1,001210,金房能源,0
2026-06-26,2026-06-29,1,001210,金房能源,0
2026-08-05,2026-08-06,1,001210,金房能源,0
2026-08-20,2026-08-21,1,001210,金房能源,0
2025-12-31,2026-01-05,1,600498,烽火通信,1
2026-01-05,2026-01-06,2,600498,烽火通信,0
2026-01-12,2026-01-13,1,600498,烽火通信,0
2026-01-23,2026-01-26,1,600498,烽火通信,0
2026-02-26,2026-02-27,1,600498,烽火通信,1
2026-02-27,2026-03-02,2,600498,烽火通信,1
2026-03-02,2026-03-03,3,600498,烽火通信,0
2026-03-10,2026-03-11,1,600498,烽火通信,0
2026-05-08,2026-05-11,1,600498,烽火通信,0
2026-06-22,2026-06-23,1,600498,烽火通信,0
2026-03-11,2026-03-12,1,601016,节能风电,1
2026-03-12,2026-03-13,2,601016,节能风电,0
2026-03-17,2026-03-18,1,601016,节能风电,0
2026-03-24,2026-03-25,1,601016,节能风电,1
2026-03-25,2026-03-26,2,601016,节能风电,0
2026-04-23,2026-04-24,1,601016,节能风电,0
2026-05-06,2026-05-07,1,601016,节能风电,0
2026-05-13,2026-05-14,1,601016,节能风电,0
2026-06-26,2026-06-29,1,601016,节能风电,0
2026-08-17,2026-08-18,1,000735,罗 牛 山,1
2026-08-18,2026-08-19,2,000735,罗 牛 山,0
2026-09-04,2026-09-07,1,000735,罗 牛 山,1
2026-09-07,2026-09-08,2,000735,罗 牛 山,0
2026-06-12,2026-06-15,1,600567,山鹰国际,0
2026-03-25,2026-03-26,1,002761,浙江建投,0
2025-12-26,2025-12-29,1,000863,三湘印象,0
2026-01-29,2026-01-30,1,000863,三湘印象,0
2026-03-31,2026-04-01,1,000863,三湘印象,0
2026-05-06,2026-05-07,1,000863,三湘印象,0
2026-05-08,2026-05-11,1,000863,三湘印象,0
2026-07-01,2026-07-02,1,000863,三湘印象,0
2026-01-29,2026-01-30,1,600339,中油工程,0
2026-02-24,2026-02-25,1,600339,中油工程,0
2026-03-02,2026-03-03,1,600339,中油工程,1
2026-03-03,2026-03-04,2,600339,中油工程,0
2026-04-02,2026-04-03,1,600339,中油工程,0
2026-05-18,2026-05-19,1,600339,中油工程,0
2026-06-29,2026-06-30,1,001301,尚太科技,0
2026-08-19,2026-08-20,1,001301,尚太科技,0
2026-01-13,2026-01-14,1,600800,渤海化学,0
2026-01-19,2026-01-20,1,600800,渤海化学,0
2026-03-05,2026-03-06,1,600800,渤海化学,0
2026-03-25,2026-03-26,1,600800,渤海化学,1
2026-03-26,2026-03-27,2,600800,渤海化学,0
2026-04-20,2026-04-21,1,600800,渤海化学,0
2026-07-10,2026-07-13,1,600800,渤海化学,0
2026-08-13,2026-08-14,1,600800,渤海化学,0
2026-03-03,2026-03-04,1,600428,中远海特,0
2026-07-10,2026-07-13,1,600428,中远海特,0
2026-01-29,2026-01-30,1,000813,德展健康,0
2026-06-23,2026-06-24,1,000813,德展健康,0
2026-09-03,2026-09-04,1,000813,德展健康,0
2026-01-06,2026-01-07,1,600075,新疆天业,0
2026-03-06,2026-03-09,1,600075,新疆天业,0
2026-03-11,2026-03-12,1,600075,新疆天业,0
2026-04-07,2026-04-08,1,600075,新疆天业,0
2025-12-31,2026-01-05,2,002718,友邦吊顶,1
2026-01-05,2026-01-06,3,002718,友邦吊顶,1
2026-01-06,2026-01-07,4,002718,友邦吊顶,1
2026-01-07,2026-01-08,5,002718,友邦吊顶,0
2026-01-12,2026-01-13,1,002718,友邦吊顶,1
2026-01-13,2026-01-14,2,002718,友邦吊顶,1
2026-01-14,2026-01-15,3,002718,友邦吊顶,0
2026-01-19,2026-01-20,1,002718,友邦吊顶,0
2026-03-25,2026-03-26,1,002718,友邦吊顶,0
2026-04-09,2026-04-10,1,002718,友邦吊顶,0
2026-05-11,2026-05-12,1,002718,友邦吊顶,0
2026-05-25,2026-05-26,1,002718,友邦吊顶,0
2026-07-14,2026-07-15,1,002718,友邦吊顶,0
2026-01-21,2026-01-22,1,000880,潍柴重机,1
2026-01-22,2026-01-23,2,000880,潍柴重机,0
2026-04-20,2026-04-21,1,000880,潍柴重机,0
2026-05-13,2026-05-14,1,000880,潍柴重机,0
2026-05-20,2026-05-21,1,000880,潍柴重机,0
2026-04-24,2026-04-27,1,603066,音飞储存,0
2026-02-02,2026-02-03,1,603117,万林物流,0
2026-02-27,2026-03-02,1,603117,万林物流,0
2026-01-06,2026-01-07,1,603698,XD航天工程,0
2026-01-12,2026-01-13,1,603698,XD航天工程,0
2026-04-14,2026-04-15,1,603698,XD航天工程,1
2026-04-15,2026-04-16,2,603698,XD航天工程,0
2026-04-30,2026-05-06,1,603698,XD航天工程,0
2026-06-24,2026-06-25,1,603698,XD航天工程,0
2026-06-26,2026-06-29,1,603698,XD航天工程,0
2026-07-10,2026-07-13,1,603698,XD航天工程,0
2026-04-27,2026-04-28,1,600693,东百集团,0
2026-05-29,2026-06-01,1,600693,东百集团,0
2026-07-28,2026-07-29,1,600693,东百集团,1
2026-07-29,2026-07-30,2,600693,东百集团,0
2026-09-01,2026-09-02,1,600693,东百集团,0
2026-09-03,2026-09-04,1,600693,东百集团,0
2026-01-12,2026-01-13,1,603396,金辰股份,0
2026-01-23,2026-01-26,1,603396,金辰股份,0
2026-01-27,2026-01-28,1,603396,金辰股份,0
2026-08-12,2026-08-13,1,603396,金辰股份,0
2026-08-26,2026-08-27,1,603396,金辰股份,0
2026-08-28,2026-08-31,1,603396,金辰股份,0
2026-03-27,2026-03-30,1,002526,山东矿机,0
2026-05-25,2026-05-26,1,002526,山东矿机,0
2026-03-31,2026-04-01,1,600250,南京商旅,0
2026-04-07,2026-04-08,1,600250,南京商旅,0
2026-08-20,2026-08-21,1,600250,南京商旅,0
2026-05-29,2026-06-01,1,000025,特 力Ａ,0
2026-06-10,2026-06-11,1,000025,特 力Ａ,0
2026-07-30,2026-07-31,1,000025,特 力Ａ,0
2026-03-03,2026-03-04,1,600956,新天绿能,0
2026-03-12,2026-03-13,1,600956,新天绿能,0
2026-01-29,2026-01-30,1,000995,皇台酒业,1
2026-01-30,2026-02-02,2,000995,皇台酒业,1
2026-02-02,2026-02-03,3,000995,皇台酒业,1
2026-02-03,2026-02-04,4,000995,皇台酒业,0
2026-05-25,2026-05-26,1,000995,皇台酒业,0
2026-09-21,2026-09-22,1,000995,皇台酒业,0
2026-03-05,2026-03-06,1,002559,亚威股份,0
2026-06-26,2026-06-29,1,002559,亚威股份,0
2026-07-01,2026-07-02,1,002559,亚威股份,1
2026-07-02,2026-07-03,2,002559,亚威股份,0
2026-03-02,2026-03-03,1,002389,航天彩虹,0
2026-03-04,2026-03-05,1,002389,航天彩虹,0
2026-03-25,2026-03-26,1,601002,晋亿实业,0
2026-04-08,2026-04-09,1,601002,晋亿实业,0
2026-07-13,2026-07-14,1,601002,晋亿实业,0
2026-03-11,2026-03-12,1,600299,安迪苏,0
2026-04-13,2026-04-14,1,600299,安迪苏,0
2026-01-12,2026-01-13,1,000890,法尔胜,0
2026-02-13,2026-02-24,1,000890,法尔胜,1
2026-02-24,2026-02-25,2,000890,法尔胜,1
2026-02-25,2026-02-26,3,000890,法尔胜,1
2026-02-26,2026-02-27,4,000890,法尔胜,0
2026-03-02,2026-03-03,1,000890,法尔胜,0
2026-03-04,2026-03-05,1,000890,法尔胜,0
2026-03-12,2026-03-13,1,000890,法尔胜,1
2026-03-13,2026-03-16,2,000890,法尔胜,1
2026-03-16,2026-03-17,3,000890,法尔胜,1
2026-03-17,2026-03-18,4,000890,法尔胜,0
2026-03-27,2026-03-30,1,000890,法尔胜,1
2026-03-30,2026-03-31,2,000890,法尔胜,0
2026-04-07,2026-04-08,1,000890,法尔胜,0
2026-04-23,2026-04-24,1,000890,法尔胜,0
2026-05-20,2026-05-21,1,000890,法尔胜,0
2026-07-02,2026-07-03,1,000890,法尔胜,0
2026-08-26,2026-08-27,1,000890,法尔胜,1
2026-08-27,2026-08-28,2,000890,法尔胜,0
2026-09-08,2026-09-09,1,000890,法尔胜,0
2026-04-15,2026-04-16,1,002033,丽江股份,1
2026-04-16,2026-04-17,2,002033,丽江股份,0
2026-03-27,2026-03-30,1,603248,锡华科技,0
2026-04-01,2026-04-02,1,603248,锡华科技,0
2026-05-06,2026-05-07,1,603248,锡华科技,0
2026-05-15,2026-05-18,1,603248,锡华科技,0
2026-09-15,2026-09-16,1,603248,锡华科技,1
2026-09-16,2026-09-17,2,603248,锡华科技,1
2026-09-17,2026-09-18,3,603248,锡华科技,1
2026-09-18,2026-09-21,4,603248,锡华科技,0
2026-03-10,2026-03-11,1,600769,祥龙电业,1
2026-03-11,2026-03-12,2,600769,祥龙电业,0
2026-03-27,2026-03-30,1,600769,祥龙电业,0
2026-05-11,2026-05-12,1,600769,祥龙电业,0
2026-05-18,2026-05-19,1,600769,祥龙电业,0
2026-06-01,2026-06-02,1,600769,祥龙电业,0
2026-06-18,2026-06-22,1,600769,祥龙电业,1
2026-06-22,2026-06-23,2,600769,祥龙电业,0
2026-07-03,2026-07-06,1,600769,祥龙电业,0
2026-08-14,2026-08-17,1,600769,祥龙电业,0
2026-09-08,2026-09-09,1,600769,祥龙电业,0
2026-01-06,2026-01-07,1,002092,中泰化学,0
2026-03-11,2026-03-12,1,002092,中泰化学,0
2026-04-07,2026-04-08,1,002092,中泰化学,0
2026-01-09,2026-01-12,1,600784,鲁银投资,0
2026-05-15,2026-05-18,1,600784,鲁银投资,0
2026-07-01,2026-07-02,1,600784,鲁银投资,0
2026-04-02,2026-04-03,1,002051,中工国际,0
2026-04-07,2026-04-08,1,002051,中工国际,1
2026-04-08,2026-04-09,2,002051,中工国际,0
2026-04-14,2026-04-15,1,002051,中工国际,1
2026-04-15,2026-04-16,2,002051,中工国际,0
2026-05-07,2026-05-08,1,002051,中工国际,0
2026-05-25,2026-05-26,1,002051,中工国际,0
2026-06-04,2026-06-05,1,002051,中工国际,0
2026-06-09,2026-06-10,1,002051,中工国际,0
2026-06-15,2026-06-16,1,002051,中工国际,1
2026-06-16,2026-06-17,2,002051,中工国际,0
2026-06-24,2026-06-25,1,002051,中工国际,0
2026-07-27,2026-07-28,1,002051,中工国际,0
2026-03-25,2026-03-26,1,000753,漳州发展,0
2026-03-30,2026-03-31,1,000753,漳州发展,0
2026-09-16,2026-09-17,1,000753,漳州发展,0
2026-03-24,2026-03-25,1,600698,湖南天雁,1
2026-03-25,2026-03-26,2,600698,湖南天雁,0
2026-06-10,2026-06-11,1,600698,湖南天雁,0
2026-07-23,2026-07-24,1,600698,湖南天雁,1
2026-07-24,2026-07-27,2,600698,湖南天雁,0
2026-08-10,2026-08-11,1,600698,湖南天雁,0
2026-08-25,2026-08-26,1,600698,湖南天雁,0
2026-09-04,2026-09-07,1,600698,湖南天雁,0
2026-09-09,2026-09-10,1,600698,湖南天雁,0
2026-04-23,2026-04-24,1,603390,通达电气,1
2026-04-24,2026-04-27,2,603390,通达电气,0
2026-05-15,2026-05-18,1,603390,通达电气,0
2026-09-04,2026-09-07,1,603390,通达电气,0
2026-07-23,2026-07-24,1,002713,东易日盛,0
2026-08-25,2026-08-26,1,002713,东易日盛,0
2026-09-18,2026-09-21,1,002713,东易日盛,0
2026-05-13,2026-05-14,1,002654,万润科技,0
2026-05-18,2026-05-19,1,002654,万润科技,0
2026-05-20,2026-05-21,1,002654,万润科技,0
2026-06-11,2026-06-12,1,002654,万润科技,0
2026-06-25,2026-06-26,1,002654,万润科技,0
2026-06-30,2026-07-01,1,002654,万润科技,0
2026-01-07,2026-01-08,1,603125,江苏常青树科技,0
2026-02-11,2026-02-12,1,603125,江苏常青树科技,0
2026-04-27,2026-04-28,1,603125,江苏常青树科技,0
2026-06-16,2026-06-17,1,603125,江苏常青树科技,0
2026-06-30,2026-07-01,1,603125,江苏常青树科技,0
2026-08-05,2026-08-06,1,603125,江苏常青树科技,0
2026-02-24,2026-02-25,1,603306,华懋科技,0
2026-04-08,2026-04-09,1,603306,华懋科技,1
2026-04-09,2026-04-10,2,603306,华懋科技,0
2026-05-07,2026-05-08,1,603306,华懋科技,0
2026-07-21,2026-07-22,1,603306,华懋科技,0
2026-08-04,2026-08-05,1,603306,华懋科技,1
2026-08-05,2026-08-06,2,603306,华懋科技,0
2025-12-31,2026-01-05,1,600626,申达股份,0
2026-05-19,2026-05-20,1,600626,申达股份,0
2025-12-25,2025-12-26,1,605255,天普股份,0
2025-12-29,2025-12-30,1,605255,天普股份,1
2026-01-14,2026-01-15,1,605255,天普股份,0
2026-02-02,2026-02-03,1,605255,天普股份,0
2026-04-10,2026-04-13,1,605255,天普股份,1
2026-04-13,2026-04-14,2,605255,天普股份,0
2026-05-11,2026-05-12,1,605255,天普股份,0
2026-06-16,2026-06-17,1,605255,天普股份,0
2026-07-03,2026-07-06,1,605255,天普股份,0
2026-07-14,2026-07-15,1,605255,天普股份,1
2026-07-15,2026-07-16,2,605255,天普股份,0
2026-03-16,2026-03-17,1,000020,深华发Ａ,1
2026-03-17,2026-03-18,2,000020,深华发Ａ,1
2026-03-18,2026-03-19,3,000020,深华发Ａ,1
2026-03-19,2026-03-20,4,000020,深华发Ａ,1
2026-03-20,2026-03-23,5,000020,深华发Ａ,0
2026-08-18,2026-08-19,1,000020,深华发Ａ,1
2026-08-19,2026-08-20,2,000020,深华发Ａ,0
2026-09-08,2026-09-09,1,000020,深华发Ａ,0
2026-09-21,2026-09-22,1,000020,深华发Ａ,0
2026-05-11,2026-05-12,1,001221,悍高集团,0
2026-08-31,2026-09-01,1,001221,悍高集团,0
2026-04-29,2026-04-30,1,603345,安井食品,0
2026-04-21,2026-04-22,1,603335,迪生力,0
2026-05-27,2026-05-28,1,603335,迪生力,0
2026-06-09,2026-06-10,1,603335,迪生力,0
2026-06-12,2026-06-15,1,603335,迪生力,1
2026-06-15,2026-06-16,2,603335,迪生力,0
2026-06-23,2026-06-24,1,603335,迪生力,0
2026-06-25,2026-06-26,1,603335,迪生力,0
2026-06-30,2026-07-01,1,603335,迪生力,0
2026-08-05,2026-08-06,1,603335,迪生力,0
2026-01-22,2026-01-23,1,002785,万里石,0
2026-02-03,2026-02-04,1,002785,万里石,0
2026-04-27,2026-04-28,1,002785,万里石,0
2026-04-30,2026-05-06,1,002785,万里石,0
2026-01-15,2026-01-16,1,600550,保变电气,0
2026-01-19,2026-01-20,1,600550,保变电气,0
2026-02-02,2026-02-03,1,600550,保变电气,0
2026-02-24,2026-02-25,1,600550,保变电气,0
2026-07-23,2026-07-24,1,600550,保变电气,0
2026-03-24,2026-03-25,1,002685,华东重机,0
2026-04-08,2026-04-09,1,002685,华东重机,0
2026-04-30,2026-05-06,1,002685,华东重机,0
2026-08-11,2026-08-12,1,002685,华东重机,0
2026-01-20,2026-01-21,1,603737,三棵树,0
2025-12-29,2025-12-30,1,002146,荣盛发展,0
2026-01-07,2026-01-08,1,002146,荣盛发展,0
2026-08-12,2026-08-13,1,002146,荣盛发展,0
2026-07-27,2026-07-28,1,605128,上海沿浦,0
2026-08-10,2026-08-11,1,605128,上海沿浦,0
2025-12-30,2025-12-31,1,605028,世茂能源,0
2026-01-08,2026-01-09,1,605028,世茂能源,0
2026-07-03,2026-07-06,1,605028,世茂能源,0
2026-07-14,2026-07-15,1,605028,世茂能源,1
2026-07-15,2026-07-16,2,605028,世茂能源,0
2026-07-22,2026-07-23,1,605028,世茂能源,0
2026-01-06,2026-01-07,1,605228,神通科技,0
2026-08-17,2026-08-18,1,600824,益民集团,0
2026-06-24,2026-06-25,1,000908,石药景峰,0
2026-07-02,2026-07-03,1,000908,石药景峰,1
2026-07-03,2026-07-06,2,000908,石药景峰,0
2026-07-15,2026-07-16,1,000908,石药景峰,0
2026-08-06,2026-08-07,1,000908,石药景峰,0
2026-04-23,2026-04-24,1,003022,联泓新科,0
2026-05-14,2026-05-15,1,003022,联泓新科,0
2026-09-18,2026-09-21,1,600621,华鑫股份,0
2026-05-29,2026-06-01,1,002608,江苏国信,1
2026-06-01,2026-06-02,2,002608,江苏国信,0
2026-08-31,2026-09-01,1,002660,茂硕电源,0
2025-12-26,2025-12-29,1,600736,苏州高新,1
2025-12-29,2025-12-30,2,600736,苏州高新,0
2026-01-26,2026-01-27,1,600736,苏州高新,0
2026-04-21,2026-04-22,1,600736,苏州高新,1
2026-04-22,2026-04-23,2,600736,苏州高新,1
2026-04-23,2026-04-24,3,600736,苏州高新,0
2026-05-07,2026-05-08,1,600736,苏州高新,0
2026-01-09,2026-01-12,1,603179,新泉股份,0
2026-01-14,2026-01-15,1,603179,新泉股份,0
2026-01-16,2026-01-19,1,603179,新泉股份,0
2026-03-25,2026-03-26,1,603179,新泉股份,0
2026-05-07,2026-05-08,1,603179,新泉股份,0
2026-08-11,2026-08-12,1,603179,新泉股份,0
2026-07-13,2026-07-14,1,000989,九芝堂,0
2026-02-27,2026-03-02,1,600452,涪陵电力,1
2026-03-02,2026-03-03,2,600452,涪陵电力,0
2026-05-19,2026-05-20,1,600452,涪陵电力,0
2026-07-20,2026-07-21,1,600452,涪陵电力,0
2026-06-29,2026-06-30,1,002653,海思科,0
2026-07-01,2026-07-02,1,002653,海思科,0
2026-07-15,2026-07-16,1,002365,永安药业,1
2026-07-16,2026-07-17,2,002365,永安药业,0
2026-07-27,2026-07-28,1,002365,永安药业,0
2026-08-18,2026-08-19,1,002365,永安药业,0
2026-08-20,2026-08-21,1,002365,永安药业,0
2026-09-08,2026-09-09,1,002365,永安药业,0
2026-02-27,2026-03-02,1,603093,南华期货,0
2026-04-10,2026-04-13,1,603093,南华期货,0
2026-05-13,2026-05-14,1,603093,南华期货,1
2026-05-14,2026-05-15,2,603093,南华期货,0
2026-06-15,2026-06-16,1,603093,南华期货,0
2026-08-27,2026-08-28,1,603093,南华期货,0
2026-09-21,2026-09-22,1,603093,南华期货,0
2026-03-26,2026-03-27,1,000692,惠天热电,0
2026-04-29,2026-04-30,1,000692,惠天热电,0
2026-05-28,2026-05-29,1,000692,惠天热电,0
2026-08-06,2026-08-07,1,000692,惠天热电,0
2026-08-12,2026-08-13,1,000692,惠天热电,1
2026-08-13,2026-08-14,2,000692,惠天热电,0
2026-06-25,2026-06-26,2,600228,返利科技,1
2026-06-26,2026-06-29,3,600228,返利科技,0
2026-07-09,2026-07-10,1,600228,返利科技,0
2026-07-29,2026-07-30,1,600228,返利科技,1
2026-07-30,2026-07-31,2,600228,返利科技,0
2026-08-04,2026-08-05,1,600228,返利科技,0
2026-09-14,2026-09-15,1,600228,返利科技,0
2026-04-14,2026-04-15,1,002157,正邦科技,0
2026-04-08,2026-04-09,1,002213,大为股份,1
2026-04-09,2026-04-10,2,002213,大为股份,0
2026-04-14,2026-04-15,1,002213,大为股份,0
2026-04-16,2026-04-17,1,002213,大为股份,0
2026-06-04,2026-06-05,1,002213,大为股份,0
2026-07-21,2026-07-22,1,002213,大为股份,1
2026-07-22,2026-07-23,2,002213,大为股份,0
2026-08-05,2026-08-06,1,002213,大为股份,0
2026-09-15,2026-09-16,1,002213,大为股份,0
2026-03-02,2026-03-03,1,600236,桂冠电力,0
2026-03-04,2026-03-05,1,600236,桂冠电力,0
2026-05-11,2026-05-12,1,600236,桂冠电力,0
2026-07-17,2026-07-20,1,600236,桂冠电力,1
2026-07-20,2026-07-21,2,600236,桂冠电力,0
2026-07-29,2026-07-30,1,600236,桂冠电力,0
2026-02-12,2026-02-13,1,002824,和胜股份,0
2026-04-09,2026-04-10,1,002824,和胜股份,1
2026-04-10,2026-04-13,2,002824,和胜股份,0
2026-04-15,2026-04-16,1,002824,和胜股份,0
2026-05-07,2026-05-08,1,002824,和胜股份,0
2026-05-29,2026-06-01,1,002824,和胜股份,0
2026-06-11,2026-06-12,1,002824,和胜股份,0
2026-06-15,2026-06-16,1,002824,和胜股份,1
2026-06-16,2026-06-17,2,002824,和胜股份,0
2026-08-27,2026-08-28,1,002824,和胜股份,0
2026-09-16,2026-09-17,1,002824,和胜股份,0
2025-12-29,2025-12-30,1,605123,派克新材,0
2026-01-08,2026-01-09,1,605123,派克新材,0
2026-02-03,2026-02-04,1,605123,派克新材,0
2026-04-30,2026-05-06,1,605123,派克新材,0
2026-05-18,2026-05-19,1,605123,派克新材,0
2026-06-17,2026-06-18,1,000955,欣龙控股,0
2026-07-02,2026-07-03,1,000955,欣龙控股,0
2026-01-20,2026-01-21,1,603916,苏博特,0
2026-01-27,2026-01-28,1,603916,苏博特,0
2026-01-29,2026-01-30,1,603916,苏博特,0
2026-06-09,2026-06-10,1,603916,苏博特,0
2026-08-17,2026-08-18,1,603916,苏博特,0
2026-01-15,2026-01-16,1,001337,四川黄金,0
2026-01-19,2026-01-20,1,001337,四川黄金,0
2026-01-21,2026-01-22,1,001337,四川黄金,0
2026-01-23,2026-01-26,1,001337,四川黄金,1
2026-01-26,2026-01-27,2,001337,四川黄金,1
2026-01-27,2026-01-28,3,001337,四川黄金,1
2026-01-28,2026-01-29,4,001337,四川黄金,1
2026-01-29,2026-01-30,5,001337,四川黄金,0
2026-02-24,2026-02-25,1,001337,四川黄金,0
2026-03-02,2026-03-03,1,001337,四川黄金,0
2026-04-08,2026-04-09,1,001337,四川黄金,0
2026-07-03,2026-07-06,1,001337,四川黄金,0
2026-07-23,2026-07-24,1,001337,四川黄金,0
2026-08-05,2026-08-06,1,001337,四川黄金,0
2026-08-24,2026-08-25,1,001337,四川黄金,0
2026-01-09,2026-01-12,1,002162,悦心健康,0
2026-02-26,2026-02-27,1,002162,悦心健康,0
2026-03-04,2026-03-05,1,002162,悦心健康,0
2026-07-14,2026-07-15,1,002162,悦心健康,0
2026-09-09,2026-09-10,1,002162,悦心健康,0
2026-01-28,2026-01-29,1,002455,百川股份,1
2026-01-29,2026-01-30,2,002455,百川股份,1
2026-01-30,2026-02-02,3,002455,百川股份,0
2026-02-03,2026-02-04,1,002455,百川股份,0
2026-02-06,2026-02-09,1,002455,百川股份,1
2026-02-09,2026-02-10,2,002455,百川股份,1
2026-02-10,2026-02-11,3,002455,百川股份,1
2026-02-11,2026-02-12,4,002455,百川股份,0
2026-03-11,2026-03-12,1,002455,百川股份,1
2026-03-12,2026-03-13,2,002455,百川股份,0
2026-03-27,2026-03-30,1,002455,百川股份,0
2026-07-01,2026-07-02,1,002455,百川股份,0
2026-04-24,2026-04-27,1,002406,远东传动,0
2026-06-05,2026-06-08,1,603166,福达股份,0
2026-06-16,2026-06-17,1,603166,福达股份,0
2026-07-01,2026-07-02,1,603166,福达股份,0
2026-04-16,2026-04-17,1,002859,洁美科技,0
2026-05-22,2026-05-25,1,002859,洁美科技,0
2026-05-28,2026-05-29,1,002859,洁美科技,0
2026-06-09,2026-06-10,1,002859,洁美科技,0
2026-06-15,2026-06-16,1,002859,洁美科技,0
2026-06-18,2026-06-22,1,002859,洁美科技,0
2026-06-29,2026-06-30,1,002859,洁美科技,0
2026-08-11,2026-08-12,1,002859,洁美科技,0
2026-03-20,2026-03-23,1,600310,广西能源,0
2026-03-26,2026-03-27,1,600310,广西能源,1
2026-03-27,2026-03-30,2,600310,广西能源,0
2026-04-23,2026-04-24,1,600310,广西能源,0
2026-05-19,2026-05-20,1,600310,广西能源,0
2026-05-25,2026-05-26,1,600310,广西能源,0
2026-06-03,2026-06-04,1,600310,广西能源,0
2026-07-17,2026-07-20,1,600310,广西能源,0
2026-04-29,2026-04-30,1,605158,华达新材,0
2026-05-07,2026-05-08,1,605158,华达新材,0
2026-05-13,2026-05-14,1,605158,华达新材,0
2026-01-20,2026-01-21,1,000417,合百集团,0
2026-05-18,2026-05-19,1,000417,合百集团,1
2026-05-19,2026-05-20,2,000417,合百集团,1
2026-05-20,2026-05-21,3,000417,合百集团,0
2026-05-22,2026-05-25,1,000417,合百集团,0
2026-07-09,2026-07-10,1,000417,合百集团,0
2026-07-24,2026-07-27,1,000417,合百集团,0
2026-05-13,2026-05-14,1,600500,中化国际,0
2026-05-18,2026-05-19,1,600500,中化国际,0
2026-06-02,2026-06-03,1,600500,中化国际,0
2026-06-09,2026-06-10,1,600500,中化国际,1
2026-06-10,2026-06-11,2,600500,中化国际,1
2026-06-11,2026-06-12,3,600500,中化国际,1
2026-06-12,2026-06-15,4,600500,中化国际,0
2026-06-16,2026-06-17,1,600500,中化国际,0
2026-06-25,2026-06-26,1,600500,中化国际,0
2026-08-07,2026-08-10,1,600500,中化国际,0
2026-09-16,2026-09-17,1,600500,中化国际,0
2026-05-22,2026-05-25,1,002897,意华股份,1
2026-05-25,2026-05-26,2,002897,意华股份,0
2026-06-02,2026-06-03,1,002897,意华股份,0
2026-06-15,2026-06-16,1,002897,意华股份,0
2026-06-18,2026-06-22,1,002897,意华股份,0
2026-06-24,2026-06-25,1,002897,意华股份,0
2026-06-30,2026-07-01,1,002897,意华股份,0
2026-09-14,2026-09-15,1,002897,意华股份,0
2026-01-26,2026-01-27,1,000975,山金国际,0
2026-07-03,2026-07-06,1,000975,山金国际,0
2026-07-22,2026-07-23,1,000975,山金国际,0
2026-06-10,2026-06-11,1,600665,天地源,1
2026-06-11,2026-06-12,2,600665,天地源,0
2026-07-01,2026-07-02,1,600665,天地源,0
2026-08-06,2026-08-07,1,600665,天地源,0
2026-04-30,2026-05-06,1,002158,汉钟精机,1
2026-05-06,2026-05-07,2,002158,汉钟精机,0
2026-05-20,2026-05-21,1,002158,汉钟精机,0
2026-06-18,2026-06-22,1,002158,汉钟精机,0
2026-07-27,2026-07-28,1,002158,汉钟精机,0
2026-06-24,2026-06-25,1,002643,万润股份,0
2026-01-09,2026-01-12,1,600549,厦门钨业,0
2026-01-26,2026-01-27,1,600549,厦门钨业,0
2026-02-27,2026-03-02,1,600549,厦门钨业,0
2026-04-16,2026-04-17,1,600549,厦门钨业,0
2026-06-15,2026-06-16,1,600549,厦门钨业,1
2026-06-16,2026-06-17,2,600549,厦门钨业,0
2026-06-22,2026-06-23,1,600549,厦门钨业,0
2026-01-27,2026-01-28,1,603121,华培动力,0
2026-04-01,2026-04-02,1,603121,华培动力,0
2026-04-09,2026-04-10,1,603121,华培动力,0
2026-05-18,2026-05-19,1,603121,华培动力,0
2026-06-01,2026-06-02,1,603121,华培动力,0
2026-08-26,2026-08-27,1,603121,华培动力,0
2026-03-24,2026-03-25,1,002663,普邦股份,0
2026-04-07,2026-04-08,1,002663,普邦股份,1
2026-04-08,2026-04-09,2,002663,普邦股份,0
2026-01-07,2026-01-08,1,002842,翔鹭钨业,0
2026-01-15,2026-01-16,1,002842,翔鹭钨业,0
2026-01-26,2026-01-27,1,002842,翔鹭钨业,0
2026-01-28,2026-01-29,1,002842,翔鹭钨业,0
2026-02-06,2026-02-09,1,002842,翔鹭钨业,0
2026-02-11,2026-02-12,1,002842,翔鹭钨业,1
2026-02-12,2026-02-13,2,002842,翔鹭钨业,0
2026-02-27,2026-03-02,1,002842,翔鹭钨业,1
2026-03-02,2026-03-03,2,002842,翔鹭钨业,0
2026-03-27,2026-03-30,1,002842,翔鹭钨业,0
2026-04-29,2026-04-30,1,002842,翔鹭钨业,1
2026-04-30,2026-05-06,2,002842,翔鹭钨业,0
2026-05-13,2026-05-14,1,002842,翔鹭钨业,0
2026-06-11,2026-06-12,1,002842,翔鹭钨业,0
2026-06-18,2026-06-22,1,002842,翔鹭钨业,1
2026-06-22,2026-06-23,2,002842,翔鹭钨业,0
2026-06-25,2026-06-26,1,002842,翔鹭钨业,0
2026-07-02,2026-07-03,1,002842,翔鹭钨业,0
2026-08-05,2026-08-06,1,002842,翔鹭钨业,0
2026-08-10,2026-08-11,1,002842,翔鹭钨业,0
2026-01-22,2026-01-23,1,605111,新洁能,0
2026-05-25,2026-05-26,1,605111,新洁能,0
2026-06-09,2026-06-10,1,605111,新洁能,0
2026-06-15,2026-06-16,1,605111,新洁能,0
2026-06-30,2026-07-01,1,605111,新洁能,0
2026-07-21,2026-07-22,1,605111,新洁能,0
2026-01-08,2026-01-09,1,603950,长源东谷,0
2026-02-12,2026-02-13,1,603950,长源东谷,0
2026-02-26,2026-02-27,1,603950,长源东谷,1
2026-02-27,2026-03-02,2,603950,长源东谷,1
2026-03-02,2026-03-03,3,603950,长源东谷,0
2026-04-08,2026-04-09,1,603950,长源东谷,1
2026-04-09,2026-04-10,2,603950,长源东谷,1
2026-04-10,2026-04-13,3,603950,长源东谷,1
2026-04-13,2026-04-14,4,603950,长源东谷,0
2026-04-15,2026-04-16,1,603950,长源东谷,0
2026-05-07,2026-05-08,1,603950,长源东谷,0
2026-06-04,2026-06-05,1,603950,长源东谷,0
2026-06-15,2026-06-16,1,603950,长源东谷,0
2026-06-22,2026-06-23,1,603950,长源东谷,0
2026-06-29,2026-06-30,1,603950,长源东谷,1
2026-06-30,2026-07-01,2,603950,长源东谷,0
2026-07-21,2026-07-22,1,603950,长源东谷,0
2026-08-31,2026-09-01,1,603950,长源东谷,0
2026-09-02,2026-09-03,1,002059,云南旅游,1
2026-09-03,2026-09-04,2,002059,云南旅游,0
2025-12-31,2026-01-05,1,600391,航发科技,0
2026-01-19,2026-01-20,1,600391,航发科技,1
2026-01-20,2026-01-21,2,600391,航发科技,0
2026-01-22,2026-01-23,1,600391,航发科技,0
2026-01-27,2026-01-28,1,600391,航发科技,0
2026-05-08,2026-05-11,1,600391,航发科技,0
2026-06-12,2026-06-15,1,600391,航发科技,0
2026-06-30,2026-07-01,1,600391,航发科技,0
2026-07-03,2026-07-06,1,600391,航发科技,0
2026-01-12,2026-01-13,1,002523,天桥起重,0
2026-07-14,2026-07-15,1,002523,天桥起重,0
2026-03-31,2026-04-01,1,002821,凯莱英,1
2026-04-01,2026-04-02,2,002821,凯莱英,0
2026-04-28,2026-04-29,1,002821,凯莱英,0
2026-06-24,2026-06-25,1,002821,凯莱英,0
2026-06-29,2026-06-30,1,002821,凯莱英,0
2026-07-15,2026-07-16,1,002821,凯莱英,0
2026-08-04,2026-08-05,1,002821,凯莱英,0
2026-08-07,2026-08-10,1,002821,凯莱英,0
2026-08-25,2026-08-26,1,002821,凯莱英,0
2026-01-07,2026-01-08,1,603356,华菱精工,0
2026-07-07,2026-07-08,1,603356,华菱精工,0
2026-03-05,2026-03-06,1,000727,冠捷科技,0
2026-04-08,2026-04-09,1,000727,冠捷科技,0
2026-06-01,2026-06-02,1,000727,冠捷科技,0
2026-05-11,2026-05-12,1,603499,翔港科技,0
2026-06-15,2026-06-16,1,603499,翔港科技,0
2026-07-01,2026-07-02,1,603499,翔港科技,0
2026-07-29,2026-07-30,1,603499,翔港科技,0
2026-01-14,2026-01-15,1,002281,光迅科技,0
2026-03-10,2026-03-11,1,002281,光迅科技,0
2026-04-09,2026-04-10,1,002281,光迅科技,0
2026-04-17,2026-04-20,1,002281,光迅科技,0
2026-05-08,2026-05-11,1,002281,光迅科技,1
2026-05-11,2026-05-12,2,002281,光迅科技,0
2026-05-19,2026-05-20,1,002281,光迅科技,0
2026-06-15,2026-06-16,1,002281,光迅科技,0
2026-06-18,2026-06-22,1,002281,光迅科技,0
2026-07-09,2026-07-10,1,002281,光迅科技,0
2026-07-21,2026-07-22,1,002281,光迅科技,0
2026-08-04,2026-08-05,1,002281,光迅科技,0
2026-08-07,2026-08-10,1,002281,光迅科技,0
2026-09-07,2026-09-08,1,002281,光迅科技,0
2026-09-16,2026-09-17,1,002281,光迅科技,0
2026-03-02,2026-03-03,1,600688,上海石化,1
2026-03-03,2026-03-04,2,600688,上海石化,0
2026-06-03,2026-06-04,1,600688,上海石化,1
2026-06-04,2026-06-05,2,600688,上海石化,0
2026-05-19,2026-05-20,1,600835,上海机电,0
2026-06-18,2026-06-22,1,600835,上海机电,0
2026-08-13,2026-08-14,1,603998,方盛制药,0
2026-06-30,2026-07-01,1,002053,云南能投,1
2026-07-01,2026-07-02,2,002053,云南能投,0
2026-02-11,2026-02-12,1,600545,卓郎智能,1
2026-02-12,2026-02-13,2,600545,卓郎智能,0
2026-02-25,2026-02-26,1,600545,卓郎智能,0
2026-03-04,2026-03-05,1,600545,卓郎智能,1
2026-03-05,2026-03-06,2,600545,卓郎智能,1
2026-03-06,2026-03-09,3,600545,卓郎智能,0
2026-03-16,2026-03-17,1,600545,卓郎智能,1
2026-03-17,2026-03-18,2,600545,卓郎智能,0
2026-04-01,2026-04-02,1,600545,卓郎智能,0
2026-04-24,2026-04-27,1,600545,卓郎智能,0
2026-04-29,2026-04-30,1,600545,卓郎智能,0
2026-05-08,2026-05-11,1,600545,卓郎智能,1
2026-05-11,2026-05-12,2,600545,卓郎智能,0
2026-05-22,2026-05-25,1,600545,卓郎智能,0
2026-06-15,2026-06-16,1,600545,卓郎智能,1
2026-06-16,2026-06-17,2,600545,卓郎智能,0
2026-06-18,2026-06-22,1,600545,卓郎智能,0
2026-06-26,2026-06-29,1,600545,卓郎智能,0
2026-08-17,2026-08-18,1,600545,卓郎智能,0
2026-09-16,2026-09-17,1,600545,卓郎智能,0
2026-06-23,2026-06-24,1,000566,海南海药,1
2026-06-24,2026-06-25,2,000566,海南海药,0
2026-06-29,2026-06-30,1,000566,海南海药,1
2026-06-30,2026-07-01,2,000566,海南海药,1
2026-07-01,2026-07-02,3,000566,海南海药,1
2026-07-02,2026-07-03,4,000566,海南海药,0
2026-07-15,2026-07-16,1,000566,海南海药,1
2026-07-16,2026-07-17,2,000566,海南海药,0
2026-07-22,2026-07-23,1,000566,海南海药,0
2026-07-27,2026-07-28,1,000566,海南海药,1
2026-07-28,2026-07-29,2,000566,海南海药,0
2026-07-30,2026-07-31,1,000566,海南海药,0
2026-08-25,2026-08-26,1,000566,海南海药,0
2026-09-21,2026-09-22,1,000566,海南海药,0
2026-01-26,2026-01-27,1,603578,三星新材,0
2026-02-27,2026-03-02,1,603578,三星新材,0
2026-05-27,2026-05-28,1,603578,三星新材,0
2026-06-05,2026-06-08,1,603578,三星新材,0
2026-07-10,2026-07-13,1,603578,三星新材,0
2026-08-20,2026-08-21,1,603578,三星新材,0
2026-06-18,2026-06-22,1,002392,北京利尔,0
2026-07-02,2026-07-03,1,002392,北京利尔,0
2026-02-27,2026-03-02,1,002356,鹏飞绿能,1
2026-03-02,2026-03-03,2,002356,鹏飞绿能,0
2026-06-01,2026-06-02,1,002356,鹏飞绿能,0
2026-04-17,2026-04-20,1,000936,华西股份,0
2026-05-13,2026-05-14,1,000936,华西股份,0
2026-08-12,2026-08-13,1,000936,华西股份,1
2026-08-13,2026-08-14,2,000936,华西股份,1
2026-08-14,2026-08-17,3,000936,华西股份,0
2026-04-28,2026-04-29,1,601828,美凯龙,0
2026-01-07,2026-01-08,1,002277,友阿股份,0
2026-05-14,2026-05-15,1,002277,友阿股份,0
2026-06-29,2026-06-30,1,002277,友阿股份,0
2026-07-01,2026-07-02,1,002277,友阿股份,0
2026-08-24,2026-08-25,1,002277,友阿股份,0
2025-12-26,2025-12-29,1,000547,航天发展,1
2025-12-29,2025-12-30,2,000547,航天发展,0
2025-12-31,2026-01-05,1,000547,航天发展,0
2026-02-03,2026-02-04,1,000547,航天发展,0
2026-02-25,2026-02-26,1,000547,航天发展,0
2026-05-08,2026-05-11,1,000547,航天发展,0
2026-06-12,2026-06-15,1,000547,航天发展,0
2026-07-10,2026-07-13,1,000547,航天发展,0
2026-01-29,2026-01-30,1,603162,海通发展,0
2026-05-06,2026-05-07,1,603162,海通发展,0
2026-07-10,2026-07-13,1,603162,海通发展,0
2026-07-22,2026-07-23,1,603162,海通发展,0
2026-08-10,2026-08-11,1,603162,海通发展,0
2026-09-03,2026-09-04,1,603162,海通发展,1
2026-09-04,2026-09-07,2,603162,海通发展,0
2026-09-09,2026-09-10,1,603162,海通发展,0
2025-12-26,2025-12-29,1,603626,科森科技,0
2025-12-30,2025-12-31,1,603626,科森科技,0
2026-01-16,2026-01-19,1,603626,科森科技,0
2026-02-06,2026-02-09,1,603626,科森科技,1
2026-02-09,2026-02-10,2,603626,科森科技,0
2026-03-12,2026-03-13,1,603626,科森科技,0
2026-04-27,2026-04-28,1,603626,科森科技,0
2026-08-05,2026-08-06,1,603626,科森科技,0
2026-08-20,2026-08-21,1,603626,科森科技,1
2026-08-21,2026-08-24,2,603626,科森科技,0
2026-09-07,2026-09-08,1,603626,科森科技,1
2026-09-08,2026-09-09,2,603626,科森科技,0
2026-09-14,2026-09-15,1,603626,科森科技,0
2026-09-17,2026-09-18,1,603626,科森科技,1
2026-09-18,2026-09-21,2,603626,科森科技,0
2026-02-04,2026-02-05,1,600814,杭州解百,1
2026-02-05,2026-02-06,2,600814,杭州解百,1
2026-02-06,2026-02-09,3,600814,杭州解百,0
2026-04-27,2026-04-28,1,002210,飞马国际,1
2026-04-28,2026-04-29,2,002210,飞马国际,1
2026-04-29,2026-04-30,3,002210,飞马国际,0
2026-05-06,2026-05-07,1,002210,飞马国际,0
2026-05-28,2026-05-29,1,002210,飞马国际,0
2026-01-12,2026-01-13,1,603888,新华网,1
2026-01-13,2026-01-14,2,603888,新华网,1
2026-01-14,2026-01-15,3,603888,新华网,0
2026-02-10,2026-02-11,1,603888,新华网,0
2026-06-05,2026-06-08,1,603888,新华网,0
2026-01-20,2026-01-21,1,000670,盈方微,1
2026-01-21,2026-01-22,2,000670,盈方微,1
2026-01-22,2026-01-23,3,000670,盈方微,0
2026-03-20,2026-03-23,1,000670,盈方微,0
2026-04-10,2026-04-13,1,000670,盈方微,0
2026-05-22,2026-05-25,1,000670,盈方微,0
2026-06-04,2026-06-05,1,000670,盈方微,0
2026-06-09,2026-06-10,1,000670,盈方微,0
2026-07-24,2026-07-27,1,000670,盈方微,0
2026-08-17,2026-08-18,1,000670,盈方微,0
2026-09-16,2026-09-17,1,000670,盈方微,0
2026-01-14,2026-01-15,1,002478,常宝股份,0
2026-02-12,2026-02-13,1,002478,常宝股份,0
2026-02-26,2026-02-27,1,002478,常宝股份,0
2026-03-06,2026-03-09,1,002478,常宝股份,0
2026-04-08,2026-04-09,1,002478,常宝股份,0
2026-08-17,2026-08-18,1,002478,常宝股份,0
2026-08-25,2026-08-26,1,002478,常宝股份,0
2026-04-10,2026-04-13,1,600103,青山纸业,0
2026-04-20,2026-04-21,1,600103,青山纸业,1
2026-04-21,2026-04-22,2,600103,青山纸业,0
2026-06-03,2026-06-04,1,600103,青山纸业,0
2026-08-25,2026-08-26,1,600103,青山纸业,1
2026-08-26,2026-08-27,2,600103,青山纸业,1
2026-08-27,2026-08-28,3,600103,青山纸业,0
2026-09-01,2026-09-02,1,600103,青山纸业,0
2026-09-07,2026-09-08,1,600103,青山纸业,0
2026-09-16,2026-09-17,1,600103,青山纸业,0
2026-02-04,2026-02-05,1,000070,特发信息,0
2026-02-10,2026-02-11,1,000070,特发信息,1
2026-02-11,2026-02-12,2,000070,特发信息,1
2026-02-12,2026-02-13,3,000070,特发信息,0
2026-03-02,2026-03-03,1,000070,特发信息,0
2026-03-25,2026-03-26,1,000070,特发信息,0
2026-03-31,2026-04-01,1,000070,特发信息,0
2026-04-09,2026-04-10,1,000070,特发信息,0
2026-04-16,2026-04-17,1,000070,特发信息,0
2026-05-07,2026-05-08,1,000070,特发信息,0
2026-06-15,2026-06-16,1,000070,特发信息,0
2026-06-22,2026-06-23,1,000070,特发信息,1
2026-06-23,2026-06-24,2,000070,特发信息,0
2026-08-25,2026-08-26,1,000070,特发信息,0
2025-12-29,2025-12-30,1,603667,五洲新春,1
2025-12-30,2025-12-31,2,603667,五洲新春,1
2025-12-31,2026-01-05,3,603667,五洲新春,0
2026-01-16,2026-01-19,1,603667,五洲新春,1
2026-01-19,2026-01-20,2,603667,五洲新春,0
2026-02-06,2026-02-09,1,603667,五洲新春,0
2026-05-08,2026-05-11,1,603667,五洲新春,0
2026-05-15,2026-05-18,1,603667,五洲新春,0
2026-02-27,2026-03-02,1,603738,泰晶科技,1
2026-03-02,2026-03-03,2,603738,泰晶科技,0
2026-03-16,2026-03-17,1,603738,泰晶科技,0
2026-03-27,2026-03-30,1,603738,泰晶科技,0
2026-04-13,2026-04-14,1,603738,泰晶科技,0
2026-04-17,2026-04-20,1,603738,泰晶科技,0
2026-04-21,2026-04-22,1,603738,泰晶科技,0
2026-04-29,2026-04-30,1,603738,泰晶科技,0
2026-05-07,2026-05-08,1,603738,泰晶科技,1
2026-05-08,2026-05-11,2,603738,泰晶科技,1
2026-05-11,2026-05-12,3,603738,泰晶科技,0
2026-06-12,2026-06-15,1,603738,泰晶科技,1
2026-06-15,2026-06-16,2,603738,泰晶科技,0
2026-07-01,2026-07-02,1,603738,泰晶科技,0
2026-07-31,2026-08-03,1,603738,泰晶科技,0
2026-08-04,2026-08-05,1,603738,泰晶科技,0
2026-08-06,2026-08-07,1,603738,泰晶科技,0
2026-03-06,2026-03-09,1,002448,中原内配,0
2026-04-23,2026-04-24,1,002448,中原内配,0
2026-07-21,2026-07-22,1,002448,中原内配,0
2026-07-27,2026-07-28,1,002448,中原内配,0
2026-08-17,2026-08-18,1,002448,中原内配,0
2026-02-05,2026-02-06,1,000822,山东海化,0
2026-03-27,2026-03-30,1,000822,山东海化,0
2026-03-09,2026-03-10,1,600851,海欣股份,0
2026-04-01,2026-04-02,1,600851,海欣股份,0
2026-05-25,2026-05-26,1,600851,海欣股份,0
2026-06-18,2026-06-22,1,600851,海欣股份,1
2026-06-22,2026-06-23,2,600851,海欣股份,1
2026-06-23,2026-06-24,3,600851,海欣股份,0
2026-08-12,2026-08-13,1,000410,沈阳机床,0
2026-09-18,2026-09-21,1,000410,沈阳机床,0
2026-08-18,2026-08-19,1,002385,大北农,0
2026-01-12,2026-01-13,1,002171,楚江新材,0
2026-02-10,2026-02-11,1,002655,共达电声,0
2026-02-27,2026-03-02,1,002655,共达电声,0
2026-04-29,2026-04-30,1,002655,共达电声,0
2026-05-07,2026-05-08,1,002655,共达电声,1
2026-05-08,2026-05-11,2,002655,共达电声,0
2026-06-18,2026-06-22,1,002655,共达电声,1
2026-06-22,2026-06-23,2,002655,共达电声,0
2026-08-04,2026-08-05,1,002655,共达电声,1
2026-08-05,2026-08-06,2,002655,共达电声,0
2026-08-21,2026-08-24,1,002655,共达电声,0
2026-09-16,2026-09-17,1,002655,共达电声,1
2026-09-17,2026-09-18,2,002655,共达电声,0
2026-01-07,2026-01-08,1,601399,国机重装,1
2026-01-08,2026-01-09,2,601399,国机重装,0
2025-12-26,2025-12-29,1,002163,海南发展,0
2026-01-19,2026-01-20,1,002163,海南发展,0
2026-05-29,2026-06-01,1,600280,中央商场,1
2026-06-01,2026-06-02,2,600280,中央商场,1
2026-06-02,2026-06-03,3,600280,中央商场,0
2026-06-08,2026-06-09,1,600280,中央商场,0
2026-09-07,2026-09-08,1,600280,中央商场,0
2026-01-14,2026-01-15,1,002194,武汉凡谷,0
2026-04-22,2026-04-23,1,002194,武汉凡谷,0
2026-05-07,2026-05-08,1,002194,武汉凡谷,0
2026-06-05,2026-06-08,1,002194,武汉凡谷,0
2026-06-16,2026-06-17,1,002194,武汉凡谷,0
2026-08-06,2026-08-07,1,002194,武汉凡谷,1
2026-08-07,2026-08-10,2,002194,武汉凡谷,0
2026-08-11,2026-08-12,1,002194,武汉凡谷,0
2026-09-08,2026-09-09,1,002194,武汉凡谷,0
2026-02-10,2026-02-11,1,002806,华锋股份,0
2026-05-22,2026-05-25,1,002806,华锋股份,0
2026-05-28,2026-05-29,1,002806,华锋股份,1
2026-05-29,2026-06-01,2,002806,华锋股份,0
2026-06-02,2026-06-03,1,002806,华锋股份,0
2026-06-04,2026-06-05,1,002806,华锋股份,0
2026-06-15,2026-06-16,1,002806,华锋股份,1
2026-06-16,2026-06-17,2,002806,华锋股份,0
2026-09-16,2026-09-17,1,002806,华锋股份,0
2026-02-26,2026-02-27,1,002350,北京科锐,1
2026-02-27,2026-03-02,2,002350,北京科锐,0
2026-03-03,2026-03-04,1,002350,北京科锐,0
2026-03-10,2026-03-11,1,002350,北京科锐,0
2026-03-24,2026-03-25,1,002350,北京科锐,0
2026-05-07,2026-05-08,1,002350,北京科锐,0
2026-05-28,2026-05-29,1,002350,北京科锐,0
2026-07-08,2026-07-09,1,002350,北京科锐,0
2026-07-16,2026-07-17,1,002350,北京科锐,0
2025-12-29,2025-12-30,1,000700,模塑科技,1
2025-12-30,2025-12-31,2,000700,模塑科技,0
2026-01-21,2026-01-22,1,000700,模塑科技,0
2026-05-07,2026-05-08,1,000700,模塑科技,0
2026-06-02,2026-06-03,1,000700,模塑科技,1
2026-06-03,2026-06-04,2,000700,模塑科技,0
2026-06-15,2026-06-16,1,000700,模塑科技,0
2026-07-02,2026-07-03,1,000700,模塑科技,0
2025-12-31,2026-01-05,1,002735,王子新材,1
2026-01-05,2026-01-06,2,002735,王子新材,0
2026-05-25,2026-05-26,1,002735,王子新材,0
2026-06-03,2026-06-04,1,002735,王子新材,0
2026-06-16,2026-06-17,1,002735,王子新材,0
2025-12-31,2026-01-05,1,600135,乐凯胶片,0
2026-01-07,2026-01-08,1,600135,乐凯胶片,1
2026-01-08,2026-01-09,2,600135,乐凯胶片,0
2026-03-09,2026-03-10,1,600135,乐凯胶片,1
2026-03-10,2026-03-11,2,600135,乐凯胶片,0
2026-03-30,2026-03-31,1,600135,乐凯胶片,0
2026-04-15,2026-04-16,1,600135,乐凯胶片,0
2026-04-29,2026-04-30,1,600135,乐凯胶片,0
2026-09-16,2026-09-17,1,600135,乐凯胶片,0
2026-03-31,2026-04-01,1,002560,通达股份,1
2026-04-01,2026-04-02,2,002560,通达股份,1
2026-04-02,2026-04-03,3,002560,通达股份,0
2026-04-20,2026-04-21,1,002560,通达股份,0
2026-04-27,2026-04-28,1,002560,通达股份,0
2026-05-12,2026-05-13,1,002560,通达股份,0
2026-07-23,2026-07-24,1,002560,通达股份,0
2026-09-11,2026-09-14,1,002560,通达股份,1
2026-09-14,2026-09-15,2,002560,通达股份,0
2026-01-23,2026-01-26,1,603212,赛伍技术,0
2026-01-27,2026-01-28,1,603212,赛伍技术,0
2026-06-30,2026-07-01,1,603212,赛伍技术,1
2026-07-01,2026-07-02,2,603212,赛伍技术,0
2026-07-23,2026-07-24,1,603212,赛伍技术,0
2026-01-07,2026-01-08,1,002627,三峡旅游,0
2026-02-05,2026-02-06,1,002627,三峡旅游,0
2026-04-29,2026-04-30,1,002627,三峡旅游,0
2026-05-26,2026-05-27,1,002627,三峡旅游,0
2026-08-14,2026-08-17,1,002651,利君股份,1
2026-08-17,2026-08-18,2,002651,利君股份,0
2026-08-24,2026-08-25,1,002651,利君股份,0
2026-09-11,2026-09-14,1,603136,天目湖,0
2026-04-02,2026-04-03,1,600644,乐山电力,0
2026-07-17,2026-07-20,1,600644,乐山电力,1
2026-07-20,2026-07-21,2,600644,乐山电力,0
2026-07-22,2026-07-23,1,600644,乐山电力,0
2026-08-03,2026-08-04,1,600644,乐山电力,0
2026-09-10,2026-09-11,1,600644,乐山电力,0
2026-09-16,2026-09-17,1,600644,乐山电力,0
2026-01-15,2026-01-16,1,605580,恒盛能源,0
2026-01-20,2026-01-21,1,605580,恒盛能源,0
2026-05-22,2026-05-25,1,605580,恒盛能源,1
2026-05-25,2026-05-26,2,605580,恒盛能源,0
2026-05-28,2026-05-29,1,605580,恒盛能源,0
2026-06-03,2026-06-04,1,605580,恒盛能源,0
2026-06-22,2026-06-23,1,605580,恒盛能源,1
2026-06-23,2026-06-24,2,605580,恒盛能源,0
2026-09-03,2026-09-04,1,605580,恒盛能源,1
2026-09-04,2026-09-07,2,605580,恒盛能源,0
2026-09-14,2026-09-15,1,605580,恒盛能源,0
2026-01-21,2026-01-22,1,603203,快克智能,0
2026-04-08,2026-04-09,1,603203,快克智能,0
2026-04-17,2026-04-20,1,603203,快克智能,0
2026-05-12,2026-05-13,1,603203,快克智能,1
2026-05-13,2026-05-14,2,603203,快克智能,0
2026-05-25,2026-05-26,1,603203,快克智能,0
2026-06-24,2026-06-25,1,603203,快克智能,0
2026-08-04,2026-08-05,1,603203,快克智能,0
2026-01-19,2026-01-20,1,002628,成都路桥,0
2026-02-27,2026-03-02,1,002628,成都路桥,0
2026-04-17,2026-04-20,1,002628,成都路桥,0
2026-05-13,2026-05-14,1,002628,成都路桥,0
2026-06-29,2026-06-30,1,002628,成都路桥,1
2026-06-30,2026-07-01,2,002628,成都路桥,0
2026-07-14,2026-07-15,1,002628,成都路桥,0
2026-08-14,2026-08-17,1,002628,成都路桥,0
2026-08-27,2026-08-28,1,002628,成都路桥,0
2026-01-23,2026-01-26,1,605016,百龙创园,0
2026-04-08,2026-04-09,1,605016,百龙创园,0
2026-07-29,2026-07-30,1,605016,百龙创园,0
2025-12-05,2025-12-08,1,002969,嘉美包装,0
2025-12-17,2025-12-18,1,002969,嘉美包装,1
2025-12-18,2025-12-19,2,002969,嘉美包装,1
2025-12-19,2025-12-22,3,002969,嘉美包装,1
2025-12-22,2025-12-23,4,002969,嘉美包装,1
2025-12-23,2025-12-24,5,002969,嘉美包装,1
2025-12-24,2025-12-25,6,002969,嘉美包装,1
2026-01-12,2026-01-13,2,002969,嘉美包装,0
2026-01-14,2026-01-15,1,002969,嘉美包装,0
2026-01-19,2026-01-20,1,002969,嘉美包装,1
2026-01-20,2026-01-21,2,002969,嘉美包装,0
2026-01-22,2026-01-23,1,002969,嘉美包装,0
2026-02-05,2026-02-06,1,002969,嘉美包装,0
2026-02-10,2026-02-11,1,002969,嘉美包装,0
2026-03-10,2026-03-11,1,002969,嘉美包装,0
2026-03-13,2026-03-16,1,002969,嘉美包装,0
2026-04-29,2026-04-30,1,002969,嘉美包装,0
2026-06-12,2026-06-15,1,002969,嘉美包装,0
2026-07-27,2026-07-28,1,002969,嘉美包装,1
2026-07-28,2026-07-29,2,002969,嘉美包装,0
2026-09-03,2026-09-04,1,002969,嘉美包装,0
2026-03-25,2026-03-26,1,000690,宝新能源,0
2026-04-21,2026-04-22,1,000690,宝新能源,0
2026-04-07,2026-04-08,1,600596,新安股份,0
2026-05-22,2026-05-25,1,600596,新安股份,0
2026-06-01,2026-06-02,1,600596,新安股份,0
2026-06-03,2026-06-04,1,600596,新安股份,0
2026-06-09,2026-06-10,1,600596,新安股份,0
2026-06-24,2026-06-25,1,600596,新安股份,0
2026-09-08,2026-09-09,1,600596,新安股份,0
2026-03-05,2026-03-06,1,000536,华映科技,0
2026-05-21,2026-05-22,1,000536,华映科技,0
2026-06-04,2026-06-05,1,000536,华映科技,0
2026-07-01,2026-07-02,1,000536,华映科技,1
2026-07-02,2026-07-03,2,000536,华映科技,0
2026-08-26,2026-08-27,1,000536,华映科技,0
2026-09-01,2026-09-02,1,000536,华映科技,0
2026-01-19,2026-01-20,1,002539,云图控股,0
2026-02-24,2026-02-25,1,002539,云图控股,0
2026-06-22,2026-06-23,1,002539,云图控股,0
2026-07-23,2026-07-24,1,002539,云图控股,0
2026-01-05,2026-01-06,1,603067,振华股份,0
2026-01-09,2026-01-12,1,603067,振华股份,0
2026-03-05,2026-03-06,1,603067,振华股份,0
2026-04-03,2026-04-07,1,603067,振华股份,0
2026-05-07,2026-05-08,1,603067,振华股份,0
2026-05-19,2026-05-20,1,603067,振华股份,0
2026-06-04,2026-06-05,1,603067,振华股份,0
2026-06-22,2026-06-23,1,603067,振华股份,0
2026-06-25,2026-06-26,1,603067,振华股份,0
2026-06-30,2026-07-01,1,603067,振华股份,0
2026-07-06,2026-07-07,1,603067,振华股份,0
2026-07-31,2026-08-03,1,603067,振华股份,0
2026-08-17,2026-08-18,1,603067,振华股份,0
2026-01-15,2026-01-16,1,600389,江山股份,0
2026-07-23,2026-07-24,1,600389,江山股份,0
2026-03-02,2026-03-03,1,603083,剑桥科技,0
2026-04-08,2026-04-09,1,603083,剑桥科技,0
2026-04-17,2026-04-20,1,603083,剑桥科技,0
2026-04-29,2026-04-30,1,603083,剑桥科技,0
2026-05-19,2026-05-20,1,603083,剑桥科技,0
2026-05-25,2026-05-26,1,603083,剑桥科技,0
2026-06-15,2026-06-16,1,603083,剑桥科技,0
2026-06-22,2026-06-23,1,603083,剑桥科技,0
2026-06-24,2026-06-25,1,603083,剑桥科技,0
2026-08-04,2026-08-05,1,603083,剑桥科技,0
2026-08-14,2026-08-17,1,603083,剑桥科技,0
2026-08-26,2026-08-27,1,603083,剑桥科技,0
2026-09-07,2026-09-08,1,603083,剑桥科技,0
2025-12-29,2025-12-30,1,002187,广百股份,0
2026-01-09,2026-01-12,1,002187,广百股份,0
2026-01-19,2026-01-20,1,002187,广百股份,0
2026-05-13,2026-05-14,1,600183,生益科技,0
2026-05-18,2026-05-19,1,600183,生益科技,0
2026-05-22,2026-05-25,1,600183,生益科技,0
2026-05-26,2026-05-27,1,600183,生益科技,0
2026-06-09,2026-06-10,1,600183,生益科技,0
2026-06-15,2026-06-16,1,600183,生益科技,0
2026-07-14,2026-07-15,1,600183,生益科技,0
2026-07-21,2026-07-22,1,600183,生益科技,0
2026-08-04,2026-08-05,1,600183,生益科技,0
2026-08-07,2026-08-10,1,600183,生益科技,0
2026-06-15,2026-06-16,1,603681,永冠新材,0
2025-12-29,2025-12-30,1,600481,双良节能,0
2026-01-23,2026-01-26,1,600481,双良节能,0
2026-02-03,2026-02-04,1,600481,双良节能,1
2026-02-04,2026-02-05,2,600481,双良节能,0
2026-02-12,2026-02-13,1,600481,双良节能,0
2026-05-14,2026-05-15,1,600481,双良节能,0
2026-05-19,2026-05-20,1,600481,双良节能,0
2026-06-26,2026-06-29,1,600481,双良节能,0
2026-01-08,2026-01-09,1,603031,安孚科技,0
2026-02-03,2026-02-04,1,603031,安孚科技,0
2026-02-09,2026-02-10,1,603031,安孚科技,0
2026-04-17,2026-04-20,1,603031,安孚科技,0
2026-05-07,2026-05-08,1,603031,安孚科技,0
2026-05-18,2026-05-19,1,603031,安孚科技,0
2026-05-28,2026-05-29,1,603031,安孚科技,0
2026-07-31,2026-08-03,1,603031,安孚科技,0
2026-01-05,2026-01-06,1,000859,国风新材,0
2026-01-07,2026-01-08,1,000859,国风新材,0
2026-02-10,2026-02-11,1,000859,国风新材,0
2026-02-13,2026-02-24,1,000859,国风新材,0
2026-03-25,2026-03-26,1,000859,国风新材,0
2026-05-20,2026-05-21,1,000859,国风新材,0
2026-05-28,2026-05-29,1,000859,国风新材,0
2026-06-30,2026-07-01,1,000859,国风新材,0
2026-07-28,2026-07-29,1,000859,国风新材,0
2026-08-10,2026-08-11,1,000859,国风新材,1
2026-08-11,2026-08-12,2,000859,国风新材,0
2026-05-13,2026-05-14,1,002825,纳尔股份,0
2026-07-27,2026-07-28,1,603459,红板科技,0
2026-08-04,2026-08-05,1,603459,红板科技,0
2026-08-07,2026-08-10,1,603459,红板科技,0
2026-08-31,2026-09-01,1,603459,红板科技,0
2026-05-25,2026-05-26,1,000564,供销大集,0
2026-06-16,2026-06-17,1,000564,供销大集,0
2026-08-17,2026-08-18,1,000564,供销大集,0
2026-09-01,2026-09-02,1,000564,供销大集,0
2025-12-26,2025-12-29,1,000973,佛塑科技,0
2026-03-09,2026-03-10,1,000973,佛塑科技,0
2026-04-24,2026-04-27,1,000973,佛塑科技,0
2026-04-29,2026-04-30,1,000973,佛塑科技,0
2026-07-07,2026-07-08,1,000973,佛塑科技,0
2026-08-10,2026-08-11,1,000973,佛塑科技,0
2026-01-20,2026-01-21,1,003035,南网能源,0
2026-02-03,2026-02-04,1,003035,南网能源,0
2026-02-24,2026-02-25,1,003035,南网能源,0
2026-02-27,2026-03-02,1,003035,南网能源,0
2026-03-09,2026-03-10,1,003035,南网能源,0
2026-08-24,2026-08-25,1,003035,南网能源,0
2025-12-26,2025-12-29,3,603601,再升科技,0
2026-01-22,2026-01-23,1,603601,再升科技,0
2026-01-28,2026-01-29,1,603601,再升科技,0
2026-02-11,2026-02-12,1,603601,再升科技,0
2026-02-24,2026-02-25,1,603601,再升科技,1
2026-02-25,2026-02-26,2,603601,再升科技,0
2026-03-18,2026-03-19,1,603601,再升科技,0
2026-03-25,2026-03-26,1,603601,再升科技,1
2026-03-26,2026-03-27,2,603601,再升科技,0
2026-03-30,2026-03-31,1,603601,再升科技,0
2026-05-18,2026-05-19,1,603601,再升科技,0
2026-05-28,2026-05-29,1,603601,再升科技,0
2026-06-17,2026-06-18,1,603601,再升科技,0
2026-09-10,2026-09-11,1,603601,再升科技,0
2026-01-14,2026-01-15,1,603687,大胜达,0
2026-03-18,2026-03-19,1,603687,大胜达,1
2026-03-19,2026-03-20,2,603687,大胜达,1
2026-03-20,2026-03-23,3,603687,大胜达,1
2026-03-23,2026-03-24,4,603687,大胜达,0
2026-03-26,2026-03-27,1,603687,大胜达,0
2026-04-01,2026-04-02,1,603687,大胜达,0
2026-04-07,2026-04-08,1,603687,大胜达,0
2026-04-15,2026-04-16,1,603687,大胜达,1
2026-04-16,2026-04-17,2,603687,大胜达,0
2026-04-30,2026-05-06,1,603687,大胜达,0
2026-05-20,2026-05-21,1,603687,大胜达,0
2026-06-02,2026-06-03,1,603687,大胜达,0
2026-06-10,2026-06-11,1,603687,大胜达,0
2026-06-26,2026-06-29,1,603687,大胜达,0
2026-08-25,2026-08-26,1,603687,大胜达,0
2026-04-29,2026-04-30,1,601233,桐昆股份,0
2026-06-12,2026-06-15,1,601233,桐昆股份,0
2026-06-22,2026-06-23,1,601233,桐昆股份,0
2026-08-27,2026-08-28,1,601233,桐昆股份,0
2026-04-08,2026-04-09,1,002708,光洋股份,0
2026-06-05,2026-06-08,1,002708,光洋股份,0
2026-09-02,2026-09-03,1,002708,光洋股份,1
2026-09-03,2026-09-04,2,002708,光洋股份,0
2026-09-07,2026-09-08,1,002708,光洋股份,0
2026-01-08,2026-01-09,1,603333,福华尚纬,0
2026-05-15,2026-05-18,1,603333,福华尚纬,0
2026-05-19,2026-05-20,1,603333,福华尚纬,0
2026-08-21,2026-08-24,1,603333,福华尚纬,0
2026-09-10,2026-09-11,1,002204,大连重工,0
2026-07-02,2026-07-03,1,000576,甘化科工,1
2026-07-03,2026-07-06,2,000576,甘化科工,0
2026-08-27,2026-08-28,1,000576,甘化科工,0
2026-02-27,2026-03-02,1,000035,中国天楹,1
2026-03-02,2026-03-03,2,000035,中国天楹,0
2026-03-24,2026-03-25,1,000035,中国天楹,0
2026-07-23,2026-07-24,1,000035,中国天楹,0
2026-05-21,2026-05-22,1,600360,华微电子,0
2026-05-28,2026-05-29,1,600360,华微电子,0
2026-06-02,2026-06-03,1,600360,华微电子,0
2026-06-23,2026-06-24,1,600360,华微电子,0
2026-07-07,2026-07-08,1,600360,华微电子,0
2026-03-03,2026-03-04,1,600681,百川能源,0
2026-02-12,2026-02-13,1,603757,XD大元泵业,0
2026-03-11,2026-03-12,1,603757,XD大元泵业,0
2026-03-18,2026-03-19,1,603757,XD大元泵业,0
2026-04-08,2026-04-09,1,603757,XD大元泵业,1
2026-04-09,2026-04-10,2,603757,XD大元泵业,0
2026-05-11,2026-05-12,1,603757,XD大元泵业,0
2026-05-28,2026-05-29,1,603757,XD大元泵业,0
2026-06-22,2026-06-23,1,603757,XD大元泵业,1
2026-06-23,2026-06-24,2,603757,XD大元泵业,0
2026-07-06,2026-07-07,1,603757,XD大元泵业,0
2026-07-09,2026-07-10,1,603757,XD大元泵业,0
2026-08-04,2026-08-05,1,603757,XD大元泵业,0
2026-08-07,2026-08-10,1,603757,XD大元泵业,0
2026-09-03,2026-09-04,1,603757,XD大元泵业,0
2026-08-17,2026-08-18,1,603395,中盐红四方,1
2026-08-18,2026-08-19,2,603395,中盐红四方,1
2026-08-19,2026-08-20,3,603395,中盐红四方,0
2026-08-25,2026-08-26,1,603395,中盐红四方,0
2026-09-07,2026-09-08,1,603395,中盐红四方,0
2026-09-21,2026-09-22,1,603395,中盐红四方,0
2026-07-23,2026-07-24,1,002199,东晶电子,1
2026-07-24,2026-07-27,2,002199,东晶电子,0
2026-07-28,2026-07-29,1,002199,东晶电子,1
2026-07-29,2026-07-30,2,002199,东晶电子,0
2026-08-04,2026-08-05,1,002199,东晶电子,0
2026-03-12,2026-03-13,1,601038,一拖股份,0
2026-07-21,2026-07-22,1,601038,一拖股份,0
2026-08-26,2026-08-27,1,601038,一拖股份,0
2026-03-03,2026-03-04,1,601866,中远海发,0
2026-01-07,2026-01-08,1,600475,华光环能,0
2026-01-12,2026-01-13,1,600475,华光环能,0
2026-01-27,2026-01-28,1,600475,华光环能,0
2026-03-24,2026-03-25,1,600475,华光环能,0
2026-05-13,2026-05-14,1,600475,华光环能,0
2026-07-30,2026-07-31,1,600475,华光环能,0
2026-08-25,2026-08-26,1,002094,青岛金王,1
2026-08-26,2026-08-27,2,002094,青岛金王,0
2026-01-23,2026-01-26,1,600307,酒钢宏兴,0
2026-03-13,2026-03-16,1,600307,酒钢宏兴,0
2026-03-17,2026-03-18,1,600307,酒钢宏兴,1
2026-03-18,2026-03-19,2,600307,酒钢宏兴,0
2025-12-31,2026-01-05,1,000809,和展能源,0
2026-03-24,2026-03-25,1,000809,和展能源,0
2026-05-20,2026-05-21,1,000809,和展能源,0
2026-06-12,2026-06-15,1,000809,和展能源,0
2026-01-15,2026-01-16,1,002130,沃尔核材,0
2026-01-05,2026-01-06,1,600855,航天长峰,1
2026-01-06,2026-01-07,2,600855,航天长峰,0
2026-04-14,2026-04-15,1,600855,航天长峰,0
2026-05-08,2026-05-11,1,600855,航天长峰,0
2026-04-01,2026-04-02,1,002408,齐翔腾达,0
2026-04-07,2026-04-08,1,002408,齐翔腾达,0
2026-01-06,2026-01-07,1,600230,沧州大化,0
2026-01-19,2026-01-20,1,600230,沧州大化,1
2026-01-20,2026-01-21,2,600230,沧州大化,0
2026-01-28,2026-01-29,1,600230,沧州大化,0
2026-02-06,2026-02-09,1,600230,沧州大化,0
2026-02-25,2026-02-26,1,600230,沧州大化,0
2026-02-27,2026-03-02,1,600230,沧州大化,0
2026-07-23,2026-07-24,1,600230,沧州大化,0
2026-01-26,2026-01-27,1,603045,福达合金,0
2026-03-04,2026-03-05,1,603045,福达合金,0
2026-04-08,2026-04-09,1,603045,福达合金,0
2026-04-30,2026-05-06,1,603045,福达合金,1
2026-05-06,2026-05-07,2,603045,福达合金,1
2026-05-07,2026-05-08,3,603045,福达合金,1
2026-05-08,2026-05-11,4,603045,福达合金,1
2026-05-11,2026-05-12,5,603045,福达合金,0
2026-06-01,2026-06-02,1,603045,福达合金,1
2026-06-02,2026-06-03,2,603045,福达合金,0
2026-06-15,2026-06-16,1,603045,福达合金,1
2026-06-16,2026-06-17,2,603045,福达合金,0
2026-06-24,2026-06-25,1,603045,福达合金,0
2026-08-05,2026-08-06,1,603045,福达合金,0
2026-08-21,2026-08-24,1,603045,福达合金,0
2026-08-28,2026-08-31,1,603045,福达合金,0
2026-01-06,2026-01-07,1,002788,鹭燕医药,1
2026-01-07,2026-01-08,2,002788,鹭燕医药,1
2026-01-08,2026-01-09,3,002788,鹭燕医药,0
2026-03-31,2026-04-01,1,002788,鹭燕医药,0
2026-04-07,2026-04-08,1,002788,鹭燕医药,0
2026-04-15,2026-04-16,1,002788,鹭燕医药,0
2026-07-16,2026-07-17,1,002788,鹭燕医药,0
2026-04-02,2026-04-03,1,000586,汇源通信,1
2026-04-03,2026-04-07,2,000586,汇源通信,1
2026-04-07,2026-04-08,3,000586,汇源通信,1
2026-04-08,2026-04-09,4,000586,汇源通信,1
2026-04-09,2026-04-10,5,000586,汇源通信,0
2026-04-20,2026-04-21,1,000586,汇源通信,0
2026-05-19,2026-05-20,1,000586,汇源通信,0
2026-06-02,2026-06-03,1,000586,汇源通信,0
2026-08-27,2026-08-28,1,000586,汇源通信,0
2026-01-28,2026-01-29,1,600262,北方股份,0
2026-08-06,2026-08-07,1,600262,北方股份,0
2026-03-12,2026-03-13,1,603092,德力佳传动,0
2026-05-13,2026-05-14,1,002375,亚厦股份,0
2026-05-19,2026-05-20,1,002375,亚厦股份,0
2026-08-31,2026-09-01,1,002375,亚厦股份,0
2026-02-10,2026-02-11,1,002159,三特索道,0
2026-06-18,2026-06-22,1,002159,三特索道,0
2026-04-01,2026-04-02,1,002269,美邦服饰,0
2026-08-17,2026-08-18,1,001356,富岭股份,0
2026-03-18,2026-03-19,1,603016,新宏泰,0
2026-03-23,2026-03-24,1,603016,新宏泰,0
2026-03-30,2026-03-31,1,603016,新宏泰,0
2026-04-21,2026-04-22,1,603016,新宏泰,0
2026-04-24,2026-04-27,1,603016,新宏泰,0
2026-05-14,2026-05-15,1,603016,新宏泰,0
2026-08-20,2026-08-21,1,603016,新宏泰,0
2026-08-28,2026-08-31,1,603016,新宏泰,0
2026-09-18,2026-09-21,1,603016,新宏泰,0
2026-07-27,2026-07-28,1,600165,宁科生物,0
2026-08-17,2026-08-18,1,600165,宁科生物,1
2026-08-18,2026-08-19,2,600165,宁科生物,0
2026-01-08,2026-01-09,1,601608,中信重工,0
2026-01-22,2026-01-23,1,601608,中信重工,0
2026-05-25,2026-05-26,1,601608,中信重工,0
2026-07-10,2026-07-13,1,601608,中信重工,1
2026-07-13,2026-07-14,2,601608,中信重工,0
2026-03-03,2026-03-04,1,601083,锦江航运,0
2026-04-01,2026-04-02,1,601083,锦江航运,0
2026-08-24,2026-08-25,1,601083,锦江航运,0
2026-01-06,2026-01-07,1,600295,鄂尔多斯,0
2026-04-07,2026-04-08,1,002132,恒星科技,0
2026-05-08,2026-05-11,1,002132,恒星科技,0
2026-06-03,2026-06-04,1,002132,恒星科技,0
2026-09-17,2026-09-18,1,001365,天海电子,0
2026-03-02,2026-03-03,1,600989,宝丰能源,0
2026-03-11,2026-03-12,1,600989,宝丰能源,0
2025-12-31,2026-01-05,1,002361,神剑股份,0
2026-01-08,2026-01-09,1,002361,神剑股份,0
2026-01-14,2026-01-15,1,002361,神剑股份,0
2026-02-03,2026-02-04,1,002361,神剑股份,0
2026-02-05,2026-02-06,1,002361,神剑股份,1
2026-02-06,2026-02-09,2,002361,神剑股份,0
2026-03-26,2026-03-27,1,002361,神剑股份,1
2026-03-27,2026-03-30,2,002361,神剑股份,1
2026-03-30,2026-03-31,3,002361,神剑股份,1
2026-03-31,2026-04-01,4,002361,神剑股份,0
2026-04-08,2026-04-09,1,002361,神剑股份,0
2026-04-15,2026-04-16,1,002361,神剑股份,0
2026-04-20,2026-04-21,1,002361,神剑股份,1
2026-04-21,2026-04-22,2,002361,神剑股份,0
2026-06-05,2026-06-08,1,002361,神剑股份,1
2026-06-08,2026-06-09,2,002361,神剑股份,0
2026-07-10,2026-07-13,1,002361,神剑股份,0
2026-08-03,2026-08-04,1,002361,神剑股份,1
2026-08-04,2026-08-05,2,002361,神剑股份,0
2026-01-13,2026-01-14,1,603138,海量数据,0
2026-01-23,2026-01-26,1,603138,海量数据,0
2026-02-06,2026-02-09,1,603138,海量数据,0
2026-02-11,2026-02-12,1,603138,海量数据,1
2026-02-12,2026-02-13,2,603138,海量数据,0
2026-03-09,2026-03-10,1,603138,海量数据,0
2026-04-08,2026-04-09,1,603138,海量数据,0
2026-06-01,2026-06-02,1,603138,海量数据,0
2026-09-03,2026-09-04,1,603138,海量数据,0
2026-09-18,2026-09-21,1,603138,海量数据,0
2026-01-09,2026-01-12,1,600973,宝胜股份,0
2026-06-05,2026-06-08,1,600973,宝胜股份,0
2026-01-30,2026-02-02,1,600667,太极实业,0
2026-02-24,2026-02-25,1,600667,太极实业,0
2026-03-16,2026-03-17,1,600667,太极实业,0
2026-05-12,2026-05-13,1,600667,太极实业,0
2026-06-02,2026-06-03,1,600667,太极实业,0
2026-06-04,2026-06-05,1,600667,太极实业,0
2026-06-11,2026-06-12,1,600667,太极实业,0
2026-06-18,2026-06-22,1,600667,太极实业,0
2026-06-24,2026-06-25,1,600667,太极实业,1
2026-06-25,2026-06-26,2,600667,太极实业,0
2026-07-01,2026-07-02,1,600667,太极实业,0
2026-07-09,2026-07-10,1,600667,太极实业,0
2026-07-21,2026-07-22,1,600667,太极实业,0
2026-07-27,2026-07-28,1,600667,太极实业,0
2026-07-31,2026-08-03,1,600667,太极实业,0
2026-08-11,2026-08-12,1,600667,太极实业,0
2026-09-10,2026-09-11,1,600667,太极实业,0
2026-01-06,2026-01-07,1,600435,北方导航,1
2026-01-07,2026-01-08,2,600435,北方导航,0
2026-03-02,2026-03-03,1,600435,北方导航,0
2026-01-16,2026-01-19,1,002498,汉缆股份,1
2026-01-19,2026-01-20,2,002498,汉缆股份,1
2026-01-20,2026-01-21,3,002498,汉缆股份,0
2026-02-02,2026-02-03,1,002498,汉缆股份,0
2026-02-12,2026-02-13,1,002498,汉缆股份,1
2026-02-13,2026-02-24,2,002498,汉缆股份,1
2026-02-24,2026-02-25,3,002498,汉缆股份,1
2026-02-25,2026-02-26,4,002498,汉缆股份,0
2026-03-04,2026-03-05,1,002498,汉缆股份,1
2026-03-05,2026-03-06,2,002498,汉缆股份,1
2026-03-06,2026-03-09,3,002498,汉缆股份,0
2026-03-12,2026-03-13,1,002498,汉缆股份,0
2026-03-24,2026-03-25,1,002498,汉缆股份,0
2026-04-15,2026-04-16,1,002498,汉缆股份,0
2026-04-29,2026-04-30,1,002498,汉缆股份,0
2026-05-12,2026-05-13,1,002498,汉缆股份,1
2026-05-13,2026-05-14,2,002498,汉缆股份,0
2026-07-23,2026-07-24,1,002498,汉缆股份,1
2026-07-24,2026-07-27,2,002498,汉缆股份,0
2026-07-29,2026-07-30,1,002498,汉缆股份,0
2026-09-09,2026-09-10,1,002498,汉缆股份,0
2025-12-26,2025-12-29,1,002769,普路通,0
2026-01-12,2026-01-13,1,002769,普路通,1
2026-01-13,2026-01-14,2,002769,普路通,0
2026-06-09,2026-06-10,1,002769,普路通,0
2026-09-01,2026-09-02,1,002769,普路通,0
2026-04-28,2026-04-29,1,600320,振华重工,0
2026-05-19,2026-05-20,1,002067,景兴纸业,0
2026-07-03,2026-07-06,1,002067,景兴纸业,0
2026-07-09,2026-07-10,1,002067,景兴纸业,0
2026-01-14,2026-01-15,1,601216,君正集团,0
2026-01-21,2026-01-22,1,002397,梦洁股份,0
2026-04-22,2026-04-23,1,002397,梦洁股份,0
2026-05-08,2026-05-11,1,002397,梦洁股份,0
2026-05-28,2026-05-29,1,002397,梦洁股份,0
2026-03-30,2026-03-31,1,002850,科达利,0
2026-04-16,2026-04-17,1,002850,科达利,0
2026-07-03,2026-07-06,1,002850,科达利,0
2026-01-26,2026-01-27,1,002728,特一药业,0
2026-02-06,2026-02-09,1,002728,特一药业,0
2026-06-23,2026-06-24,1,002728,特一药业,0
2026-06-29,2026-06-30,1,002728,特一药业,0
2026-01-19,2026-01-20,1,600893,航发动力,0
2026-01-27,2026-01-28,1,600893,航发动力,0
2026-02-13,2026-02-24,1,600893,航发动力,0
2026-01-21,2026-01-22,1,601069,西部黄金,0
2026-01-26,2026-01-27,1,601069,西部黄金,0
2026-01-28,2026-01-29,1,601069,西部黄金,1
2026-01-29,2026-01-30,2,601069,西部黄金,0
2026-03-02,2026-03-03,1,601069,西部黄金,0
2026-04-08,2026-04-09,1,601069,西部黄金,0
2026-07-03,2026-07-06,1,601069,西部黄金,0
2026-01-15,2026-01-16,1,603360,百傲化学,0
2026-01-21,2026-01-22,1,603360,百傲化学,0
2026-04-30,2026-05-06,1,603360,百傲化学,0
2026-05-18,2026-05-19,1,603360,百傲化学,0
2026-05-25,2026-05-26,1,603360,百傲化学,0
2026-06-05,2026-06-08,1,603360,百傲化学,0
2026-07-01,2026-07-02,1,603360,百傲化学,0
2026-08-25,2026-08-26,1,603360,百傲化学,0
2026-01-08,2026-01-09,1,603938,三孚股份,1
2026-01-09,2026-01-12,2,603938,三孚股份,0
2026-01-15,2026-01-16,1,603938,三孚股份,0
2026-03-11,2026-03-12,1,603938,三孚股份,0
2026-03-25,2026-03-26,1,603938,三孚股份,0
2026-05-07,2026-05-08,1,603938,三孚股份,0
2026-05-13,2026-05-14,1,603938,三孚股份,0
2026-05-18,2026-05-19,1,603938,三孚股份,1
2026-05-19,2026-05-20,2,603938,三孚股份,1
2026-05-20,2026-05-21,3,603938,三孚股份,0
2026-06-03,2026-06-04,1,603938,三孚股份,0
2026-06-05,2026-06-08,1,603938,三孚股份,0
2026-06-10,2026-06-11,1,603938,三孚股份,0
2026-06-22,2026-06-23,1,603938,三孚股份,1
2026-06-23,2026-06-24,2,603938,三孚股份,1
2026-06-24,2026-06-25,3,603938,三孚股份,0
2026-08-04,2026-08-05,1,603938,三孚股份,0
2026-08-27,2026-08-28,1,603938,三孚股份,0
2026-09-08,2026-09-09,1,603938,三孚股份,0
2026-09-11,2026-09-14,1,603938,三孚股份,0
2026-01-30,2026-02-02,1,603010,万盛股份,0
2026-05-25,2026-05-26,1,603010,万盛股份,0
2026-06-25,2026-06-26,1,603010,万盛股份,0
2026-08-17,2026-08-18,1,603010,万盛股份,0
2026-01-19,2026-01-20,1,000738,航发控制,0
2026-01-27,2026-01-28,1,000738,航发控制,0
2026-02-03,2026-02-04,1,000738,航发控制,0
2026-01-08,2026-01-09,1,600172,黄河旋风,0
2026-01-27,2026-01-28,1,600172,黄河旋风,0
2026-02-02,2026-02-03,1,600172,黄河旋风,0
2026-02-09,2026-02-10,1,600172,黄河旋风,0
2026-02-24,2026-02-25,1,600172,黄河旋风,0
2026-03-10,2026-03-11,1,600172,黄河旋风,1
2026-03-11,2026-03-12,2,600172,黄河旋风,0
2026-05-11,2026-05-12,1,600172,黄河旋风,1
2026-05-12,2026-05-13,2,600172,黄河旋风,1
2026-05-13,2026-05-14,3,600172,黄河旋风,0
2026-05-22,2026-05-25,1,600172,黄河旋风,1
2026-05-25,2026-05-26,2,600172,黄河旋风,1
2026-05-26,2026-05-27,3,600172,黄河旋风,0
2026-05-28,2026-05-29,1,600172,黄河旋风,0
2026-06-22,2026-06-23,1,600172,黄河旋风,1
2026-06-23,2026-06-24,2,600172,黄河旋风,0
2026-07-02,2026-07-03,1,600172,黄河旋风,0
2026-07-06,2026-07-07,1,600172,黄河旋风,0
2026-08-05,2026-08-06,1,600172,黄河旋风,0
2026-08-17,2026-08-18,1,600172,黄河旋风,0
2026-08-25,2026-08-26,1,600172,黄河旋风,0
2026-09-14,2026-09-15,1,600172,黄河旋风,0
2026-03-10,2026-03-11,1,002632,道明光学,0
2026-07-09,2026-07-10,1,002632,道明光学,0
2026-07-16,2026-07-17,1,002632,道明光学,1
2026-07-17,2026-07-20,2,002632,道明光学,0
2026-09-02,2026-09-03,1,002632,道明光学,0
2026-01-14,2026-01-15,1,600076,康欣新材,0
2026-01-20,2026-01-21,1,600076,康欣新材,0
2026-01-23,2026-01-26,1,600076,康欣新材,0
2026-03-24,2026-03-25,1,600076,康欣新材,0
2026-05-08,2026-05-11,1,600076,康欣新材,1
2026-05-11,2026-05-12,2,600076,康欣新材,1
2026-05-12,2026-05-13,3,600076,康欣新材,0
2026-06-18,2026-06-22,1,600076,康欣新材,0
2026-06-30,2026-07-01,1,600076,康欣新材,1
2026-07-01,2026-07-02,2,600076,康欣新材,0
2026-07-28,2026-07-29,1,600076,康欣新材,0
2026-09-17,2026-09-18,1,600929,雪天盐业,0
2026-01-12,2026-01-13,1,603339,四方科技,0
2026-07-08,2026-07-09,1,603339,四方科技,0
2026-02-25,2026-02-26,1,600301,华锡有色,0
2026-02-27,2026-03-02,1,600301,华锡有色,1
2026-03-02,2026-03-03,2,600301,华锡有色,0
2026-04-08,2026-04-09,1,600301,华锡有色,0
2026-05-06,2026-05-07,1,600301,华锡有色,0
2026-05-26,2026-05-27,1,600301,华锡有色,0
2026-06-01,2026-06-02,1,600301,华锡有色,1
2026-06-02,2026-06-03,2,600301,华锡有色,0
2026-09-21,2026-09-22,1,600301,华锡有色,0
2026-08-17,2026-08-18,1,600281,华阳新材,0
2026-08-25,2026-08-26,1,600281,华阳新材,0
2026-09-21,2026-09-22,1,600281,华阳新材,0
2026-01-09,2026-01-12,1,600748,上实发展,0
2026-03-27,2026-03-30,1,600748,上实发展,0
2026-05-08,2026-05-11,1,600748,上实发展,1
2026-05-11,2026-05-12,2,600748,上实发展,0
2026-02-09,2026-02-10,1,603308,应流股份,0
2026-02-12,2026-02-13,1,603308,应流股份,0
2026-02-26,2026-02-27,1,603308,应流股份,0
2026-04-08,2026-04-09,1,603308,应流股份,0
2026-04-23,2026-04-24,1,603308,应流股份,0
2026-09-09,2026-09-10,1,603308,应流股份,0
2026-01-19,2026-01-20,1,603186,华正新材,0
2026-05-12,2026-05-13,1,603186,华正新材,0
2026-05-20,2026-05-21,1,603186,华正新材,0
2026-05-22,2026-05-25,1,603186,华正新材,0
2026-06-08,2026-06-09,1,603186,华正新材,1
2026-06-09,2026-06-10,2,603186,华正新材,0
2026-06-15,2026-06-16,1,603186,华正新材,1
2026-06-16,2026-06-17,2,603186,华正新材,1
2026-06-17,2026-06-18,3,603186,华正新材,0
2026-07-14,2026-07-15,1,603186,华正新材,0
2026-08-04,2026-08-05,1,603186,华正新材,1
2026-08-05,2026-08-06,2,603186,华正新材,0
2026-08-07,2026-08-10,1,603186,华正新材,0
2026-08-14,2026-08-17,1,603186,华正新材,1
2026-08-17,2026-08-18,2,603186,华正新材,0
2026-09-07,2026-09-08,1,603186,华正新材,0
2026-09-09,2026-09-10,1,603186,华正新材,0
2026-09-15,2026-09-16,1,603186,华正新材,0
2026-02-24,2026-02-25,1,000988,华工科技,0
2026-05-18,2026-05-19,1,000988,华工科技,0
2026-05-25,2026-05-26,1,000988,华工科技,0
2026-06-29,2026-06-30,1,000988,华工科技,0
2026-02-25,2026-02-26,1,600569,安阳钢铁,0
2026-03-17,2026-03-18,1,600569,安阳钢铁,0
2026-03-24,2026-03-25,1,600527,江南高纤,1
2026-03-25,2026-03-26,2,600527,江南高纤,0
2026-04-07,2026-04-08,1,600527,江南高纤,0
2026-04-13,2026-04-14,1,600527,江南高纤,0
2026-04-24,2026-04-27,1,600527,江南高纤,0
2026-05-06,2026-05-07,1,600527,江南高纤,0
2026-05-28,2026-05-29,1,600527,江南高纤,0
2026-01-19,2026-01-20,1,002021,中捷资源,0
2026-02-25,2026-02-26,1,002021,中捷资源,0
2026-06-15,2026-06-16,1,002021,中捷资源,0
2026-06-23,2026-06-24,1,002021,中捷资源,0
2026-02-12,2026-02-13,1,002885,京泉华,0
2026-03-04,2026-03-05,1,002885,京泉华,0
2026-04-14,2026-04-15,1,002885,京泉华,0
2026-04-20,2026-04-21,1,002885,京泉华,0
2026-05-07,2026-05-08,1,002885,京泉华,0
2026-05-13,2026-05-14,1,002885,京泉华,0
2026-05-22,2026-05-25,1,002885,京泉华,0
2026-06-16,2026-06-17,1,002885,京泉华,0
2026-06-22,2026-06-23,1,002885,京泉华,0
2026-08-10,2026-08-11,1,002885,京泉华,0
2026-03-11,2026-03-12,1,601330,绿色动力,1
2026-03-12,2026-03-13,2,601330,绿色动力,0
2026-08-31,2026-09-01,1,601330,绿色动力,0
2026-01-21,2026-01-22,1,000603,盛达资源,0
2026-01-23,2026-01-26,1,000603,盛达资源,1
2026-01-26,2026-01-27,2,000603,盛达资源,0
2026-01-28,2026-01-29,1,000603,盛达资源,0
2026-02-24,2026-02-25,1,000603,盛达资源,0
2026-06-30,2026-07-01,1,000603,盛达资源,1
2026-07-01,2026-07-02,2,000603,盛达资源,0
2026-07-21,2026-07-22,1,000603,盛达资源,1
2026-07-22,2026-07-23,2,000603,盛达资源,1
2026-07-23,2026-07-24,3,000603,盛达资源,0
2026-08-05,2026-08-06,1,000603,盛达资源,0
2026-08-07,2026-08-10,1,000603,盛达资源,0
2026-08-21,2026-08-24,1,000603,盛达资源,0
2026-01-30,2026-02-02,1,002491,通鼎互联,1
2026-02-02,2026-02-03,2,002491,通鼎互联,0
2026-02-24,2026-02-25,1,002491,通鼎互联,0
2026-02-26,2026-02-27,1,002491,通鼎互联,0
2026-03-03,2026-03-04,1,002491,通鼎互联,0
2026-03-24,2026-03-25,1,002491,通鼎互联,1
2026-03-25,2026-03-26,2,002491,通鼎互联,0
2026-04-07,2026-04-08,1,002491,通鼎互联,1
2026-04-08,2026-04-09,2,002491,通鼎互联,0
2026-04-16,2026-04-17,1,002491,通鼎互联,0
2026-04-20,2026-04-21,1,002491,通鼎互联,0
2026-05-07,2026-05-08,1,002491,通鼎互联,1
2026-05-08,2026-05-11,2,002491,通鼎互联,1
2026-05-11,2026-05-12,3,002491,通鼎互联,1
2026-05-12,2026-05-13,4,002491,通鼎互联,0
2026-06-04,2026-06-05,1,002491,通鼎互联,0
2026-06-17,2026-06-18,1,002491,通鼎互联,1
2026-06-18,2026-06-22,2,002491,通鼎互联,0
2026-06-24,2026-06-25,1,002491,通鼎互联,0
2026-08-05,2026-08-06,1,002491,通鼎互联,0
2026-08-12,2026-08-13,1,002491,通鼎互联,0
2026-08-20,2026-08-21,1,002491,通鼎互联,1
2026-08-21,2026-08-24,2,002491,通鼎互联,0
2026-09-15,2026-09-16,1,002491,通鼎互联,1
2026-09-16,2026-09-17,2,002491,通鼎互联,0
2026-03-03,2026-03-04,1,600798,宁波海运,0
2026-06-01,2026-06-02,1,600798,宁波海运,0
2026-06-22,2026-06-23,1,000519,中兵红箭,0
2026-09-07,2026-09-08,1,603628,清源股份,0
2026-01-16,2026-01-19,1,002048,宁波华翔,0
2026-06-09,2026-06-10,1,002048,宁波华翔,0
2026-02-24,2026-02-25,1,601808,中海油服,0
2026-03-02,2026-03-03,1,601808,中海油服,1
2026-03-03,2026-03-04,2,601808,中海油服,0
2026-03-03,2026-03-04,1,002682,龙洲股份,0
2026-08-12,2026-08-13,1,002682,龙洲股份,0
2026-08-17,2026-08-18,1,002682,龙洲股份,0
2026-01-21,2026-01-22,1,002077,大港股份,0
2026-09-09,2026-09-10,1,002077,大港股份,0
2026-01-28,2026-01-29,1,603900,莱绅通灵,0
2026-08-27,2026-08-28,1,603900,莱绅通灵,1
2026-08-28,2026-08-31,2,603900,莱绅通灵,0
2026-09-09,2026-09-10,1,603900,莱绅通灵,0
2026-09-16,2026-09-17,1,603900,莱绅通灵,0
2026-05-20,2026-05-21,1,000518,四环生物,1
2026-05-21,2026-05-22,2,000518,四环生物,1
2026-05-22,2026-05-25,3,000518,四环生物,1
2026-05-25,2026-05-26,4,000518,四环生物,0
2026-06-03,2026-06-04,1,000518,四环生物,0
2026-04-21,2026-04-22,1,603030,全筑股份,0
2026-04-30,2026-05-06,1,603030,全筑股份,0
2026-01-07,2026-01-08,1,601106,中国一重,1
2026-01-08,2026-01-09,2,601106,中国一重,1
2026-01-09,2026-01-12,3,601106,中国一重,1
2026-01-12,2026-01-13,4,601106,中国一重,0
2026-01-14,2026-01-15,1,601106,中国一重,0
2026-01-22,2026-01-23,1,601106,中国一重,0
2026-04-30,2026-05-06,1,601106,中国一重,0
2026-07-27,2026-07-28,1,603389,亚振家居,1
2026-07-28,2026-07-29,2,603389,亚振家居,0
2026-08-17,2026-08-18,1,603389,亚振家居,0
2026-04-21,2026-04-22,1,600308,华泰股份,0
2026-06-23,2026-06-24,1,600793,宜宾纸业,0
2026-07-01,2026-07-02,1,600793,宜宾纸业,1
2026-07-02,2026-07-03,2,600793,宜宾纸业,1
2026-07-03,2026-07-06,3,600793,宜宾纸业,1
2026-07-06,2026-07-07,4,600793,宜宾纸业,1
2026-07-07,2026-07-08,5,600793,宜宾纸业,0
2026-08-03,2026-08-04,1,600793,宜宾纸业,0
2026-08-10,2026-08-11,1,600793,宜宾纸业,0
2026-09-16,2026-09-17,1,600793,宜宾纸业,0
2025-12-30,2025-12-31,1,000981,山子高科,0
2026-01-06,2026-01-07,1,000981,山子高科,0
2026-01-12,2026-01-13,1,000981,山子高科,0
2026-01-14,2026-01-15,1,000981,山子高科,0
2026-08-05,2026-08-06,1,000981,山子高科,0
2026-09-14,2026-09-15,1,000981,山子高科,0
2026-09-17,2026-09-18,1,000981,山子高科,0
2026-02-26,2026-02-27,1,002008,大族激光,0
2026-04-08,2026-04-09,1,002008,大族激光,0
2026-04-16,2026-04-17,1,002008,大族激光,0
2026-04-23,2026-04-24,1,002008,大族激光,0
2026-05-07,2026-05-08,1,002008,大族激光,0
2026-05-11,2026-05-12,1,002008,大族激光,0
2026-05-13,2026-05-14,1,002008,大族激光,0
2026-06-16,2026-06-17,1,002008,大族激光,0
2026-06-23,2026-06-24,1,002008,大族激光,0
2026-07-21,2026-07-22,1,002008,大族激光,0
2026-08-31,2026-09-01,1,002008,大族激光,0
2026-02-24,2026-02-25,1,002457,青龙管业,0
2026-05-29,2026-06-01,1,002457,青龙管业,0
2026-06-12,2026-06-15,1,002457,青龙管业,0
2026-07-06,2026-07-07,1,002457,青龙管业,0
2026-06-12,2026-06-15,1,002215,诺 普 信,0
2026-01-16,2026-01-19,1,002339,积成电子,1
2026-01-19,2026-01-20,2,002339,积成电子,0
2026-01-23,2026-01-26,1,002339,积成电子,0
2026-02-02,2026-02-03,1,002339,积成电子,0
2026-02-06,2026-02-09,1,002339,积成电子,0
2026-03-04,2026-03-05,1,002339,积成电子,1
2026-03-05,2026-03-06,2,002339,积成电子,0
2026-03-18,2026-03-19,1,002339,积成电子,0
2026-07-23,2026-07-24,1,002339,积成电子,0
2026-09-17,2026-09-18,1,002339,积成电子,0
2026-01-07,2026-01-08,1,003031,中瓷电子,0
2026-01-27,2026-01-28,1,003031,中瓷电子,0
2026-04-03,2026-04-07,1,003031,中瓷电子,0
2026-04-17,2026-04-20,1,003031,中瓷电子,0
2026-05-11,2026-05-12,1,003031,中瓷电子,0
2026-05-14,2026-05-15,1,003031,中瓷电子,0
2026-06-18,2026-06-22,1,003031,中瓷电子,1
2026-06-22,2026-06-23,2,003031,中瓷电子,0
2026-07-21,2026-07-22,1,003031,中瓷电子,0
2026-08-04,2026-08-05,1,003031,中瓷电子,0
2026-08-14,2026-08-17,1,003031,中瓷电子,1
2026-08-17,2026-08-18,2,003031,中瓷电子,0
2026-08-21,2026-08-24,1,003031,中瓷电子,0
2026-09-16,2026-09-17,1,003031,中瓷电子,0
2026-01-07,2026-01-08,1,603488,展鹏科技,1
2026-01-08,2026-01-09,2,603488,展鹏科技,0
2026-01-12,2026-01-13,1,603488,展鹏科技,1
2026-01-13,2026-01-14,2,603488,展鹏科技,0
2026-01-27,2026-01-28,1,603488,展鹏科技,0
2026-03-02,2026-03-03,1,603488,展鹏科技,0
2026-06-17,2026-06-18,1,603488,展鹏科技,0
2026-07-23,2026-07-24,1,603488,展鹏科技,0
2026-08-11,2026-08-12,1,603488,展鹏科技,0
2026-09-17,2026-09-18,1,600609,金杯汽车,0
2026-01-26,2026-01-27,1,600547,山东黄金,0
2026-01-28,2026-01-29,1,600547,山东黄金,0
2026-03-02,2026-03-03,1,600547,山东黄金,0
2025-12-31,2026-01-05,1,003039,顺控发展,1
2026-01-05,2026-01-06,2,003039,顺控发展,0
2026-01-20,2026-01-21,1,003039,顺控发展,0
2026-09-02,2026-09-03,1,003039,顺控发展,0
2026-06-12,2026-06-15,1,001378,德冠新材,0
2026-07-02,2026-07-03,1,001378,德冠新材,0
2026-08-06,2026-08-07,1,001378,德冠新材,0
2026-09-16,2026-09-17,1,001378,德冠新材,0
2025-12-30,2025-12-31,1,000530,冰山冷热,0
2026-05-28,2026-05-29,1,000530,冰山冷热,0
2026-03-25,2026-03-26,1,603118,共进股份,0
2026-04-17,2026-04-20,1,603118,共进股份,0
2026-05-14,2026-05-15,1,603118,共进股份,0
2026-06-30,2026-07-01,1,603118,共进股份,0
2026-07-06,2026-07-07,1,603118,共进股份,0
2026-07-17,2026-07-20,1,603118,共进股份,0
2026-07-21,2026-07-22,1,603118,共进股份,1
2026-07-22,2026-07-23,2,603118,共进股份,0
2026-08-13,2026-08-14,1,603118,共进股份,1
2026-08-14,2026-08-17,2,603118,共进股份,1
2026-08-17,2026-08-18,3,603118,共进股份,0
2026-08-26,2026-08-27,1,603118,共进股份,0
2026-09-07,2026-09-08,1,603118,共进股份,0
2026-09-18,2026-09-21,1,603118,共进股份,0
2026-05-13,2026-05-14,1,603679,华体科技,0
2026-06-18,2026-06-22,1,603679,华体科技,0
2026-07-31,2026-08-03,1,603679,华体科技,0
2026-09-07,2026-09-08,1,603679,华体科技,1
2026-09-08,2026-09-09,2,603679,华体科技,0
2026-06-02,2026-06-03,1,600255,鑫科材料,1
2026-06-03,2026-06-04,2,600255,鑫科材料,1
2026-06-04,2026-06-05,3,600255,鑫科材料,0
2026-07-14,2026-07-15,1,600255,鑫科材料,0
2026-09-09,2026-09-10,1,600255,鑫科材料,0
2026-01-22,2026-01-23,1,001316,润贝航科,1
2026-01-23,2026-01-26,2,001316,润贝航科,0
2026-01-29,2026-01-30,1,001316,润贝航科,0
2026-02-03,2026-02-04,1,001316,润贝航科,0
2026-03-25,2026-03-26,1,001316,润贝航科,0
2026-04-30,2026-05-06,1,001316,润贝航科,1
2026-05-06,2026-05-07,2,001316,润贝航科,0
2026-06-10,2026-06-11,1,001316,润贝航科,0
2026-01-26,2026-01-27,1,601226,华电科工,0
2026-02-04,2026-02-05,1,601226,华电科工,0
2026-03-24,2026-03-25,1,601226,华电科工,0
2026-01-23,2026-01-26,1,002623,亚玛顿,1
2026-01-26,2026-01-27,2,002623,亚玛顿,0
2026-02-04,2026-02-05,1,002623,亚玛顿,0
2026-02-09,2026-02-10,1,002623,亚玛顿,0
2026-05-11,2026-05-12,1,002623,亚玛顿,0
2026-07-03,2026-07-06,1,002623,亚玛顿,0
2026-07-10,2026-07-13,1,002623,亚玛顿,0
2026-09-18,2026-09-21,1,002623,亚玛顿,0
2026-01-12,2026-01-13,1,600868,梅雁吉祥,0
2026-01-21,2026-01-22,1,600868,梅雁吉祥,1
2026-01-22,2026-01-23,2,600868,梅雁吉祥,0
2026-03-12,2026-03-13,1,600868,梅雁吉祥,0
2026-03-24,2026-03-25,1,600868,梅雁吉祥,0
2026-06-04,2026-06-05,1,600868,梅雁吉祥,0
2026-04-29,2026-04-30,1,002818,富森美,0
2026-03-26,2026-03-27,1,002263,大东南,1
2026-03-27,2026-03-30,2,002263,大东南,0
2026-03-31,2026-04-01,1,002263,大东南,0
2026-04-02,2026-04-03,1,002263,大东南,0
2026-04-10,2026-04-13,1,002263,大东南,0
2026-04-16,2026-04-17,1,002263,大东南,0
2026-05-28,2026-05-29,1,002263,大东南,0
2026-06-09,2026-06-10,1,002263,大东南,0
2026-06-15,2026-06-16,1,002263,大东南,0
2026-02-04,2026-02-05,1,603826,坤彩科技,1
2026-02-05,2026-02-06,2,603826,坤彩科技,0
2026-02-25,2026-02-26,1,603826,坤彩科技,0
2026-03-31,2026-04-01,1,603826,坤彩科技,0
2026-04-16,2026-04-17,1,603826,坤彩科技,0
2026-08-05,2026-08-06,1,603826,坤彩科技,0
2026-09-07,2026-09-08,1,603826,坤彩科技,0
2026-04-16,2026-04-17,1,002613,北玻股份,0
2026-05-25,2026-05-26,1,002613,北玻股份,0
2026-05-28,2026-05-29,1,002613,北玻股份,0
2026-06-01,2026-06-02,1,002613,北玻股份,0
2026-06-05,2026-06-08,1,002613,北玻股份,1
2026-06-08,2026-06-09,2,002613,北玻股份,0
2026-06-15,2026-06-16,1,002613,北玻股份,0
2026-01-23,2026-01-26,1,000561,烽火电子,0
2026-02-13,2026-02-24,1,601890,亚星锚链,1
2026-02-24,2026-02-25,2,601890,亚星锚链,0
2026-09-09,2026-09-10,1,601890,亚星锚链,0
2026-01-29,2026-01-30,1,600968,海油发展,0
2026-03-02,2026-03-03,1,600968,海油发展,1
2026-03-03,2026-03-04,2,600968,海油发展,0
2025-12-30,2025-12-31,1,000559,万向钱潮,1
2025-12-31,2026-01-05,2,000559,万向钱潮,0
2026-02-10,2026-02-11,1,000559,万向钱潮,0
2026-03-25,2026-03-26,1,600802,福建水泥,0
2026-09-04,2026-09-07,1,600802,福建水泥,0
2026-09-14,2026-09-15,1,600802,福建水泥,0
2026-03-10,2026-03-11,1,002298,中电鑫龙,0
2026-05-07,2026-05-08,1,002298,中电鑫龙,0
2026-07-23,2026-07-24,1,002298,中电鑫龙,1
2026-07-24,2026-07-27,2,002298,中电鑫龙,0
2026-07-29,2026-07-30,1,002298,中电鑫龙,0
2026-08-10,2026-08-11,1,002298,中电鑫龙,0
2026-09-18,2026-09-21,1,002298,中电鑫龙,0
2025-12-30,2025-12-31,1,002342,巨力索具,0
2026-01-08,2026-01-09,1,002342,巨力索具,1
2026-01-09,2026-01-12,2,002342,巨力索具,1
2026-01-12,2026-01-13,3,002342,巨力索具,1
2026-01-13,2026-01-14,4,002342,巨力索具,0
2026-01-21,2026-01-22,1,002342,巨力索具,1
2026-01-22,2026-01-23,2,002342,巨力索具,1
2026-01-23,2026-01-26,3,002342,巨力索具,0
2026-01-28,2026-01-29,1,002342,巨力索具,0
2026-02-03,2026-02-04,1,002342,巨力索具,1
2026-02-04,2026-02-05,2,002342,巨力索具,0
2026-03-31,2026-04-01,1,002342,巨力索具,0
2026-04-08,2026-04-09,1,002342,巨力索具,1
2026-04-09,2026-04-10,2,002342,巨力索具,0
2026-04-21,2026-04-22,1,002342,巨力索具,0
2026-05-07,2026-05-08,1,002342,巨力索具,0
2026-06-29,2026-06-30,1,002342,巨力索具,0
2026-07-10,2026-07-13,1,002342,巨力索具,0
2026-04-13,2026-04-14,1,002515,金字火腿,0
2026-05-18,2026-05-19,1,002515,金字火腿,0
2026-06-02,2026-06-03,1,002515,金字火腿,0
2026-06-09,2026-06-10,1,002515,金字火腿,0
2026-06-15,2026-06-16,1,002515,金字火腿,1
2026-06-16,2026-06-17,2,002515,金字火腿,0
2026-07-22,2026-07-23,1,002515,金字火腿,0
2026-08-18,2026-08-19,1,002515,金字火腿,0
2026-08-27,2026-08-28,1,002515,金字火腿,0
2026-09-07,2026-09-08,1,002515,金字火腿,0
2026-03-24,2026-03-25,1,600982,宁波能源,1
2026-03-25,2026-03-26,2,600982,宁波能源,0
2026-03-27,2026-03-30,1,600982,宁波能源,0
2026-04-13,2026-04-14,1,600982,宁波能源,0
2026-05-13,2026-05-14,1,600982,宁波能源,0
2026-05-28,2026-05-29,1,600982,宁波能源,0
2026-07-17,2026-07-20,1,600982,宁波能源,0
2026-02-05,2026-02-06,1,000636,风华高科,0
2026-02-24,2026-02-25,1,000636,风华高科,1
2026-02-25,2026-02-26,2,000636,风华高科,0
2026-05-11,2026-05-12,1,000636,风华高科,0
2026-05-19,2026-05-20,1,000636,风华高科,0
2026-05-22,2026-05-25,1,000636,风华高科,1
2026-05-25,2026-05-26,2,000636,风华高科,0
2026-05-28,2026-05-29,1,000636,风华高科,0
2026-06-09,2026-06-10,1,000636,风华高科,0
2026-06-15,2026-06-16,1,000636,风华高科,0
2026-06-25,2026-06-26,1,000636,风华高科,0
2026-07-14,2026-07-15,1,000636,风华高科,0
2026-07-27,2026-07-28,1,000636,风华高科,0
2026-07-29,2026-07-30,1,000636,风华高科,0
2026-09-11,2026-09-14,1,000636,风华高科,0
2026-02-03,2026-02-04,1,600590,泰豪科技,0
2026-02-09,2026-02-10,1,600590,泰豪科技,0
2026-03-05,2026-03-06,1,600590,泰豪科技,1
2026-03-06,2026-03-09,2,600590,泰豪科技,0
2026-03-18,2026-03-19,1,600590,泰豪科技,0
2026-04-20,2026-04-21,1,600590,泰豪科技,0
2026-04-10,2026-04-13,1,001211,双枪科技,0
2026-04-24,2026-04-27,1,001211,双枪科技,1
2026-04-27,2026-04-28,2,001211,双枪科技,0
2026-05-11,2026-05-12,1,001211,双枪科技,1
2026-05-12,2026-05-13,2,001211,双枪科技,0
2026-07-20,2026-07-21,1,001211,双枪科技,0
2026-09-18,2026-09-21,1,001211,双枪科技,0
2026-04-29,2026-04-30,1,000567,海德股份,1
2026-04-30,2026-05-06,2,000567,海德股份,0
2026-08-28,2026-08-31,1,000567,海德股份,0
2026-07-30,2026-07-31,1,600712,南宁百货,0
2026-08-04,2026-08-05,1,600712,南宁百货,0
2026-09-10,2026-09-11,1,600712,南宁百货,0
2026-09-21,2026-09-22,1,600712,南宁百货,0
2026-07-03,2026-07-06,1,002377,国创高新,0
2026-09-09,2026-09-10,1,002377,国创高新,1
2026-09-10,2026-09-11,2,002377,国创高新,0
2026-03-27,2026-03-30,1,600488,津药药业,1
2026-03-30,2026-03-31,2,600488,津药药业,1
2026-03-31,2026-04-01,3,600488,津药药业,1
2026-04-01,2026-04-02,4,600488,津药药业,1
2026-04-02,2026-04-03,5,600488,津药药业,1
2026-04-03,2026-04-07,6,600488,津药药业,1
2026-04-15,2026-04-16,1,600488,津药药业,0
2026-04-28,2026-04-29,1,600488,津药药业,0
2026-05-11,2026-05-12,1,600488,津药药业,1
2026-05-12,2026-05-13,2,600488,津药药业,0
2026-05-29,2026-06-01,1,600488,津药药业,0
2026-06-08,2026-06-09,1,600488,津药药业,0
2026-06-23,2026-06-24,1,600488,津药药业,0
2026-06-29,2026-06-30,1,600488,津药药业,0
2026-07-08,2026-07-09,1,600488,津药药业,0
2026-07-27,2026-07-28,1,600488,津药药业,0
2026-09-10,2026-09-11,1,600488,津药药业,0
2026-09-14,2026-09-15,1,600488,津药药业,0
2026-02-25,2026-02-26,1,001209,洪兴股份,1
2026-02-26,2026-02-27,2,001209,洪兴股份,1
2026-02-27,2026-03-02,3,001209,洪兴股份,0
2026-09-16,2026-09-17,1,001209,洪兴股份,0
2026-01-27,2026-01-28,1,001267,汇绿生态,0
2026-02-11,2026-02-12,1,001267,汇绿生态,0
2026-03-02,2026-03-03,1,001267,汇绿生态,0
2026-03-05,2026-03-06,1,001267,汇绿生态,0
2026-03-10,2026-03-11,1,001267,汇绿生态,0
2026-04-08,2026-04-09,1,001267,汇绿生态,0
2026-04-23,2026-04-24,1,001267,汇绿生态,0
2026-05-08,2026-05-11,1,001267,汇绿生态,0
2026-05-14,2026-05-15,1,001267,汇绿生态,0
2026-07-27,2026-07-28,1,001267,汇绿生态,0
2026-07-31,2026-08-03,1,001267,汇绿生态,0
2026-08-04,2026-08-05,1,001267,汇绿生态,1
2026-08-05,2026-08-06,2,001267,汇绿生态,1
2026-08-06,2026-08-07,3,001267,汇绿生态,1
2026-08-07,2026-08-10,4,001267,汇绿生态,0
2026-09-07,2026-09-08,1,001267,汇绿生态,0
2026-03-05,2026-03-06,1,002983,芯瑞达,0
2026-06-05,2026-06-08,1,002983,芯瑞达,0
2026-02-24,2026-02-25,1,600409,三友化工,0
2026-03-11,2026-03-12,1,600409,三友化工,0
2026-07-23,2026-07-24,1,600409,三友化工,0
2026-07-08,2026-07-09,1,000524,岭南控股,0
2026-03-05,2026-03-06,1,600468,百利电气,0
2026-03-18,2026-03-19,1,600468,百利电气,0
2026-06-29,2026-06-30,1,600468,百利电气,0
2026-07-23,2026-07-24,1,600468,百利电气,0
2026-08-03,2026-08-04,1,600468,百利电气,0
2026-08-26,2026-08-27,1,600468,百利电气,0
2025-12-30,2025-12-31,1,603608,天创时尚,1
2025-12-31,2026-01-05,2,603608,天创时尚,0
2026-01-12,2026-01-13,1,603608,天创时尚,0
2026-01-21,2026-01-22,1,603608,天创时尚,1
2026-01-22,2026-01-23,2,603608,天创时尚,0
2026-02-11,2026-02-12,1,603608,天创时尚,0
2026-03-04,2026-03-05,1,603608,天创时尚,0
2026-05-19,2026-05-20,1,603608,天创时尚,0
2026-05-26,2026-05-27,1,603608,天创时尚,0
2026-07-02,2026-07-03,1,603608,天创时尚,0
2026-07-27,2026-07-28,1,603608,天创时尚,0
2026-07-31,2026-08-03,1,603608,天创时尚,0
2026-08-28,2026-08-31,1,603608,天创时尚,0
2026-09-07,2026-09-08,1,603608,天创时尚,0
2026-07-30,2026-07-31,1,000721,西安饮食,0
2026-09-01,2026-09-02,1,000721,西安饮食,0
2025-12-31,2026-01-05,1,002548,金新农,0
2026-04-29,2026-04-30,1,002548,金新农,0
2026-07-01,2026-07-02,1,002548,金新农,0
2026-07-10,2026-07-13,1,002548,金新农,0
2026-01-28,2026-01-29,1,600871,石化油服,1
2026-01-29,2026-01-30,2,600871,石化油服,0
2026-02-24,2026-02-25,1,600871,石化油服,0
2026-03-02,2026-03-03,1,600871,石化油服,1
2026-03-03,2026-03-04,2,600871,石化油服,1
2026-03-04,2026-03-05,3,600871,石化油服,0
2026-02-03,2026-02-04,1,002012,凯恩股份,0
2026-05-25,2026-05-26,1,002012,凯恩股份,0
2026-05-27,2026-05-28,1,002012,凯恩股份,0
2026-07-24,2026-07-27,1,002012,凯恩股份,0
2026-08-03,2026-08-04,1,002012,凯恩股份,0
2026-04-21,2026-04-22,1,000980,众泰汽车,0
2026-04-29,2026-04-30,1,000980,众泰汽车,1
2026-04-30,2026-05-06,2,000980,众泰汽车,0
2026-05-25,2026-05-26,1,000980,众泰汽车,0
2026-06-15,2026-06-16,1,000980,众泰汽车,0
2026-09-08,2026-09-09,1,000980,众泰汽车,1
2026-09-09,2026-09-10,2,000980,众泰汽车,0
2026-09-11,2026-09-14,1,000980,众泰汽车,1
2026-09-14,2026-09-15,2,000980,众泰汽车,0
2026-09-17,2026-09-18,1,000980,众泰汽车,0
2026-04-27,2026-04-28,1,002120,韵达股份,0
2026-05-26,2026-05-27,1,603995,甬金股份,0
2026-08-05,2026-08-06,1,603995,甬金股份,0
2026-01-08,2026-01-09,1,002971,和远气体,0
2026-04-23,2026-04-24,1,002971,和远气体,0
2026-05-11,2026-05-12,1,002971,和远气体,0
2026-05-14,2026-05-15,1,002971,和远气体,1
2026-05-15,2026-05-18,2,002971,和远气体,0
2026-05-27,2026-05-28,1,002971,和远气体,0
2026-06-04,2026-06-05,1,002971,和远气体,0
2026-06-09,2026-06-10,1,002971,和远气体,1
2026-06-10,2026-06-11,2,002971,和远气体,1
2026-06-11,2026-06-12,3,002971,和远气体,1
2026-06-12,2026-06-15,4,002971,和远气体,0
2026-06-18,2026-06-22,1,002971,和远气体,0
2026-07-01,2026-07-02,1,002971,和远气体,1
2026-07-02,2026-07-03,2,002971,和远气体,0
2026-08-05,2026-08-06,1,002971,和远气体,1
2026-08-06,2026-08-07,2,002971,和远气体,1
2026-08-07,2026-08-10,3,002971,和远气体,0
2026-08-21,2026-08-24,1,002971,和远气体,0
2026-08-28,2026-08-31,1,002971,和远气体,0
2026-09-18,2026-09-21,1,002971,和远气体,0
2026-01-08,2026-01-09,1,603703,盛洋科技,0
2026-01-12,2026-01-13,1,603703,盛洋科技,0
2026-08-17,2026-08-18,1,603703,盛洋科技,0
2026-02-25,2026-02-26,1,600206,有研新材,0
2026-04-20,2026-04-21,1,600206,有研新材,0
2026-05-28,2026-05-29,1,600206,有研新材,0
2026-06-10,2026-06-11,1,600206,有研新材,0
2026-06-16,2026-06-17,1,600206,有研新材,0
2026-06-22,2026-06-23,1,600206,有研新材,0
2026-07-07,2026-07-08,1,600206,有研新材,0
2026-07-09,2026-07-10,1,600206,有研新材,0
2026-07-21,2026-07-22,1,600206,有研新材,0
2026-08-05,2026-08-06,1,600206,有研新材,1
2026-08-06,2026-08-07,2,600206,有研新材,1
2026-08-07,2026-08-10,3,600206,有研新材,0
2026-08-17,2026-08-18,1,600206,有研新材,0
2026-09-16,2026-09-17,1,600206,有研新材,0
2026-05-26,2026-05-27,1,002886,沃特股份,0
2026-08-21,2026-08-24,1,002886,沃特股份,0
2026-08-27,2026-08-28,1,002886,沃特股份,1
2026-08-28,2026-08-31,2,002886,沃特股份,1
2026-08-31,2026-09-01,3,002886,沃特股份,0
2026-09-02,2026-09-03,1,002886,沃特股份,0
2026-08-28,2026-08-31,1,600689,上海三毛,0
2026-08-24,2026-08-25,1,603565,中谷物流,0
2026-05-08,2026-05-11,1,600992,贵绳股份,0
2026-05-18,2026-05-19,1,600992,贵绳股份,0
2026-07-09,2026-07-10,1,600992,贵绳股份,1
2026-07-10,2026-07-13,2,600992,贵绳股份,1
2026-07-13,2026-07-14,3,600992,贵绳股份,0
2026-07-17,2026-07-20,1,600992,贵绳股份,0
2026-09-21,2026-09-22,1,600992,贵绳股份,0
2026-01-09,2026-01-12,1,002927,泰永长征,0
2026-05-18,2026-05-19,1,002927,泰永长征,0
2026-05-25,2026-05-26,1,002927,泰永长征,0
2026-05-27,2026-05-28,1,002927,泰永长征,0
2026-06-12,2026-06-15,1,002927,泰永长征,0
2026-06-16,2026-06-17,1,002927,泰永长征,0
2026-01-05,2026-01-06,1,002519,银河电子,1
2026-01-06,2026-01-07,2,002519,银河电子,1
2026-01-07,2026-01-08,3,002519,银河电子,1
2026-01-08,2026-01-09,4,002519,银河电子,1
2026-01-09,2026-01-12,5,002519,银河电子,1
2026-01-12,2026-01-13,6,002519,银河电子,0
2026-01-14,2026-01-15,1,002519,银河电子,0
2026-01-22,2026-01-23,1,002519,银河电子,0
2026-02-06,2026-02-09,1,002519,银河电子,0
2026-03-24,2026-03-25,1,002519,银河电子,0
2026-09-11,2026-09-14,1,002519,银河电子,0
2026-01-06,2026-01-07,1,001332,锡装股份,0
2026-03-10,2026-03-11,1,001332,锡装股份,0
2026-04-27,2026-04-28,1,001332,锡装股份,0
2026-06-10,2026-06-11,1,001332,锡装股份,0
2026-09-18,2026-09-21,1,001332,锡装股份,0
2026-08-28,2026-08-31,1,002486,嘉麟杰,0
2025-12-29,2025-12-30,1,002169,智光电气,0
2026-01-28,2026-01-29,1,002169,智光电气,0
2026-02-13,2026-02-24,1,002169,智光电气,0
2026-05-20,2026-05-21,1,002169,智光电气,0
2026-06-24,2026-06-25,1,002169,智光电气,0
2026-08-31,2026-09-01,1,002169,智光电气,0
2026-01-12,2026-01-13,1,605162,新中港,0
2026-03-31,2026-04-01,1,605162,新中港,1
2026-04-01,2026-04-02,2,605162,新中港,1
2026-04-02,2026-04-03,3,605162,新中港,0
2026-04-07,2026-04-08,1,605162,新中港,1
2026-04-08,2026-04-09,2,605162,新中港,0
2026-04-20,2026-04-21,1,605162,新中港,0
2026-06-03,2026-06-04,1,605162,新中港,1
2026-06-04,2026-06-05,2,605162,新中港,0
2026-07-22,2026-07-23,1,605162,新中港,1
2026-07-23,2026-07-24,2,605162,新中港,0
2026-07-28,2026-07-29,1,605162,新中港,0
2026-08-10,2026-08-11,1,605162,新中港,0
2026-08-17,2026-08-18,1,605162,新中港,0
2026-08-26,2026-08-27,1,605162,新中港,0
2026-09-09,2026-09-10,1,605162,新中港,0
2026-09-15,2026-09-16,1,605162,新中港,0
2026-09-17,2026-09-18,1,605162,新中港,0
2025-12-26,2025-12-29,1,600105,永鼎股份,0
2026-04-01,2026-04-02,1,600105,永鼎股份,0
2026-04-08,2026-04-09,1,600105,永鼎股份,0
2026-04-10,2026-04-13,1,600105,永鼎股份,0
2026-04-22,2026-04-23,1,600105,永鼎股份,0
2026-06-02,2026-06-03,1,600105,永鼎股份,0
2026-06-16,2026-06-17,1,600105,永鼎股份,0
2026-06-24,2026-06-25,1,600105,永鼎股份,0
2026-08-04,2026-08-05,1,600105,永鼎股份,0
2026-08-12,2026-08-13,1,600105,永鼎股份,0
2026-09-16,2026-09-17,1,600105,永鼎股份,0
2026-05-22,2026-05-25,1,603678,火炬电子,0
2026-05-28,2026-05-29,1,603678,火炬电子,0
2026-06-01,2026-06-02,1,603678,火炬电子,1
2026-06-02,2026-06-03,2,603678,火炬电子,0
2026-06-11,2026-06-12,1,603678,火炬电子,0
2026-06-15,2026-06-16,1,603678,火炬电子,0
2026-06-24,2026-06-25,1,603678,火炬电子,1
2026-06-25,2026-06-26,2,603678,火炬电子,0
2026-07-21,2026-07-22,1,603678,火炬电子,0
2026-03-25,2026-03-26,1,002580,圣阳股份,0
2026-03-31,2026-04-01,1,002580,圣阳股份,0
2026-04-09,2026-04-10,1,002580,圣阳股份,1
2026-04-10,2026-04-13,2,002580,圣阳股份,1
2026-04-13,2026-04-14,3,002580,圣阳股份,1
2026-04-14,2026-04-15,4,002580,圣阳股份,1
2026-04-15,2026-04-16,5,002580,圣阳股份,1
2026-04-16,2026-04-17,6,002580,圣阳股份,1
2026-05-08,2026-05-11,1,002580,圣阳股份,0
2026-06-01,2026-06-02,1,002580,圣阳股份,0
2026-06-23,2026-06-24,1,002580,圣阳股份,1
2026-06-24,2026-06-25,2,002580,圣阳股份,0
2026-07-02,2026-07-03,1,002580,圣阳股份,0
2026-07-27,2026-07-28,1,002580,圣阳股份,0
2026-07-29,2026-07-30,1,002580,圣阳股份,0
2026-08-10,2026-08-11,1,002580,圣阳股份,0
2026-08-24,2026-08-25,1,002580,圣阳股份,0
2026-02-12,2026-02-13,1,603688,石英股份,0
2026-03-05,2026-03-06,1,603688,石英股份,0
2026-05-07,2026-05-08,1,603688,石英股份,0
2026-05-12,2026-05-13,1,603688,石英股份,0
2026-06-09,2026-06-10,1,603688,石英股份,0
2026-07-09,2026-07-10,1,603688,石英股份,0
2026-08-27,2026-08-28,1,603688,石英股份,0
2026-06-08,2026-06-09,1,001238,浙江正特,0
2026-09-18,2026-09-21,1,001238,浙江正特,0
2026-02-27,2026-03-02,1,002973,侨银股份,0
2026-05-14,2026-05-15,1,002973,侨银股份,0
2026-08-06,2026-08-07,1,002973,侨银股份,0
2026-01-21,2026-01-22,1,603370,华新精科,0
2026-05-15,2026-05-18,1,603370,华新精科,0
2026-02-26,2026-02-27,1,600399,抚顺特钢,0
2026-06-18,2026-06-22,1,600399,抚顺特钢,0
2026-01-08,2026-01-09,1,600967,内蒙一机,0
2026-09-01,2026-09-02,1,600967,内蒙一机,1
2026-09-02,2026-09-03,2,600967,内蒙一机,0
2026-09-11,2026-09-14,1,600967,内蒙一机,0
2026-08-25,2026-08-26,1,000796,凯撒旅业,0
2026-07-03,2026-07-06,1,600801,华新建材,0
2026-07-13,2026-07-14,1,600801,华新建材,0
2025-12-26,2025-12-29,1,603686,福龙马,0
2025-12-30,2025-12-31,1,603686,福龙马,0
2026-09-18,2026-09-21,1,603686,福龙马,0
2026-01-08,2026-01-09,1,600935,华塑股份,0
2026-03-12,2026-03-13,1,600935,华塑股份,0
2026-09-21,2026-09-22,1,600218,全柴动力,0
2026-07-30,2026-07-31,1,600663,陆家嘴,0
2026-03-13,2026-03-16,1,600847,万里股份,0
2026-04-16,2026-04-17,1,600847,万里股份,0
2026-05-18,2026-05-19,1,600847,万里股份,0
2026-06-01,2026-06-02,1,600847,万里股份,0
2026-07-27,2026-07-28,1,600847,万里股份,0
2026-09-18,2026-09-21,1,600847,万里股份,0
2026-03-02,2026-03-03,1,002040,南 京 港,1
2026-03-03,2026-03-04,2,002040,南 京 港,0
2026-06-15,2026-06-16,1,002040,南 京 港,0
2026-08-19,2026-08-20,1,002040,南 京 港,0
2026-09-09,2026-09-10,1,002040,南 京 港,0
2026-01-19,2026-01-20,1,603286,日盈电子,0
2026-06-04,2026-06-05,1,603286,日盈电子,0
2026-07-02,2026-07-03,1,603286,日盈电子,1
2026-07-03,2026-07-06,2,603286,日盈电子,0
2026-07-10,2026-07-13,1,603286,日盈电子,0
2026-07-31,2026-08-03,1,603286,日盈电子,0
2026-08-17,2026-08-18,1,603286,日盈电子,0
2026-09-07,2026-09-08,1,603286,日盈电子,0
2026-04-29,2026-04-30,1,002956,西麦食品,0
2026-07-29,2026-07-30,1,002956,西麦食品,0
2026-09-16,2026-09-17,1,002956,西麦食品,0
2026-03-12,2026-03-13,1,603693,江苏新能,0
2026-03-17,2026-03-18,1,603693,江苏新能,0
2026-05-18,2026-05-19,1,603693,江苏新能,0
2026-09-11,2026-09-14,1,603693,江苏新能,0
2026-01-21,2026-01-22,1,603773,沃格光电,0
2026-01-23,2026-01-26,1,603773,沃格光电,0
2026-02-03,2026-02-04,1,603773,沃格光电,0
2026-03-05,2026-03-06,1,603773,沃格光电,0
2026-03-11,2026-03-12,1,603773,沃格光电,0
2026-04-09,2026-04-10,1,603773,沃格光电,1
2026-04-10,2026-04-13,2,603773,沃格光电,0
2026-04-15,2026-04-16,1,603773,沃格光电,0
2026-04-17,2026-04-20,1,603773,沃格光电,1
2026-04-20,2026-04-21,2,603773,沃格光电,0
2026-04-22,2026-04-23,1,603773,沃格光电,0
2026-04-27,2026-04-28,1,603773,沃格光电,0
2026-04-29,2026-04-30,1,603773,沃格光电,0
2026-05-11,2026-05-12,1,603773,沃格光电,0
2026-05-20,2026-05-21,1,603773,沃格光电,0
2026-05-26,2026-05-27,1,603773,沃格光电,0
2026-05-28,2026-05-29,1,603773,沃格光电,0
2026-06-01,2026-06-02,1,603773,沃格光电,0
2026-06-09,2026-06-10,1,603773,沃格光电,0
2026-06-16,2026-06-17,1,603773,沃格光电,1
2026-06-17,2026-06-18,2,603773,沃格光电,0
2026-07-21,2026-07-22,1,603773,沃格光电,0
2026-08-04,2026-08-05,1,603773,沃格光电,1
2026-08-05,2026-08-06,2,603773,沃格光电,1
2026-08-06,2026-08-07,3,603773,沃格光电,1
2026-08-07,2026-08-10,4,603773,沃格光电,0
2026-08-17,2026-08-18,1,603773,沃格光电,0
2026-04-01,2026-04-02,1,002579,中京电子,0
2026-05-26,2026-05-27,1,002579,中京电子,1
2026-05-27,2026-05-28,2,002579,中京电子,1
2026-05-28,2026-05-29,3,002579,中京电子,0
2026-06-01,2026-06-02,1,002579,中京电子,1
2026-06-02,2026-06-03,2,002579,中京电子,0
2026-06-17,2026-06-18,1,002579,中京电子,1
2026-06-18,2026-06-22,2,002579,中京电子,0
2026-06-25,2026-06-26,1,002579,中京电子,0
2026-07-09,2026-07-10,1,002579,中京电子,0
2026-08-04,2026-08-05,1,002579,中京电子,1
2026-08-05,2026-08-06,2,002579,中京电子,0
2026-08-20,2026-08-21,1,002579,中京电子,0
2026-09-07,2026-09-08,1,002579,中京电子,1
2026-09-08,2026-09-09,2,002579,中京电子,0
2026-09-14,2026-09-15,1,002579,中京电子,0
2026-07-27,2026-07-28,1,603402,陕西旅游,0
2026-09-18,2026-09-21,1,603402,陕西旅游,0
2026-01-15,2026-01-16,1,600593,大连圣亚,0
2026-01-19,2026-01-20,1,600593,大连圣亚,0
2026-06-10,2026-06-11,1,600593,大连圣亚,0
2026-09-17,2026-09-18,1,600593,大连圣亚,0
2026-09-21,2026-09-22,1,600593,大连圣亚,0
2026-02-09,2026-02-10,1,605060,联德股份,1
2026-02-10,2026-02-11,2,605060,联德股份,0
2026-04-08,2026-04-09,1,605060,联德股份,0
2026-04-10,2026-04-13,1,605060,联德股份,0
2026-04-16,2026-04-17,1,605060,联德股份,0
2026-05-06,2026-05-07,1,605060,联德股份,0
2026-06-04,2026-06-05,1,605060,联德股份,0
2026-06-29,2026-06-30,1,605060,联德股份,0
2026-08-17,2026-08-18,1,605060,联德股份,0
2026-04-10,2026-04-13,1,600876,凯盛新能,0
2026-06-17,2026-06-18,1,600876,凯盛新能,0
2026-09-10,2026-09-11,1,600876,凯盛新能,1
2026-09-11,2026-09-14,2,600876,凯盛新能,1
2026-09-14,2026-09-15,3,600876,凯盛新能,0
2026-02-25,2026-02-26,1,600110,诺德股份,0
2026-03-27,2026-03-30,1,600110,诺德股份,0
2026-04-07,2026-04-08,1,600110,诺德股份,0
2026-05-28,2026-05-29,1,600110,诺德股份,1
2026-05-29,2026-06-01,2,600110,诺德股份,0
2026-06-09,2026-06-10,1,600110,诺德股份,0
2026-06-15,2026-06-16,1,600110,诺德股份,1
2026-06-16,2026-06-17,2,600110,诺德股份,1
2026-06-17,2026-06-18,3,600110,诺德股份,0
2026-08-07,2026-08-10,1,600110,诺德股份,0
2026-08-21,2026-08-24,1,600110,诺德股份,0
2026-08-31,2026-09-01,1,600110,诺德股份,0
2026-09-15,2026-09-16,1,600110,诺德股份,0
2026-06-30,2026-07-01,1,002779,中坚科技,0
2026-08-04,2026-08-05,1,002779,中坚科技,0
2026-04-07,2026-04-08,1,000019,深粮控股,0
2026-08-18,2026-08-19,1,000019,深粮控股,0
2026-09-01,2026-09-02,1,000019,深粮控股,0
2026-09-09,2026-09-10,1,000019,深粮控股,0
2026-05-14,2026-05-15,1,002617,露笑科技,0
2026-09-16,2026-09-17,1,002617,露笑科技,0
2026-03-09,2026-03-10,1,002730,电光科技,0
2026-03-25,2026-03-26,1,002730,电光科技,0
2026-04-01,2026-04-02,1,002730,电光科技,0
2026-06-15,2026-06-16,1,002730,电光科技,0
2026-09-16,2026-09-17,1,002730,电光科技,0
2026-03-31,2026-04-01,1,600894,广日股份,0
2026-09-21,2026-09-22,1,600894,广日股份,0
2026-03-02,2026-03-03,1,002536,飞龙股份,0
2026-03-10,2026-03-11,1,002536,飞龙股份,0
2026-04-08,2026-04-09,1,002536,飞龙股份,1
2026-04-09,2026-04-10,2,002536,飞龙股份,0
2026-04-20,2026-04-21,1,002536,飞龙股份,0
2026-05-08,2026-05-11,1,002536,飞龙股份,0
2026-06-24,2026-06-25,1,002536,飞龙股份,0
2026-07-03,2026-07-06,1,002536,飞龙股份,0
2026-07-14,2026-07-15,1,002536,飞龙股份,0
2026-08-04,2026-08-05,1,002536,飞龙股份,1
2026-08-05,2026-08-06,2,002536,飞龙股份,0
2026-08-21,2026-08-24,1,002536,飞龙股份,0
2026-08-27,2026-08-28,1,002536,飞龙股份,0
2026-09-02,2026-09-03,1,002536,飞龙股份,0
2026-05-25,2026-05-26,1,603730,岱美股份,0
2026-07-03,2026-07-06,1,603730,岱美股份,0
2026-07-14,2026-07-15,1,603730,岱美股份,0
2026-02-10,2026-02-11,1,002723,小崧股份,1
2026-02-11,2026-02-12,2,002723,小崧股份,0
2026-05-14,2026-05-15,1,002723,小崧股份,0
2026-01-20,2026-01-21,1,603421,鼎信通讯,0
2026-03-10,2026-03-11,1,603421,鼎信通讯,1
2026-03-11,2026-03-12,2,603421,鼎信通讯,0
2026-03-16,2026-03-17,1,603421,鼎信通讯,0
2026-03-24,2026-03-25,1,603421,鼎信通讯,0
2026-04-07,2026-04-08,1,603421,鼎信通讯,0
2026-08-06,2026-08-07,1,603421,鼎信通讯,0
2026-09-09,2026-09-10,1,603421,鼎信通讯,1
2026-09-10,2026-09-11,2,603421,鼎信通讯,1
2026-09-11,2026-09-14,3,603421,鼎信通讯,0
2026-01-06,2026-01-07,1,600707,彩虹股份,0
2026-04-09,2026-04-10,1,600707,彩虹股份,1
2026-04-10,2026-04-13,2,600707,彩虹股份,0
2026-04-17,2026-04-20,1,600707,彩虹股份,1
2026-04-20,2026-04-21,2,600707,彩虹股份,0
2026-04-27,2026-04-28,1,600707,彩虹股份,0
2026-05-07,2026-05-08,1,600707,彩虹股份,0
2026-05-13,2026-05-14,1,600707,彩虹股份,0
2026-05-21,2026-05-22,1,600707,彩虹股份,0
2026-06-16,2026-06-17,1,600707,彩虹股份,1
2026-06-17,2026-06-18,2,600707,彩虹股份,0
2026-06-23,2026-06-24,1,600707,彩虹股份,0
2026-06-29,2026-06-30,1,600707,彩虹股份,1
2026-06-30,2026-07-01,2,600707,彩虹股份,0
2026-08-18,2026-08-19,1,600707,彩虹股份,0
2026-03-24,2026-03-25,1,600184,光电股份,0
2026-03-31,2026-04-01,1,600184,光电股份,0
2026-04-20,2026-04-21,1,600184,光电股份,0
2026-04-22,2026-04-23,1,600184,光电股份,0
2026-05-11,2026-05-12,1,600184,光电股份,0
2026-06-25,2026-06-26,1,600184,光电股份,0
2026-06-30,2026-07-01,1,600184,光电股份,0
2026-09-11,2026-09-14,1,600184,光电股份,0
2026-06-16,2026-06-17,1,002047,宝鹰股份,0
2026-06-23,2026-06-24,1,002047,宝鹰股份,0
2026-08-11,2026-08-12,1,002047,宝鹰股份,1
2026-08-12,2026-08-13,2,002047,宝鹰股份,0
2026-08-26,2026-08-27,1,002047,宝鹰股份,0
2026-04-09,2026-04-10,1,002947,恒铭达,0
2026-05-25,2026-05-26,1,002947,恒铭达,0
2026-08-25,2026-08-26,1,002947,恒铭达,0
2026-03-24,2026-03-25,1,002265,建设工业,0
2026-03-27,2026-03-30,1,002265,建设工业,0
2026-07-24,2026-07-27,1,002265,建设工业,0
2026-09-02,2026-09-03,1,002265,建设工业,0
2026-04-15,2026-04-16,1,002468,申通快递,1
2026-04-16,2026-04-17,2,002468,申通快递,0
2026-07-01,2026-07-02,1,002468,申通快递,0
2026-01-23,2026-01-26,1,600293,三峡新材,0
2026-06-04,2026-06-05,1,600293,三峡新材,1
2026-06-05,2026-06-08,2,600293,三峡新材,0
2026-06-15,2026-06-16,1,600293,三峡新材,0
2026-07-10,2026-07-13,1,600293,三峡新材,0
2026-07-14,2026-07-15,1,600293,三峡新材,0
2026-09-17,2026-09-18,1,600293,三峡新材,0
2026-06-17,2026-06-18,1,002161,远 望 谷,0
2026-07-01,2026-07-02,1,002161,远 望 谷,0
2026-09-11,2026-09-14,1,002161,远 望 谷,0
2026-09-16,2026-09-17,1,002161,远 望 谷,0
2026-09-18,2026-09-21,1,002161,远 望 谷,0
2025-12-26,2025-12-29,4,002201,九鼎新材,0
2026-01-08,2026-01-09,1,002201,九鼎新材,0
2026-01-14,2026-01-15,1,002201,九鼎新材,0
2026-01-19,2026-01-20,1,002201,九鼎新材,1
2026-01-20,2026-01-21,2,002201,九鼎新材,0
2026-01-22,2026-01-23,1,002201,九鼎新材,0
2026-01-26,2026-01-27,1,002201,九鼎新材,0
2026-04-21,2026-04-22,1,002201,九鼎新材,1
2026-04-22,2026-04-23,2,002201,九鼎新材,0
2026-06-17,2026-06-18,1,002201,九鼎新材,0
2026-09-02,2026-09-03,1,002201,九鼎新材,0
2026-09-10,2026-09-11,1,002201,九鼎新材,1
2026-09-11,2026-09-14,2,002201,九鼎新材,0
2026-01-16,2026-01-19,1,605167,利柏特,0
2026-03-17,2026-03-18,1,605167,利柏特,0
2026-04-14,2026-04-15,1,605167,利柏特,0
2026-05-27,2026-05-28,1,605167,利柏特,0
2026-06-23,2026-06-24,1,605167,利柏特,0
2026-08-03,2026-08-04,1,605167,利柏特,1
2026-08-04,2026-08-05,2,605167,利柏特,0
2026-03-24,2026-03-25,1,000415,渤海租赁,0
2026-01-30,2026-02-02,1,600354,敦煌种业,0
2026-03-06,2026-03-09,1,600354,敦煌种业,0
2026-07-14,2026-07-15,1,600354,敦煌种业,0
2026-07-23,2026-07-24,1,600354,敦煌种业,0
2026-08-18,2026-08-19,1,600354,敦煌种业,0
2026-08-28,2026-08-31,1,600354,敦煌种业,0
2026-09-01,2026-09-02,1,600354,敦煌种业,0
2026-09-04,2026-09-07,1,600354,敦煌种业,1
2026-09-07,2026-09-08,2,600354,敦煌种业,1
2026-09-08,2026-09-09,3,600354,敦煌种业,0
2026-09-17,2026-09-18,1,600354,敦煌种业,0
2026-07-15,2026-07-16,1,003010,若羽臣,0
2026-08-20,2026-08-21,1,003010,若羽臣,0
2025-12-30,2025-12-31,1,001208,华菱线缆,0
2026-01-08,2026-01-09,1,001208,华菱线缆,0
2026-04-15,2026-04-16,1,001208,华菱线缆,0
2026-07-08,2026-07-09,1,001208,华菱线缆,0
2026-07-10,2026-07-13,1,001208,华菱线缆,0
2026-07-23,2026-07-24,1,001208,华菱线缆,0
2026-08-03,2026-08-04,1,001208,华菱线缆,0
2026-02-03,2026-02-04,1,000039,中集集团,1
2026-02-04,2026-02-05,2,000039,中集集团,0
2026-02-26,2026-02-27,1,000039,中集集团,0
2026-04-29,2026-04-30,1,000039,中集集团,0
2026-03-13,2026-03-16,1,601218,吉鑫科技,0
2026-03-19,2026-03-20,1,601218,吉鑫科技,0
2026-07-27,2026-07-28,1,601218,吉鑫科技,0
2026-09-15,2026-09-16,1,601218,吉鑫科技,0
2026-09-17,2026-09-18,1,601218,吉鑫科技,0
2025-12-26,2025-12-29,1,603680,今创集团,0
2026-01-28,2026-01-29,1,603680,今创集团,0
2026-04-24,2026-04-27,1,603680,今创集团,0
2026-07-23,2026-07-24,1,603680,今创集团,0
2026-03-13,2026-03-16,1,002669,康达新材,0
2026-05-28,2026-05-29,1,002669,康达新材,0
2026-06-09,2026-06-10,1,002669,康达新材,1
2026-06-10,2026-06-11,2,002669,康达新材,0
2026-07-21,2026-07-22,1,002669,康达新材,0
2026-09-14,2026-09-15,1,002669,康达新材,0
2026-05-11,2026-05-12,1,000739,普洛药业,0
2026-08-04,2026-08-05,1,000739,普洛药业,0
2026-08-07,2026-08-10,1,000739,普洛药业,0
2026-01-27,2026-01-28,1,603663,三祥新材,0
2026-02-06,2026-02-09,1,603663,三祥新材,0
2026-05-20,2026-05-21,1,603663,三祥新材,0
2026-05-22,2026-05-25,1,603663,三祥新材,1
2026-05-25,2026-05-26,2,603663,三祥新材,0
2026-05-27,2026-05-28,1,603663,三祥新材,0
2026-06-03,2026-06-04,1,603663,三祥新材,0
2026-06-09,2026-06-10,1,603663,三祥新材,0
2026-06-16,2026-06-17,1,603663,三祥新材,0
2026-06-18,2026-06-22,1,603663,三祥新材,1
2026-06-22,2026-06-23,2,603663,三祥新材,0
2026-07-21,2026-07-22,1,603663,三祥新材,0
2026-08-05,2026-08-06,1,603663,三祥新材,0
2026-09-21,2026-09-22,1,603663,三祥新材,0
2026-01-05,2026-01-06,1,601133,柏诚系统股份公司,0
2026-01-16,2026-01-19,1,601133,柏诚系统股份公司,0
2026-01-30,2026-02-02,1,601133,柏诚系统股份公司,0
2026-03-25,2026-03-26,1,601133,柏诚系统股份公司,0
2026-04-01,2026-04-02,1,601133,柏诚系统股份公司,0
2026-04-07,2026-04-08,1,601133,柏诚系统股份公司,0
2026-04-09,2026-04-10,1,601133,柏诚系统股份公司,0
2026-05-15,2026-05-18,1,601133,柏诚系统股份公司,1
2026-05-18,2026-05-19,2,601133,柏诚系统股份公司,0
2026-05-20,2026-05-21,1,601133,柏诚系统股份公司,0
2026-06-15,2026-06-16,1,601133,柏诚系统股份公司,0
2026-06-24,2026-06-25,1,601133,柏诚系统股份公司,0
2026-06-26,2026-06-29,1,601133,柏诚系统股份公司,1
2026-06-29,2026-06-30,2,601133,柏诚系统股份公司,0
2026-09-18,2026-09-21,1,601133,柏诚系统股份公司,0
2026-03-19,2026-03-20,1,002902,铭普光磁,0
2026-03-25,2026-03-26,1,002902,铭普光磁,1
2026-03-26,2026-03-27,2,002902,铭普光磁,0
2026-04-01,2026-04-02,1,002902,铭普光磁,0
2026-04-08,2026-04-09,1,002902,铭普光磁,0
2026-04-13,2026-04-14,1,002902,铭普光磁,0
2026-04-27,2026-04-28,1,002902,铭普光磁,1
2026-04-28,2026-04-29,2,002902,铭普光磁,0
2026-05-08,2026-05-11,1,002902,铭普光磁,0
2026-06-30,2026-07-01,1,002902,铭普光磁,0
2026-08-03,2026-08-04,1,002902,铭普光磁,0
2026-09-07,2026-09-08,1,002902,铭普光磁,0
2026-09-11,2026-09-14,1,002902,铭普光磁,0
2026-03-13,2026-03-16,1,603558,健盛集团,0
2026-07-15,2026-07-16,1,000935,四川双马,0
2026-01-14,2026-01-15,1,002218,拓日新能,1
2026-01-15,2026-01-16,2,002218,拓日新能,0
2026-01-23,2026-01-26,1,002218,拓日新能,1
2026-01-26,2026-01-27,2,002218,拓日新能,1
2026-01-27,2026-01-28,3,002218,拓日新能,0
2026-02-04,2026-02-05,1,002218,拓日新能,0
2026-02-09,2026-02-10,1,002218,拓日新能,0
2026-03-23,2026-03-24,1,002218,拓日新能,1
2026-03-24,2026-03-25,2,002218,拓日新能,0
2026-03-31,2026-04-01,1,002218,拓日新能,0
2026-04-28,2026-04-29,1,002218,拓日新能,0
2026-07-23,2026-07-24,1,002218,拓日新能,1
2026-07-24,2026-07-27,2,002218,拓日新能,0
2026-09-11,2026-09-14,1,002218,拓日新能,0
2026-02-09,2026-02-10,1,600751,海航科技,0
2026-03-16,2026-03-17,1,600751,海航科技,0
2026-01-19,2026-01-20,1,000534,万泽股份,0
2026-02-03,2026-02-04,1,000534,万泽股份,0
2026-02-26,2026-02-27,1,000534,万泽股份,0
2026-03-06,2026-03-09,1,000534,万泽股份,1
2026-03-09,2026-03-10,2,000534,万泽股份,0
2026-04-01,2026-04-02,1,000534,万泽股份,0
2026-04-08,2026-04-09,1,000534,万泽股份,0
2026-04-10,2026-04-13,1,000534,万泽股份,0
2026-06-18,2026-06-22,1,000534,万泽股份,0
2026-01-19,2026-01-20,1,600163,中闽能源,0
2026-03-25,2026-03-26,1,600163,中闽能源,1
2026-03-26,2026-03-27,2,600163,中闽能源,0
2026-06-12,2026-06-15,1,600163,中闽能源,0
2026-09-15,2026-09-16,1,600163,中闽能源,0
2026-02-26,2026-02-27,1,600343,航天动力,0
2026-03-30,2026-03-31,1,600343,航天动力,0
2026-05-08,2026-05-11,1,600343,航天动力,0
2026-06-26,2026-06-29,1,600343,航天动力,0
2026-07-10,2026-07-13,1,600343,航天动力,0
2026-07-23,2026-07-24,1,600343,航天动力,0
2026-09-18,2026-09-21,1,600343,航天动力,0
2026-01-28,2026-01-29,1,002724,海洋王,0
2026-03-16,2026-03-17,1,002724,海洋王,0
2026-08-13,2026-08-14,1,002724,海洋王,1
2026-08-14,2026-08-17,2,002724,海洋王,0
2026-09-16,2026-09-17,1,002724,海洋王,0
2026-09-21,2026-09-22,1,002724,海洋王,0
2026-04-13,2026-04-14,1,002321,华英农业,0
2026-09-17,2026-09-18,1,002321,华英农业,0
2026-09-21,2026-09-22,1,002321,华英农业,0
2026-05-06,2026-05-07,1,600790,轻纺城,0
2026-01-05,2026-01-06,1,603061,金海通股份,1
2026-01-06,2026-01-07,2,603061,金海通股份,0
2026-01-16,2026-01-19,1,603061,金海通股份,1
2026-01-19,2026-01-20,2,603061,金海通股份,0
2026-01-27,2026-01-28,1,603061,金海通股份,0
2026-03-30,2026-03-31,1,603061,金海通股份,0
2026-04-09,2026-04-10,1,603061,金海通股份,0
2026-04-14,2026-04-15,1,603061,金海通股份,0
2026-05-11,2026-05-12,1,603061,金海通股份,1
2026-05-12,2026-05-13,2,603061,金海通股份,0
2026-05-20,2026-05-21,1,603061,金海通股份,0
2026-06-24,2026-06-25,1,603061,金海通股份,0
2026-06-29,2026-06-30,1,603061,金海通股份,1
2026-06-30,2026-07-01,2,603061,金海通股份,0
2026-07-09,2026-07-10,1,603061,金海通股份,0
2026-07-21,2026-07-22,1,603061,金海通股份,0
2026-08-04,2026-08-05,1,603061,金海通股份,1
2026-08-05,2026-08-06,2,603061,金海通股份,0
2026-04-07,2026-04-08,1,603637,镇海股份,0
2026-04-22,2026-04-23,1,603637,镇海股份,0
2026-06-17,2026-06-18,1,603637,镇海股份,0
2026-07-31,2026-08-03,1,603637,镇海股份,0
2026-08-20,2026-08-21,1,603637,镇海股份,0
2026-08-25,2026-08-26,1,603637,镇海股份,0
2026-01-22,2026-01-23,1,002297,博云新材,0
2026-04-13,2026-04-14,1,002297,博云新材,1
2026-04-14,2026-04-15,2,002297,博云新材,1
2026-04-15,2026-04-16,3,002297,博云新材,1
2026-04-16,2026-04-17,4,002297,博云新材,1
2026-04-17,2026-04-20,5,002297,博云新材,1
2026-04-20,2026-04-21,6,002297,博云新材,0
2026-04-23,2026-04-24,1,002297,博云新材,0
2026-04-28,2026-04-29,1,002297,博云新材,0
2026-05-25,2026-05-26,1,002297,博云新材,0
2026-06-18,2026-06-22,1,002297,博云新材,1
2026-06-22,2026-06-23,2,002297,博云新材,0
2026-09-02,2026-09-03,1,002297,博云新材,1
2026-09-03,2026-09-04,2,002297,博云新材,0
2026-01-13,2026-01-14,1,002172,澳洋健康,0
2026-08-12,2026-08-13,1,002172,澳洋健康,1
2026-08-13,2026-08-14,2,002172,澳洋健康,1
2026-08-14,2026-08-17,3,002172,澳洋健康,1
2026-08-17,2026-08-18,4,002172,澳洋健康,0
2026-08-20,2026-08-21,1,002172,澳洋健康,0
2026-08-24,2026-08-25,1,002172,澳洋健康,0
2026-09-01,2026-09-02,1,002172,澳洋健康,0
2026-09-07,2026-09-08,1,002172,澳洋健康,1
2026-09-08,2026-09-09,2,002172,澳洋健康,0
2026-09-14,2026-09-15,1,002172,澳洋健康,0
2026-09-21,2026-09-22,1,002172,澳洋健康,0
2026-06-23,2026-06-24,1,000882,华联股份,0
2026-06-22,2026-06-23,1,002367,康力电梯,0
2026-06-24,2026-06-25,1,002367,康力电梯,0
2026-09-21,2026-09-22,1,002367,康力电梯,0
2026-04-27,2026-04-28,1,603228,景旺电子,0
2026-05-22,2026-05-25,1,603228,景旺电子,0
2026-07-27,2026-07-28,1,603228,景旺电子,0
2026-08-06,2026-08-07,1,603228,景旺电子,1
2026-08-07,2026-08-10,2,603228,景旺电子,0
2026-08-12,2026-08-13,1,603228,景旺电子,0
2026-09-07,2026-09-08,1,603228,景旺电子,0
2026-08-10,2026-08-11,1,002622,皓宸医疗,0
2026-09-21,2026-09-22,1,002622,皓宸医疗,0
2026-01-19,2026-01-20,1,600382,广东明珠,0
2026-02-05,2026-02-06,1,600382,广东明珠,0
2026-05-21,2026-05-22,1,600382,广东明珠,0
2026-06-05,2026-06-08,1,600382,广东明珠,0
2026-01-16,2026-01-19,1,000720,新能泰山,1
2026-01-19,2026-01-20,2,000720,新能泰山,0
2026-03-06,2026-03-09,1,000720,新能泰山,0
2026-03-24,2026-03-25,1,000720,新能泰山,1
2026-03-25,2026-03-26,2,000720,新能泰山,1
2026-03-26,2026-03-27,3,000720,新能泰山,1
2026-03-27,2026-03-30,4,000720,新能泰山,0
2026-03-31,2026-04-01,1,000720,新能泰山,0
2026-04-02,2026-04-03,1,000720,新能泰山,1
2026-04-03,2026-04-07,2,000720,新能泰山,1
2026-04-07,2026-04-08,3,000720,新能泰山,0
2026-05-07,2026-05-08,1,000720,新能泰山,1
2026-05-08,2026-05-11,2,000720,新能泰山,0
2026-05-13,2026-05-14,1,000720,新能泰山,0
2026-05-28,2026-05-29,1,000720,新能泰山,0
2026-08-06,2026-08-07,1,000720,新能泰山,0
2026-08-12,2026-08-13,1,000720,新能泰山,0
2026-09-16,2026-09-17,1,000720,新能泰山,0
2026-02-24,2026-02-25,1,603685,晨丰科技,0
2026-03-17,2026-03-18,1,603685,晨丰科技,0
2026-05-26,2026-05-27,1,603685,晨丰科技,0
2026-08-31,2026-09-01,1,603685,晨丰科技,0
2026-01-28,2026-01-29,1,000962,东方钽业,0
2026-02-03,2026-02-04,1,000962,东方钽业,0
2026-02-11,2026-02-12,1,000962,东方钽业,1
2026-02-12,2026-02-13,2,000962,东方钽业,0
2026-02-25,2026-02-26,1,000962,东方钽业,0
2026-04-08,2026-04-09,1,000962,东方钽业,0
2026-05-18,2026-05-19,1,000962,东方钽业,0
2026-05-22,2026-05-25,1,000962,东方钽业,0
2026-06-22,2026-06-23,1,000962,东方钽业,0
2026-06-25,2026-06-26,1,000962,东方钽业,0
2026-08-04,2026-08-05,1,000962,东方钽业,1
2026-08-05,2026-08-06,2,000962,东方钽业,0
2026-08-27,2026-08-28,1,000962,东方钽业,0
2026-09-14,2026-09-15,1,000962,东方钽业,0
2026-06-04,2026-06-05,1,000520,凤凰航运,1
2026-06-05,2026-06-08,2,000520,凤凰航运,0
2026-06-15,2026-06-16,1,000520,凤凰航运,0
2026-07-01,2026-07-02,1,000520,凤凰航运,1
2026-07-02,2026-07-03,2,000520,凤凰航运,0
2026-08-17,2026-08-18,1,000520,凤凰航运,0
2026-08-20,2026-08-21,1,000520,凤凰航运,0
2026-05-06,2026-05-07,1,002245,蔚蓝锂芯,0
2026-05-22,2026-05-25,1,002245,蔚蓝锂芯,0
2026-05-26,2026-05-27,1,002245,蔚蓝锂芯,0
2026-07-06,2026-07-07,1,002245,蔚蓝锂芯,0
2026-07-14,2026-07-15,1,002245,蔚蓝锂芯,0
2026-07-21,2026-07-22,1,002245,蔚蓝锂芯,0
2026-03-03,2026-03-04,1,601022,宁波远洋,0
2026-06-15,2026-06-16,1,601022,宁波远洋,0
2026-01-07,2026-01-08,1,605288,凯迪股份,0
2026-01-09,2026-01-12,1,605288,凯迪股份,0
2026-01-27,2026-01-28,1,605288,凯迪股份,0
2026-02-03,2026-02-04,1,605288,凯迪股份,0
2026-05-19,2026-05-20,1,605288,凯迪股份,1
2026-05-20,2026-05-21,2,605288,凯迪股份,0
2026-06-02,2026-06-03,1,605288,凯迪股份,0
2026-06-15,2026-06-16,1,605288,凯迪股份,0
2026-07-21,2026-07-22,1,605288,凯迪股份,0
2026-07-23,2026-07-24,1,605288,凯迪股份,0
2026-08-03,2026-08-04,1,605288,凯迪股份,0
2026-08-11,2026-08-12,1,605288,凯迪股份,0
2026-08-27,2026-08-28,1,605288,凯迪股份,0
2026-09-03,2026-09-04,1,605288,凯迪股份,0
2026-09-17,2026-09-18,1,605288,凯迪股份,0
2026-05-20,2026-05-21,1,003004,声迅股份,1
2026-05-21,2026-05-22,2,003004,声迅股份,0
2026-05-26,2026-05-27,1,003004,声迅股份,0
2026-06-01,2026-06-02,1,003004,声迅股份,0
2026-06-29,2026-06-30,1,003004,声迅股份,0
2026-07-07,2026-07-08,1,003004,声迅股份,0
2026-01-21,2026-01-22,1,603991,领先股份,0
2026-06-01,2026-06-02,1,603991,领先股份,0
2026-06-11,2026-06-12,1,603991,领先股份,0
2026-06-18,2026-06-22,1,603991,领先股份,0
2026-06-30,2026-07-01,1,603991,领先股份,1
2026-07-01,2026-07-02,2,603991,领先股份,0
2026-07-09,2026-07-10,1,603991,领先股份,0
2026-01-06,2026-01-07,1,600869,远东股份,1
2026-01-07,2026-01-08,2,600869,远东股份,1
2026-01-08,2026-01-09,3,600869,远东股份,0
2026-01-28,2026-01-29,1,600869,远东股份,0
2026-02-03,2026-02-04,1,600869,远东股份,0
2026-04-03,2026-04-07,1,600869,远东股份,0
2026-04-08,2026-04-09,1,600869,远东股份,0
2026-04-22,2026-04-23,1,600869,远东股份,0
2026-05-11,2026-05-12,1,600869,远东股份,1
2026-05-12,2026-05-13,2,600869,远东股份,0
2026-05-29,2026-06-01,1,600869,远东股份,0
2026-06-02,2026-06-03,1,600869,远东股份,0
2026-06-12,2026-06-15,1,600869,远东股份,0
2026-06-22,2026-06-23,1,600869,远东股份,0
2026-09-02,2026-09-03,1,600869,远东股份,0
2026-09-09,2026-09-10,1,600869,远东股份,0
2026-06-30,2026-07-01,1,000829,天音控股,0
2026-07-16,2026-07-17,1,000829,天音控股,0
2026-09-21,2026-09-22,1,000829,天音控股,0
2026-03-12,2026-03-13,1,002487,大金重工,1
2026-03-13,2026-03-16,2,002487,大金重工,0
2026-04-17,2026-04-20,1,002487,大金重工,0
2026-09-15,2026-09-16,1,002487,大金重工,0
2026-07-02,2026-07-03,1,002596,海南瑞泽,0
2026-07-23,2026-07-24,1,002596,海南瑞泽,0
2026-06-04,2026-06-05,1,603500,祥和实业,1
2026-06-05,2026-06-08,2,603500,祥和实业,1
2026-06-08,2026-06-09,3,603500,祥和实业,0
2026-06-25,2026-06-26,1,603500,祥和实业,0
2026-01-07,2026-01-08,1,002541,鸿路钢构,0
2026-08-10,2026-08-11,1,002541,鸿路钢构,0
2026-01-20,2026-01-21,1,002584,西陇科学,0
2026-06-09,2026-06-10,1,002584,西陇科学,0
2026-06-23,2026-06-24,1,002584,西陇科学,1
2026-06-24,2026-06-25,2,002584,西陇科学,0
2026-07-02,2026-07-03,1,002584,西陇科学,0
2026-09-15,2026-09-16,1,002584,西陇科学,1
2026-09-16,2026-09-17,2,002584,西陇科学,0
2026-05-28,2026-05-29,1,603050,科林电气,0
2026-07-23,2026-07-24,1,603050,科林电气,0
2026-01-07,2026-01-08,1,603650,彤程新材,1
2026-01-08,2026-01-09,2,603650,彤程新材,0
2026-01-15,2026-01-16,1,603650,彤程新材,0
2026-06-24,2026-06-25,1,603650,彤程新材,0
2026-06-26,2026-06-29,1,603650,彤程新材,1
2026-06-29,2026-06-30,2,603650,彤程新材,0
2026-09-09,2026-09-10,1,603650,彤程新材,0
2026-01-09,2026-01-12,1,600410,华胜天成,0
2026-01-14,2026-01-15,1,600410,华胜天成,1
2026-01-15,2026-01-16,2,600410,华胜天成,0
2026-02-03,2026-02-04,1,600410,华胜天成,0
2026-02-13,2026-02-24,1,600410,华胜天成,0
2026-02-26,2026-02-27,1,600410,华胜天成,0
2026-07-10,2026-07-13,1,600410,华胜天成,0
2026-08-04,2026-08-05,1,600410,华胜天成,0
2026-09-01,2026-09-02,1,600410,华胜天成,0
2026-09-11,2026-09-14,1,600410,华胜天成,0
2026-01-30,2026-02-02,1,600371,万向德农,0
2026-08-18,2026-08-19,1,600371,万向德农,1
2026-08-19,2026-08-20,2,600371,万向德农,0
2026-08-25,2026-08-26,1,600371,万向德农,1
2026-08-26,2026-08-27,2,600371,万向德农,1
2026-08-27,2026-08-28,3,600371,万向德农,1
2026-08-28,2026-08-31,4,600371,万向德农,1
2026-08-31,2026-09-01,5,600371,万向德农,1
2026-09-01,2026-09-02,6,600371,万向德农,0
2026-09-07,2026-09-08,1,600371,万向德农,0
2026-09-16,2026-09-17,1,600371,万向德农,1
2026-09-17,2026-09-18,2,600371,万向德农,0
2026-01-09,2026-01-12,1,001373,翔腾新材,0
2026-01-22,2026-01-23,1,001373,翔腾新材,0
2026-09-21,2026-09-22,1,001373,翔腾新材,0
2025-12-26,2025-12-29,1,002471,中超控股,1
2025-12-29,2025-12-30,2,002471,中超控股,0
2026-01-06,2026-01-07,1,002471,中超控股,0
2026-01-12,2026-01-13,1,002471,中超控股,0
2026-01-22,2026-01-23,1,002471,中超控股,1
2026-01-23,2026-01-26,2,002471,中超控股,0
2026-02-02,2026-02-03,1,002471,中超控股,1
2026-02-03,2026-02-04,2,002471,中超控股,0
2026-02-09,2026-02-10,1,002471,中超控股,0
2026-03-05,2026-03-06,1,002471,中超控股,0
2026-03-26,2026-03-27,1,002471,中超控股,0
2026-06-05,2026-06-08,1,002471,中超控股,0
2026-07-03,2026-07-06,1,002471,中超控股,0
2026-08-03,2026-08-04,1,002471,中超控股,0
2026-09-18,2026-09-21,1,002471,中超控股,0
2026-02-05,2026-02-06,1,600156,华升股份,0
2026-04-10,2026-04-13,1,600156,华升股份,0
2026-04-16,2026-04-17,1,600156,华升股份,1
2026-04-17,2026-04-20,2,600156,华升股份,1
2026-04-20,2026-04-21,3,600156,华升股份,0
2026-04-28,2026-04-29,1,600156,华升股份,1
2026-04-29,2026-04-30,2,600156,华升股份,0
2026-05-13,2026-05-14,1,600156,华升股份,1
2026-05-14,2026-05-15,2,600156,华升股份,0
2026-05-21,2026-05-22,1,600156,华升股份,0
2026-06-01,2026-06-02,1,600156,华升股份,0
2026-07-02,2026-07-03,1,600156,华升股份,0
2026-08-06,2026-08-07,1,600156,华升股份,0
2026-07-01,2026-07-02,1,600233,圆通速递,0
2026-06-04,2026-06-05,1,002981,朝阳科技,0
2026-07-01,2026-07-02,1,002981,朝阳科技,0
2026-07-03,2026-07-06,1,002981,朝阳科技,0
2026-04-24,2026-04-27,1,603819,神力股份,0
2026-06-01,2026-06-02,1,603819,神力股份,0
2026-07-06,2026-07-07,1,603819,神力股份,0
2026-09-21,2026-09-22,1,603819,神力股份,0
2026-03-27,2026-03-30,1,002042,华孚时尚,0
2026-04-08,2026-04-09,1,002042,华孚时尚,0
2026-07-06,2026-07-07,1,002042,华孚时尚,0
2026-09-21,2026-09-22,1,002042,华孚时尚,0
2026-05-18,2026-05-19,1,002121,科陆电子,0
2026-05-22,2026-05-25,1,002121,科陆电子,0
2026-07-10,2026-07-13,1,002121,科陆电子,0
2026-04-29,2026-04-30,1,600606,绿地控股,0
2026-09-18,2026-09-21,1,600606,绿地控股,1
2026-09-21,2026-09-22,2,600606,绿地控股,0
2026-02-12,2026-02-13,1,600026,中远海能,0
2026-02-24,2026-02-25,1,600026,中远海能,0
2026-03-02,2026-03-03,1,600026,中远海能,1
2026-03-03,2026-03-04,2,600026,中远海能,0
2026-03-24,2026-03-25,1,600026,中远海能,0
2026-06-15,2026-06-16,1,600026,中远海能,0
2026-06-17,2026-06-18,1,600026,中远海能,0
2026-06-24,2026-06-25,1,600026,中远海能,0
2026-01-09,2026-01-12,1,000532,华金资本,0
2026-05-22,2026-05-25,1,000532,华金资本,0
2026-09-10,2026-09-11,1,000532,华金资本,0
2026-09-18,2026-09-21,1,000532,华金资本,1
2026-09-21,2026-09-22,2,000532,华金资本,0
2026-02-27,2026-03-02,1,002980,华盛昌,1
2026-03-02,2026-03-03,2,002980,华盛昌,1
2026-03-03,2026-03-04,3,002980,华盛昌,0
2026-03-16,2026-03-17,1,002980,华盛昌,0
2026-03-30,2026-03-31,1,002980,华盛昌,0
2026-04-03,2026-04-07,1,002980,华盛昌,1
2026-04-07,2026-04-08,2,002980,华盛昌,0
2026-04-13,2026-04-14,1,002980,华盛昌,1
2026-04-14,2026-04-15,2,002980,华盛昌,1
2026-04-15,2026-04-16,3,002980,华盛昌,0
2026-04-17,2026-04-20,1,002980,华盛昌,0
2026-05-07,2026-05-08,1,002980,华盛昌,0
2026-05-14,2026-05-15,1,002980,华盛昌,0
2026-05-18,2026-05-19,1,002980,华盛昌,0
2026-05-22,2026-05-25,1,002980,华盛昌,1
2026-05-25,2026-05-26,2,002980,华盛昌,0
2026-06-02,2026-06-03,1,002980,华盛昌,0
2026-06-25,2026-06-26,1,002980,华盛昌,0
2026-07-15,2026-07-16,1,002980,华盛昌,0
2026-08-04,2026-08-05,1,002980,华盛昌,1
2026-08-05,2026-08-06,2,002980,华盛昌,0
2026-08-27,2026-08-28,1,002980,华盛昌,0
2026-09-03,2026-09-04,1,002980,华盛昌,0
2026-09-07,2026-09-08,1,002980,华盛昌,1
2026-09-08,2026-09-09,2,002980,华盛昌,0
2026-09-18,2026-09-21,1,002980,华盛昌,0
2026-01-30,2026-02-02,1,603618,杭电股份,1
2026-02-02,2026-02-03,2,603618,杭电股份,1
2026-02-03,2026-02-04,3,603618,杭电股份,1
2026-02-04,2026-02-05,4,603618,杭电股份,0
2026-02-06,2026-02-09,1,603618,杭电股份,1
2026-02-09,2026-02-10,2,603618,杭电股份,0
2026-02-27,2026-03-02,1,603618,杭电股份,0
2026-03-04,2026-03-05,1,603618,杭电股份,0
2026-03-18,2026-03-19,1,603618,杭电股份,0
2026-03-25,2026-03-26,1,603618,杭电股份,0
2026-03-27,2026-03-30,1,603618,杭电股份,1
2026-03-30,2026-03-31,2,603618,杭电股份,0
2026-04-22,2026-04-23,1,603618,杭电股份,1
2026-04-23,2026-04-24,2,603618,杭电股份,0
2026-05-06,2026-05-07,1,603618,杭电股份,1
2026-05-07,2026-05-08,2,603618,杭电股份,1
2026-05-08,2026-05-11,3,603618,杭电股份,0
2026-05-20,2026-05-21,1,603618,杭电股份,0
2026-05-29,2026-06-01,1,603618,杭电股份,0
2026-06-02,2026-06-03,1,603618,杭电股份,0
2026-06-15,2026-06-16,1,603618,杭电股份,1
2026-06-16,2026-06-17,2,603618,杭电股份,1
2026-06-17,2026-06-18,3,603618,杭电股份,0
2026-08-05,2026-08-06,1,603618,杭电股份,0
2026-08-14,2026-08-17,1,603618,杭电股份,0
2026-08-26,2026-08-27,1,603618,杭电股份,1
2026-08-27,2026-08-28,2,603618,杭电股份,0
2026-09-02,2026-09-03,1,603618,杭电股份,0
2026-02-04,2026-02-05,1,002300,太阳电缆,0
2026-03-09,2026-03-10,1,002300,太阳电缆,0
2026-04-20,2026-04-21,1,002300,太阳电缆,0
2026-05-12,2026-05-13,1,002300,太阳电缆,0
2026-07-23,2026-07-24,1,002300,太阳电缆,1
2026-07-24,2026-07-27,2,002300,太阳电缆,0
2026-08-10,2026-08-11,1,002300,太阳电缆,0
2026-09-02,2026-09-03,1,002300,太阳电缆,1
2026-09-03,2026-09-04,2,002300,太阳电缆,0
2026-09-16,2026-09-17,1,002300,太阳电缆,0
2026-09-18,2026-09-21,1,002300,太阳电缆,0
2026-04-27,2026-04-28,1,600400,红豆股份,0
2026-04-30,2026-05-06,1,600400,红豆股份,0
2026-06-22,2026-06-23,1,600400,红豆股份,1
2026-06-23,2026-06-24,2,600400,红豆股份,0
2026-09-07,2026-09-08,1,600400,红豆股份,0
2026-04-29,2026-04-30,1,002522,浙江众成,0
2026-05-12,2026-05-13,1,002522,浙江众成,0
2026-06-23,2026-06-24,1,002522,浙江众成,0
2026-07-27,2026-07-28,1,002522,浙江众成,0
2026-09-15,2026-09-16,1,002522,浙江众成,0
2026-03-25,2026-03-26,1,600191,华资实业,0
2026-05-22,2026-05-25,1,600191,华资实业,0
2026-07-28,2026-07-29,1,600191,华资实业,0
2026-01-14,2026-01-15,1,002353,杰瑞股份,0
2026-04-08,2026-04-09,1,002353,杰瑞股份,0
2026-05-06,2026-05-07,1,002353,杰瑞股份,0
2026-06-04,2026-06-05,1,002353,杰瑞股份,0
2026-07-03,2026-07-06,1,002353,杰瑞股份,0
2026-07-21,2026-07-22,1,002353,杰瑞股份,0
2026-07-23,2026-07-24,1,002353,杰瑞股份,0
2026-07-27,2026-07-28,1,002353,杰瑞股份,0
2026-08-17,2026-08-18,1,002353,杰瑞股份,0
2026-02-24,2026-02-25,1,601975,招商南油,0
2026-03-02,2026-03-03,1,601975,招商南油,1
2026-03-03,2026-03-04,2,601975,招商南油,0
2026-03-16,2026-03-17,1,601975,招商南油,0
2026-03-24,2026-03-25,1,601975,招商南油,0
2026-06-15,2026-06-16,1,601975,招商南油,0
2026-01-28,2026-01-29,1,002080,中材科技,0
2026-02-11,2026-02-12,1,002080,中材科技,1
2026-02-12,2026-02-13,2,002080,中材科技,0
2026-04-13,2026-04-14,1,002080,中材科技,0
2026-05-06,2026-05-07,1,002080,中材科技,0
2026-05-22,2026-05-25,1,002080,中材科技,0
2026-06-09,2026-06-10,1,002080,中材科技,0
2026-06-15,2026-06-16,1,002080,中材科技,1
2026-06-16,2026-06-17,2,002080,中材科技,1
2026-06-17,2026-06-18,3,002080,中材科技,0
2026-06-24,2026-06-25,1,002080,中材科技,1
2026-06-25,2026-06-26,2,002080,中材科技,0
2026-07-27,2026-07-28,1,002080,中材科技,0
2026-08-04,2026-08-05,1,002080,中材科技,1
2026-08-05,2026-08-06,2,002080,中材科技,0
2026-08-07,2026-08-10,1,002080,中材科技,0
2026-09-21,2026-09-22,1,002080,中材科技,0
2026-04-13,2026-04-14,1,002124,天邦食品,1
2026-04-14,2026-04-15,2,002124,天邦食品,1
2026-04-15,2026-04-16,3,002124,天邦食品,0
2026-05-11,2026-05-12,1,002124,天邦食品,0
2026-05-14,2026-05-15,1,002124,天邦食品,0
2026-07-01,2026-07-02,1,002124,天邦食品,0
2026-08-18,2026-08-19,1,002124,天邦食品,0
2026-09-04,2026-09-07,1,002124,天邦食品,0
2026-02-24,2026-02-25,1,603139,康惠股份,0
2026-03-03,2026-03-04,1,603139,康惠股份,0
2026-04-14,2026-04-15,1,603139,康惠股份,0
2026-04-29,2026-04-30,1,603139,康惠股份,0
2026-06-17,2026-06-18,1,603139,康惠股份,0
2026-07-31,2026-08-03,1,603139,康惠股份,0
2026-08-31,2026-09-01,1,603139,康惠股份,0
2026-01-29,2026-01-30,1,600059,古越龙山,0
2026-09-04,2026-09-07,1,600059,古越龙山,0
2026-09-16,2026-09-17,1,600059,古越龙山,0
2026-03-13,2026-03-16,1,002531,天顺风能,0
2026-09-10,2026-09-11,1,002531,天顺风能,0
2026-09-15,2026-09-16,1,002531,天顺风能,0
2026-04-28,2026-04-29,1,003026,中晶科技,0
2026-06-09,2026-06-10,1,003026,中晶科技,1
2026-06-10,2026-06-11,2,003026,中晶科技,0
2026-09-15,2026-09-16,1,003026,中晶科技,1
2026-09-16,2026-09-17,2,003026,中晶科技,1
2026-09-17,2026-09-18,3,003026,中晶科技,0
2026-06-12,2026-06-15,1,001233,海安集团,0
2026-09-18,2026-09-21,1,001233,海安集团,0
2026-02-12,2026-02-13,1,601872,招商轮船,0
2026-02-24,2026-02-25,1,601872,招商轮船,1
2026-02-25,2026-02-26,2,601872,招商轮船,0
2026-03-02,2026-03-03,1,601872,招商轮船,1
2026-03-03,2026-03-04,2,601872,招商轮船,0
2026-04-01,2026-04-02,1,601872,招商轮船,0
2026-06-15,2026-06-16,1,601872,招商轮船,0
2026-06-22,2026-06-23,1,601872,招商轮船,0
2026-06-24,2026-06-25,1,601872,招商轮船,0
2026-09-09,2026-09-10,1,601872,招商轮船,0
2026-09-17,2026-09-18,1,601872,招商轮船,0
2026-02-24,2026-02-25,1,603042,华脉科技,0
2026-03-25,2026-03-26,1,603042,华脉科技,0
2026-04-02,2026-04-03,1,603042,华脉科技,0
2026-04-07,2026-04-08,1,603042,华脉科技,0
2026-06-16,2026-06-17,1,603042,华脉科技,0
2026-07-14,2026-07-15,1,603042,华脉科技,0
2026-09-07,2026-09-08,1,603042,华脉科技,1
2026-09-08,2026-09-09,2,603042,华脉科技,1
2026-09-09,2026-09-10,3,603042,华脉科技,0
2026-09-16,2026-09-17,1,603042,华脉科技,0
2026-09-21,2026-09-22,1,603042,华脉科技,0
2026-01-06,2026-01-07,1,002836,新宏泽,0
2026-01-15,2026-01-16,1,002836,新宏泽,0
2026-09-17,2026-09-18,1,002836,新宏泽,1
2026-09-18,2026-09-21,2,002836,新宏泽,0
2025-12-26,2025-12-29,1,001376,百通能源,0
2026-01-15,2026-01-16,1,001376,百通能源,0
2026-01-19,2026-01-20,1,001376,百通能源,0
2026-01-22,2026-01-23,1,001376,百通能源,0
2026-01-28,2026-01-29,1,001376,百通能源,1
2026-01-29,2026-01-30,2,001376,百通能源,0
2026-02-11,2026-02-12,1,001376,百通能源,0
2026-03-25,2026-03-26,1,001376,百通能源,0
2026-05-26,2026-05-27,1,001376,百通能源,0
2026-06-04,2026-06-05,1,001376,百通能源,0
2026-07-28,2026-07-29,1,001376,百通能源,0
2026-08-10,2026-08-11,1,001376,百通能源,0
2026-08-28,2026-08-31,1,001376,百通能源,0
2026-09-18,2026-09-21,1,001376,百通能源,1
2026-09-21,2026-09-22,2,001376,百通能源,0
2026-01-16,2026-01-19,1,002028,思源电气,1
2026-01-19,2026-01-20,2,002028,思源电气,0
2026-08-17,2026-08-18,1,002028,思源电气,0
2026-05-12,2026-05-13,1,605198,安德利,0
2026-05-25,2026-05-26,1,605198,安德利,0
2026-06-12,2026-06-15,1,605198,安德利,1
2026-06-15,2026-06-16,2,605198,安德利,1
2026-06-16,2026-06-17,3,605198,安德利,1
2026-06-17,2026-06-18,4,605198,安德利,0
2026-07-24,2026-07-27,1,605198,安德利,0
2026-07-31,2026-08-03,1,605198,安德利,0
2026-08-24,2026-08-25,1,605198,安德利,0
2026-09-09,2026-09-10,1,605198,安德利,0
2026-09-17,2026-09-18,1,600448,华纺股份,1
2026-09-18,2026-09-21,2,600448,华纺股份,1
2026-09-21,2026-09-22,3,600448,华纺股份,0
2026-01-19,2026-01-20,1,603115,海星股份,0
2026-02-10,2026-02-11,1,603115,海星股份,0
2026-02-24,2026-02-25,1,603115,海星股份,0
2026-03-02,2026-03-03,1,603115,海星股份,0
2026-03-10,2026-03-11,1,603115,海星股份,0
2026-03-18,2026-03-19,1,603115,海星股份,0
2026-03-24,2026-03-25,1,603115,海星股份,0
2026-03-27,2026-03-30,1,603115,海星股份,0
2026-04-21,2026-04-22,1,603115,海星股份,1
2026-04-22,2026-04-23,2,603115,海星股份,0
2026-05-06,2026-05-07,1,603115,海星股份,0
2026-05-18,2026-05-19,1,603115,海星股份,1
2026-05-19,2026-05-20,2,603115,海星股份,0
2026-05-22,2026-05-25,1,603115,海星股份,0
2026-05-27,2026-05-28,1,603115,海星股份,0
2026-06-15,2026-06-16,1,603115,海星股份,1
2026-06-16,2026-06-17,2,603115,海星股份,1
2026-06-17,2026-06-18,3,603115,海星股份,0
2026-06-25,2026-06-26,1,603115,海星股份,0
2026-07-27,2026-07-28,1,603115,海星股份,0
2026-07-31,2026-08-03,1,603115,海星股份,0
2026-08-04,2026-08-05,1,603115,海星股份,1
2026-08-05,2026-08-06,2,603115,海星股份,0
2026-08-14,2026-08-17,1,603115,海星股份,0
2026-04-30,2026-05-06,1,002453,华软科技,1
2026-05-06,2026-05-07,2,002453,华软科技,0
2026-05-22,2026-05-25,1,002453,华软科技,0
2026-06-23,2026-06-24,1,002453,华软科技,0
2026-09-17,2026-09-18,1,002453,华软科技,1
2026-09-18,2026-09-21,2,002453,华软科技,1
2026-09-21,2026-09-22,3,002453,华软科技,0
2026-01-19,2026-01-20,1,002585,双星新材,0
2026-05-11,2026-05-12,1,002585,双星新材,0
2026-05-22,2026-05-25,1,002585,双星新材,1
2026-05-25,2026-05-26,2,002585,双星新材,1
2026-05-26,2026-05-27,3,002585,双星新材,0
2026-06-04,2026-06-05,1,002585,双星新材,0
2026-06-09,2026-06-10,1,002585,双星新材,1
2026-06-10,2026-06-11,2,002585,双星新材,0
2026-06-15,2026-06-16,1,002585,双星新材,1
2026-06-16,2026-06-17,2,002585,双星新材,0
2026-07-07,2026-07-08,1,002585,双星新材,0
2026-07-30,2026-07-31,1,002585,双星新材,0
2026-08-11,2026-08-12,1,002585,双星新材,0
2026-09-11,2026-09-14,1,002585,双星新材,1
2026-09-14,2026-09-15,2,002585,双星新材,1
2026-09-15,2026-09-16,3,002585,双星新材,0
2026-09-21,2026-09-22,1,002585,双星新材,0
2026-01-29,2026-01-30,1,600499,科达制造,0
2026-04-24,2026-04-27,1,600499,科达制造,0
2026-07-29,2026-07-30,1,600499,科达制造,0
2026-06-05,2026-06-08,1,000668,荣丰控股,0
2026-07-23,2026-07-24,1,000668,荣丰控股,1
2026-07-24,2026-07-27,2,000668,荣丰控股,0
2026-07-29,2026-07-30,1,000668,荣丰控股,0
2026-08-13,2026-08-14,1,000668,荣丰控股,0
2026-02-27,2026-03-02,1,603226,菲林格尔,0
2026-05-07,2026-05-08,1,603226,菲林格尔,0
2026-06-30,2026-07-01,1,603226,菲林格尔,0
2026-06-23,2026-06-24,1,002687,乔治白,1
2026-06-24,2026-06-25,2,002687,乔治白,0
2026-06-29,2026-06-30,1,002687,乔治白,0
2026-07-10,2026-07-13,1,002687,乔治白,0
2026-07-28,2026-07-29,1,002687,乔治白,0
2026-08-11,2026-08-12,1,002687,乔治白,0
2026-04-30,2026-05-06,1,603375,盛景微电子,0
2026-05-20,2026-05-21,1,603375,盛景微电子,0
2026-06-10,2026-06-11,1,603375,盛景微电子,0
2026-07-06,2026-07-07,1,603375,盛景微电子,0
2026-07-31,2026-08-03,1,603375,盛景微电子,0
2026-09-02,2026-09-03,1,603375,盛景微电子,0
2026-09-18,2026-09-21,1,603375,盛景微电子,0
